step,type,amount,nameOrig,nameDest,model_score,anomaly_score,decision_strict,decision_balanced,decision_lenient,decision,isFraud
334,TRANSFER,163849.02,C1072863299,C1212103389,0.124,0.0737,hold,allow,allow,allow,0
334,TRANSFER,2202748.03,C365634198,C197149032,0.4271,0.1696,hold,allow,allow,allow,0
334,TRANSFER,1382907.99,C2028088646,C826128066,0.2568,0.131,hold,allow,allow,allow,0
334,TRANSFER,7278928.8,C1094198866,C232812328,0.737,0.2481,escalate_to_human,escalate_to_human,allow,escalate_to_human,0
334,TRANSFER,386942.86,C1092946797,C1635424502,0.3074,0.0676,hold,allow,allow,allow,0
334,TRANSFER,5800925.68,C1088620882,C1380922009,0.1539,0.238,escalate_to_human,allow,allow,allow,0
334,TRANSFER,71361.25,C1071207450,C1464266678,0.4262,0.0974,hold,allow,allow,allow,0
334,TRANSFER,2090881.58,C1456451917,C1066933788,0.1533,0.1637,hold,allow,allow,allow,0
334,TRANSFER,4069805.65,C1444040621,C512135957,0.1139,0.2178,escalate_to_human,allow,allow,allow,0
334,TRANSFER,113613.57,C1710478837,C1189958183,0.1141,0.0808,hold,allow,allow,allow,0
334,TRANSFER,2093416.24,C909002752,C208443481,0.1682,0.1637,hold,allow,allow,allow,0
334,CASH_OUT,652103.61,C893752563,C435038466,0.1978,0.1297,hold,allow,allow,allow,0
334,TRANSFER,1647867.57,C318712511,C864366235,0.2228,0.1494,hold,allow,allow,allow,0
334,TRANSFER,5968459.33,C441960103,C763940330,0.2137,0.238,escalate_to_human,allow,allow,allow,0
334,TRANSFER,2061068.0,C1660144130,C1958187621,0.412,0.161,hold,allow,allow,allow,0
334,CASH_OUT,458449.0,C386863038,C1346807560,0.2027,0.0612,hold,allow,allow,allow,0
334,CASH_OUT,365441.76,C1609287531,C208331223,0.1289,0.0174,hold,allow,allow,allow,0
334,TRANSFER,1350000.24,C51801917,C2107455387,0.2119,0.1306,hold,allow,allow,allow,0
334,CASH_OUT,443670.73,C1259554785,C1489757369,0.2381,0.0566,hold,allow,allow,allow,0
334,TRANSFER,798745.12,C201433962,C1991877970,0.1438,0.0865,hold,allow,allow,allow,0
334,TRANSFER,1648636.59,C1229717886,C1196260085,0.2278,0.1494,hold,allow,allow,allow,0
334,TRANSFER,1335405.72,C1295304597,C702461864,0.5046,0.131,hold,hold,allow,hold,0
334,TRANSFER,1031393.17,C254353522,C635247650,0.2231,0.1071,hold,allow,allow,allow,0
334,CASH_OUT,364189.84,C1192504869,C1803010155,0.1882,0.0174,hold,allow,allow,allow,0
334,TRANSFER,1643257.64,C398676264,C1004865276,0.1535,0.1485,hold,allow,allow,allow,0
334,CASH_OUT,457719.27,C735268357,C478329357,0.1978,0.0612,hold,allow,allow,allow,0
334,CASH_OUT,353727.4,C531924783,C1367885169,0.2828,0.0173,hold,allow,allow,allow,0
334,TRANSFER,1358272.17,C1310138617,C64743316,0.1028,0.1314,hold,allow,allow,allow,0
334,TRANSFER,1390513.03,C2095852521,C1045661033,0.3115,0.1319,hold,allow,allow,allow,0
334,TRANSFER,2235909.51,C799331510,C1472931565,0.3573,0.1719,hold,allow,allow,allow,0
335,CASH_OUT,353673.18,C1892585720,C685431359,0.1241,0.0281,hold,allow,allow,allow,0
335,TRANSFER,170519.38,C706045310,C1949658550,0.3221,0.096,hold,allow,allow,allow,0
335,TRANSFER,240008.96,C494866015,C1030043508,0.1587,0.0913,hold,allow,allow,allow,0
335,TRANSFER,200921.13,C1077175154,C456035415,0.3122,0.0946,hold,allow,allow,allow,0
335,TRANSFER,239965.75,C250639536,C784643258,0.1587,0.0913,hold,allow,allow,allow,0
335,TRANSFER,74214.17,C552153129,C1994244076,0.1584,0.1176,hold,allow,allow,allow,0
335,TRANSFER,136107.19,C210430927,C1825992554,0.2083,0.102,hold,allow,allow,allow,0
335,CASH_OUT,225123.38,C1942121181,C1886316814,0.3468,0.0083,hold,allow,allow,allow,0
335,TRANSFER,5003354.23,C1772450639,C56465523,0.2033,0.243,escalate_to_human,allow,allow,allow,0
335,TRANSFER,2877008.73,C451102383,C1728227385,0.1137,0.2033,escalate_to_human,allow,allow,allow,0
335,TRANSFER,240935.78,C2105877922,C438161193,0.2134,0.091,hold,allow,allow,allow,0
335,CASH_OUT,295646.09,C2017280784,C221450078,0.2132,0.0078,hold,allow,allow,allow,0
335,CASH_OUT,644694.68,C1116260613,C723108213,0.2814,0.1399,hold,allow,allow,allow,0
335,CASH_OUT,447591.54,C1557690617,C525967034,0.2383,0.0675,hold,allow,allow,allow,0
335,TRANSFER,2067751.65,C1688443834,C774852893,0.6406,0.1727,hold,hold,allow,hold,0
335,TRANSFER,2071631.53,C775498672,C303480240,0.3817,0.1727,hold,allow,allow,allow,0
335,TRANSFER,2159589.36,C2039390690,C197729224,0.2077,0.1792,hold,allow,allow,allow,0
335,TRANSFER,2089311.66,C652455280,C1781217951,0.2274,0.1727,hold,allow,allow,allow,0
335,TRANSFER,5242245.43,C676718787,C1178488476,0.1884,0.244,escalate_to_human,allow,allow,allow,0
335,CASH_OUT,77623.64,C504499626,C1915089150,0.1289,0.0184,hold,allow,allow,allow,0
335,TRANSFER,6356639.48,C338926298,C1136492228,0.6473,0.2506,escalate_to_human,escalate_to_human,allow,escalate_to_human,0
335,TRANSFER,2104008.19,C490882258,C1398661132,0.1581,0.1741,hold,allow,allow,allow,0
335,TRANSFER,225420.96,C1800398784,C235507161,0.4562,0.0937,hold,allow,allow,allow,0
335,CASH_OUT,226798.07,C1717316608,C1112450470,0.1386,0.0098,hold,allow,allow,allow,0
335,TRANSFER,2078824.01,C1258244841,C13304365,0.2722,0.1727,hold,allow,allow,allow,0
336,CASH_OUT,117376.03,C1290073584,C1740379391,0.1734,0.098,hold,allow,allow,allow,0
336,TRANSFER,308547.74,C268774847,C1658504653,0.1288,0.1488,hold,allow,allow,allow,0
336,TRANSFER,3830545.49,C5284185,C603845685,0.122,0.2516,escalate_to_human,allow,allow,allow,0
336,TRANSFER,5903457.39,C139878018,C1395018529,0.2123,0.2728,escalate_to_human,allow,allow,allow,1
336,TRANSFER,2421848.77,C1590439439,C2022789755,0.2105,0.2329,hold,allow,allow,allow,0
336,TRANSFER,3407944.71,C758299518,C1396877567,0.132,0.2476,escalate_to_human,allow,allow,allow,0
336,CASH_OUT,308803.07,C1291993386,C1658144043,0.6045,0.0958,hold,hold,allow,hold,0
336,TRANSFER,709642.8,C685580922,C1708756318,0.1931,0.1561,hold,allow,allow,allow,0
336,TRANSFER,1812005.9,C913889071,C700412932,0.3243,0.2049,hold,allow,allow,allow,0
336,TRANSFER,346528.15,C1777416694,C1009233910,0.233,0.1491,hold,allow,allow,allow,0
336,TRANSFER,2277623.53,C2137910847,C1228231798,0.2105,0.2237,hold,allow,allow,allow,0
336,CASH_OUT,117361.03,C1159110400,C714897184,0.1734,0.098,hold,allow,allow,allow,0
336,TRANSFER,2289.94,C661421825,C1655251194,0.381,0.2321,hold,allow,allow,allow,0
336,TRANSFER,4178909.52,C1051740074,C1059578068,0.1223,0.2588,escalate_to_human,allow,allow,allow,0
336,TRANSFER,3946723.75,C1320054841,C782994449,0.122,0.2542,escalate_to_human,allow,allow,allow,0
336,TRANSFER,1812811.56,C314506850,C628879360,0.3243,0.2049,hold,allow,allow,allow,0
336,CASH_OUT,306507.59,C185342839,C1889370649,0.6494,0.0958,hold,hold,allow,hold,0
336,CASH_OUT,595949.73,C677143367,C1879958812,0.1236,0.1802,hold,allow,allow,allow,0
336,TRANSFER,102745.63,C1027800781,C295183465,0.2235,0.1647,hold,allow,allow,allow,0
336,CASH_OUT,964388.1,C186550452,C2061604304,0.554,0.215,hold,hold,allow,hold,1
336,CASH_OUT,312318.62,C557596029,C1292037432,0.2281,0.099,hold,allow,allow,allow,0
337,TRANSFER,1117246.47,C851428040,C58070467,0.1384,0.1745,hold,allow,allow,allow,0
337,CASH_OUT,130186.2,C503210937,C1369839216,0.3771,0.0933,hold,allow,allow,allow,0
337,CASH_OUT,257834.85,C495786196,C322605865,0.1489,0.0984,hold,allow,allow,allow,0
337,CASH_OUT,571297.34,C611170976,C1997019393,0.2681,0.1729,hold,allow,allow,allow,0
337,CASH_OUT,12508.43,C655508806,C186698739,0.3765,0.1631,hold,allow,allow,allow,0
337,CASH_OUT,36795.29,C970024409,C763198199,0.1241,0.1231,hold,allow,allow,allow,0
338,CASH_OUT,10883.6,C1135298160,C1692615357,0.2973,0.1517,hold,allow,allow,allow,0
338,TRANSFER,68500.2,C1823140728,C992461199,0.2427,0.1587,hold,allow,allow,allow,0
338,CASH_OUT,47325.73,C1708330363,C1327589135,0.2279,0.1083,hold,allow,allow,allow,0
338,CASH_OUT,665435.5,C1270505619,C1948389481,0.787,0.1872,hold,hold,allow,hold,0
339,CASH_OUT,1532281.61,C337289783,C976257399,0.9437,0.2107,escalate_to_human,escalate_to_human,escalate_to_human,escalate_to_human,1
340,TRANSFER,596127.11,C431054678,C1864318595,0.813,0.1004,hold,hold,allow,hold,1
340,CASH_OUT,4896179.38,C1971684490,C497024597,1.0,0.2323,escalate_to_human,escalate_to_human,escalate_to_human,escalate_to_human,1
341,CASH_OUT,929787.24,C21772807,C1768571590,0.9495,0.1735,escalate_to_human,escalate_to_human,escalate_to_human,escalate_to_human,1
341,TRANSFER,127528.92,C435054778,C1175951060,0.9383,0.0999,escalate_to_human,escalate_to_human,escalate_to_human,escalate_to_human,1
342,TRANSFER,22402.21,C594348983,C978716589,0.6174,0.1602,hold,hold,allow,hold,1
342,CASH_OUT,114308.2,C1976361494,C1419412213,0.6863,0.0099,hold,hold,allow,hold,1
343,CASH_OUT,101013.32,C220889953,C463938761,0.3759,-0.0021,hold,allow,allow,allow,1
343,TRANSFER,101013.32,C108505415,C1874406892,0.3422,0.0929,hold,allow,allow,allow,1
345,TRANSFER,204053.48,C42849905,C1506239309,0.4661,0.0572,hold,allow,allow,allow,0
345,TRANSFER,36360.72,C1561771982,C1675902862,0.1089,0.115,hold,allow,allow,allow,0
345,CASH_OUT,355927.99,C332148037,C1037883672,0.104,-0.0183,hold,allow,allow,allow,0
345,CASH_OUT,407913.52,C2062922965,C1857810473,0.1139,-0.0051,hold,allow,allow,allow,0
345,CASH_OUT,618861.69,C917749784,C991363637,0.1676,0.1007,hold,allow,allow,allow,0
345,TRANSFER,382068.93,C371397285,C363415685,0.3968,0.058,hold,allow,allow,allow,0
345,TRANSFER,3261120.32,C1782666506,C620814678,0.3464,0.2056,escalate_to_human,allow,allow,allow,0
345,TRANSFER,5628080.13,C1847541174,C1381648754,0.1186,0.2395,escalate_to_human,allow,allow,allow,0
345,CASH_OUT,76673.07,C1255052731,C134091762,0.5104,-0.0347,hold,hold,allow,hold,0
345,TRANSFER,3325295.37,C1066867838,C1219459605,0.1281,0.2056,escalate_to_human,allow,allow,allow,0
345,TRANSFER,5870353.09,C1573452452,C141842565,0.1384,0.24,escalate_to_human,allow,allow,allow,0
345,TRANSFER,96927.98,C595303201,C1108206708,0.1285,0.0765,hold,allow,allow,allow,0
345,TRANSFER,1960.76,C1368804325,C1796944113,0.1484,0.1771,hold,allow,allow,allow,0
345,TRANSFER,411136.18,C2106268098,C1007221970,0.4207,0.0604,hold,allow,allow,allow,0
345,CASH_OUT,361853.47,C1228176681,C1513471078,0.2034,-0.0167,hold,allow,allow,allow,0
345,TRANSFER,202954.07,C1443750232,C2143093028,0.1636,0.0572,hold,allow,allow,allow,0
345,TRANSFER,1656.07,C1902353445,C1190824999,0.1434,0.1771,hold,allow,allow,allow,0
345,CASH_OUT,152325.44,C1365132366,C1256397776,0.1784,-0.0474,hold,allow,allow,allow,0
345,TRANSFER,765552.31,C583975369,C1496042178,0.1286,0.0702,hold,allow,allow,allow,0
345,TRANSFER,95761.4,C540905894,C399223985,0.203,0.0765,hold,allow,allow,allow,0
345,TRANSFER,3270595.62,C2047101473,C1445380190,0.3563,0.2056,escalate_to_human,allow,allow,allow,0
345,TRANSFER,5569660.73,C828608537,C1354035571,0.1534,0.238,escalate_to_human,allow,allow,allow,0
345,TRANSFER,3061348.48,C1702688752,C486115185,0.1726,0.1947,escalate_to_human,allow,allow,allow,0
345,TRANSFER,7397085.52,C916217521,C397947044,0.2128,0.2552,escalate_to_human,allow,allow,allow,0
345,TRANSFER,3024236.46,C2091911595,C1909523292,0.2966,0.1947,escalate_to_human,allow,allow,allow,0
345,TRANSFER,3326245.19,C1190632203,C1284984569,0.1182,0.2056,escalate_to_human,allow,allow,allow,0
345,TRANSFER,295975.93,C616009794,C532064952,0.4859,0.0546,hold,allow,allow,allow,0
345,CASH_OUT,219517.88,C58443887,C831869073,0.1733,-0.0504,hold,allow,allow,allow,0
345,CASH_OUT,76713.44,C1031176913,C2021328792,0.3222,-0.0347,hold,allow,allow,allow,0
345,CASH_OUT,369212.4,C317536889,C1022259616,0.2627,-0.0128,hold,allow,allow,allow,0
346,CASH_OUT,12264.88,C1495490744,C102007707,0.1092,0.0337,hold,allow,allow,allow,0
346,TRANSFER,779934.61,C1415914568,C582410861,0.1784,0.0422,hold,allow,allow,allow,0
346,TRANSFER,504929.28,C1769208874,C151015751,0.1833,0.0234,hold,allow,allow,allow,0
346,TRANSFER,5420493.4,C1340931167,C1222966185,0.124,0.2204,escalate_to_human,allow,allow,allow,0
346,CASH_OUT,204780.58,C377908695,C1649674728,0.1734,-0.0796,hold,allow,allow,allow,0
346,TRANSFER,1284974.08,C1059899957,C1330744930,0.129,0.0905,hold,allow,allow,allow,0
346,TRANSFER,156008.95,C158714344,C1708100,0.4907,0.0359,hold,allow,allow,allow,0
346,TRANSFER,114423.81,C1762378754,C1535286374,0.2084,0.043,hold,allow,allow,allow,0
346,CASH_OUT,786207.11,C2098853738,C1025694734,0.1781,0.1176,hold,allow,allow,allow,0
346,TRANSFER,924543.13,C1972542642,C500454622,0.1338,0.0539,hold,allow,allow,allow,0
346,CASH_OUT,79017.53,C11950830,C105991970,0.1189,-0.0655,hold,allow,allow,allow,0
346,TRANSFER,8256980.58,C276297149,C2135438470,0.1091,0.2532,escalate_to_human,allow,allow,allow,0
346,CASH_OUT,110551.36,C1908361724,C1734352445,0.1388,-0.0771,hold,allow,allow,allow,0
346,CASH_OUT,566361.82,C1320173818,C989279943,0.4179,0.0569,hold,allow,allow,allow,0
346,TRANSFER,141199.12,C377448120,C1459256640,0.1834,0.0353,hold,allow,allow,allow,0
346,CASH_OUT,248056.9,C90867196,C212160924,0.2584,-0.0731,hold,allow,allow,allow,0
346,TRANSFER,766681.99,C440360552,C1837865617,0.2031,0.0377,hold,allow,allow,allow,0
346,TRANSFER,983635.45,C1660899869,C1435601683,0.2182,0.064,hold,allow,allow,allow,0
346,CASH_OUT,2266.83,C1045126948,C1298158573,0.3319,0.1088,hold,allow,allow,allow,0
346,TRANSFER,72672.15,C788434130,C260300844,0.2781,0.0624,hold,allow,allow,allow,0
346,TRANSFER,504637.57,C1482934233,C782337692,0.2823,0.0234,hold,allow,allow,allow,0
346,TRANSFER,2140382.17,C158464132,C333257736,0.307,0.1507,hold,allow,allow,allow,0
346,CASH_OUT,240593.71,C496774209,C345338599,0.1388,-0.0724,hold,allow,allow,allow,0
346,TRANSFER,4019325.89,C1209319311,C1181723827,0.1188,0.1982,escalate_to_human,allow,allow,allow,0
346,TRANSFER,93804.72,C1034464643,C1517607159,0.1139,0.0512,hold,allow,allow,allow,0
346,CASH_OUT,9145.42,C556643944,C1164873552,0.2379,0.0478,hold,allow,allow,allow,0
346,CASH_OUT,443666.13,C483658405,C131725620,0.124,-0.0056,hold,allow,allow,allow,0
346,TRANSFER,155474.67,C65344263,C848589527,0.2974,0.0359,hold,allow,allow,allow,0
346,TRANSFER,5402982.87,C1336172588,C165239663,0.1388,0.2204,escalate_to_human,allow,allow,allow,0
346,TRANSFER,3303618.33,C1077322749,C585493215,0.1189,0.1859,escalate_to_human,allow,allow,allow,0
346,CASH_OUT,30848.09,C1478793344,C1097630164,0.3323,-0.0149,hold,allow,allow,allow,0
346,TRANSFER,141222.92,C511900655,C694931811,0.1883,0.0353,hold,allow,allow,allow,0
346,CASH_OUT,242141.26,C975516648,C237760879,0.1288,-0.0729,hold,allow,allow,allow,0
347,TRANSFER,12120.38,C607827436,C1361480576,0.2378,0.1218,hold,allow,allow,allow,0
347,TRANSFER,1541800.83,C1898703577,C185905991,0.1239,0.0985,hold,allow,allow,allow,0
347,TRANSFER,1826751.09,C2082387824,C1919695908,0.1538,0.1101,hold,allow,allow,allow,0
347,TRANSFER,2277473.56,C1563575665,C1310301583,0.1587,0.1459,hold,allow,allow,allow,0
347,TRANSFER,3865461.54,C409582935,C262167135,0.1587,0.1856,escalate_to_human,allow,allow,allow,0
347,TRANSFER,2694844.51,C287146599,C446752033,0.4714,0.1599,escalate_to_human,allow,allow,allow,0
347,TRANSFER,345603.98,C1388018448,C340937308,0.114,0.0035,hold,allow,allow,allow,0
347,CASH_OUT,811983.16,C716806700,C2014775691,0.2677,0.1113,hold,allow,allow,allow,0
347,TRANSFER,5334385.72,C2054283743,C1317367242,0.1637,0.2117,escalate_to_human,allow,allow,allow,0
347,TRANSFER,5806609.27,C1714493853,C1698701388,0.129,0.2141,escalate_to_human,allow,allow,allow,0
347,CASH_OUT,877069.91,C1648536480,C1522436226,0.1935,0.1263,hold,allow,allow,allow,0
347,CASH_OUT,110453.84,C1634551816,C1467913605,0.3025,-0.0893,hold,allow,allow,allow,0
347,CASH_OUT,242160.18,C1909294399,C1460770205,0.3768,-0.0913,hold,allow,allow,allow,0
347,CASH_OUT,862869.02,C2042208869,C1459977564,0.2574,0.1227,hold,allow,allow,allow,0
347,CASH_OUT,134518.54,C1089904092,C675126749,0.124,-0.0929,hold,allow,allow,allow,0
347,CASH_OUT,442723.51,C2118686214,C515188967,0.4611,-0.0233,hold,allow,allow,allow,0
347,TRANSFER,2720510.65,C114817069,C17236448,0.5754,0.1608,escalate_to_human,escalate_to_human,allow,escalate_to_human,0
347,TRANSFER,2725758.4,C1475546316,C1120604771,0.1886,0.1608,escalate_to_human,allow,allow,allow,0
347,TRANSFER,1826510.32,C1144329339,C1737593143,0.1439,0.1101,hold,allow,allow,allow,0
347,TRANSFER,509363.98,C1159053250,C317515389,0.1583,0.009,hold,allow,allow,allow,0
347,CASH_OUT,242117.53,C2041070280,C1112617972,0.104,-0.0913,hold,allow,allow,allow,0
347,TRANSFER,1462822.54,C1932219673,C1289294515,0.1487,0.0919,hold,allow,allow,allow,0
347,TRANSFER,2987299.64,C534006209,C464946176,0.2382,0.1653,escalate_to_human,allow,allow,allow,0
347,CASH_OUT,609485.02,C385809810,C798569208,0.3669,0.0675,hold,allow,allow,allow,0
347,TRANSFER,2270458.93,C942484465,C1261169226,0.114,0.1459,hold,allow,allow,allow,0
347,TRANSFER,5890839.23,C1810181663,C1500692649,0.1636,0.2141,escalate_to_human,allow,allow,allow,0
347,TRANSFER,998082.13,C818095662,C753585034,0.3421,0.0467,hold,allow,allow,allow,0
347,CASH_OUT,454479.95,C627009222,C435030944,0.4411,-0.0176,hold,allow,allow,allow,0
347,TRANSFER,5538312.73,C465519608,C820072980,0.1736,0.2121,escalate_to_human,allow,allow,allow,0
347,TRANSFER,2707856.5,C298037831,C1849269667,0.3569,0.1599,escalate_to_human,allow,allow,allow,0
347,TRANSFER,3951784.75,C354222423,C316818057,0.1636,0.186,escalate_to_human,allow,allow,allow,0
347,CASH_OUT,476164.56,C1778940596,C247644762,0.1091,-0.0058,hold,allow,allow,allow,0
347,TRANSFER,9457350.83,C2026252789,C1077045505,0.496,0.2552,escalate_to_human,allow,allow,allow,0
347,TRANSFER,1536212.64,C2116848167,C1264193695,0.2279,0.0977,hold,allow,allow,allow,0
347,CASH_OUT,13962.92,C2051276289,C1221438086,0.2083,0.0188,hold,allow,allow,allow,0
348,TRANSFER,6523592.56,C793874073,C580961280,0.1783,0.2237,escalate_to_human,allow,allow,allow,0
348,TRANSFER,4030171.6,C786753991,C1594033929,0.2081,0.1896,escalate_to_human,allow,allow,allow,0
348,TRANSFER,6175956.18,C1864961042,C1587837852,0.3025,0.2149,escalate_to_human,allow,allow,allow,0
348,CASH_OUT,450776.01,C918454734,C532946230,0.1733,-0.0298,hold,allow,allow,allow,0
348,TRANSFER,4138039.4,C663158687,C1730468177,0.1091,0.1938,escalate_to_human,allow,allow,allow,0
348,TRANSFER,5817529.6,C1865134489,C2123361614,0.3774,0.2149,escalate_to_human,allow,allow,allow,0
348,TRANSFER,6422408.29,C1373065900,C2134343356,0.1833,0.2227,escalate_to_human,allow,allow,allow,0
348,TRANSFER,5534842.37,C1507027893,C1985057977,0.4171,0.213,escalate_to_human,allow,allow,allow,0
348,TRANSFER,5843441.64,C754443135,C1222642827,0.3824,0.2149,escalate_to_human,allow,allow,allow,0
348,TRANSFER,1285178.68,C634193880,C338532223,0.258,0.0689,hold,allow,allow,allow,0
348,TRANSFER,6582292.97,C2116420146,C899135808,0.1783,0.2251,escalate_to_human,allow,allow,allow,0
348,TRANSFER,779530.65,C1523893059,C823915446,0.1636,0.0226,hold,allow,allow,allow,0
348,TRANSFER,4002112.85,C1044458077,C314129252,0.1386,0.1891,escalate_to_human,allow,allow,allow,0
348,TRANSFER,6917628.33,C1598700570,C550145604,0.1336,0.2311,escalate_to_human,allow,allow,allow,0
348,TRANSFER,3990212.59,C665431948,C1355332179,0.1237,0.1891,escalate_to_human,allow,allow,allow,0
348,TRANSFER,5535546.05,C1761371055,C1567653000,0.4171,0.213,escalate_to_human,allow,allow,allow,0
348,CASH_OUT,149667.05,C69448469,C1272276349,0.4212,-0.0942,hold,allow,allow,allow,0
348,TRANSFER,8589081.6,C21642166,C1796995934,0.2029,0.2466,escalate_to_human,allow,allow,allow,0
348,TRANSFER,146647.0,C359235961,C1842884704,0.1687,0.0137,hold,allow,allow,allow,0
348,CASH_OUT,806886.87,C863179100,C691242353,0.5611,0.1087,hold,hold,allow,hold,0
348,CASH_OUT,592625.79,C778325338,C487047804,0.1041,0.053,hold,allow,allow,allow,0
348,TRANSFER,1154300.67,C333265124,C276896009,0.104,0.0534,hold,allow,allow,allow,0
348,TRANSFER,5883891.04,C1169476984,C2139235552,0.417,0.2149,escalate_to_human,allow,allow,allow,0
348,CASH_OUT,450257.11,C936076488,C1222734068,0.1289,-0.0298,hold,allow,allow,allow,0
348,TRANSFER,884029.47,C1282305212,C2096678201,0.119,0.0296,hold,allow,allow,allow,0
348,TRANSFER,1325468.1,C1413181139,C511737700,0.2531,0.0753,hold,allow,allow,allow,0
348,TRANSFER,6344623.68,C667705109,C1811616461,0.2081,0.2183,escalate_to_human,allow,allow,allow,0
348,TRANSFER,2713738.41,C485301734,C729744762,0.2769,0.1607,escalate_to_human,allow,allow,allow,0
348,CASH_OUT,110473.24,C1505341460,C1740424287,0.1239,-0.0924,hold,allow,allow,allow,0
348,TRANSFER,886215.59,C248192183,C899761588,0.3569,0.0296,hold,allow,allow,allow,0
348,TRANSFER,987848.12,C1588735925,C248223528,0.1884,0.0402,hold,allow,allow,allow,0
348,TRANSFER,4051954.35,C2078659523,C822286484,0.337,0.1896,escalate_to_human,allow,allow,allow,0
348,TRANSFER,3922210.64,C2112304435,C694844536,0.1734,0.1868,escalate_to_human,allow,allow,allow,0
348,TRANSFER,4131365.63,C1392384096,C1263717737,0.114,0.1938,escalate_to_human,allow,allow,allow,0
348,TRANSFER,6019250.12,C1473329164,C318013635,0.4763,0.2149,escalate_to_human,allow,allow,allow,0
348,TRANSFER,4081943.37,C1013036262,C890234962,0.2628,0.1915,escalate_to_human,allow,allow,allow,0
348,TRANSFER,1324234.54,C1517611152,C1431577510,0.4762,0.0753,hold,allow,allow,allow,0
348,CASH_OUT,152277.12,C1268399906,C1634083578,0.1238,-0.0942,hold,allow,allow,allow,0
348,TRANSFER,2700284.62,C212016708,C202441600,0.2123,0.1602,escalate_to_human,allow,allow,allow,0
348,TRANSFER,3926944.7,C1482239142,C267396821,0.1635,0.1868,escalate_to_human,allow,allow,allow,0
348,CASH_OUT,95348.05,C1905132460,C1993622963,0.2678,-0.0898,hold,allow,allow,allow,0
348,CASH_OUT,450230.55,C507346364,C829742192,0.119,-0.0298,hold,allow,allow,allow,0
348,TRANSFER,128560.26,C822128333,C73249682,0.2081,0.0212,hold,allow,allow,allow,0
348,CASH_OUT,466495.66,C715346968,C2113366871,0.1535,-0.0169,hold,allow,allow,allow,0
348,TRANSFER,7268288.2,C659973712,C1393044798,0.1435,0.2347,escalate_to_human,allow,allow,allow,0
348,TRANSFER,5751545.7,C1194666314,C892687807,0.3724,0.2149,escalate_to_human,allow,allow,allow,0
348,TRANSFER,10000000.0,C2108955899,C1566852412,0.7347,0.2566,escalate_to_human,escalate_to_human,allow,escalate_to_human,0
348,TRANSFER,4075477.59,C155252986,C193553253,0.4314,0.191,escalate_to_human,allow,allow,allow,0
348,TRANSFER,7098805.92,C160377005,C600898002,0.1535,0.2311,escalate_to_human,allow,allow,allow,0
348,TRANSFER,5780940.09,C1618122964,C152952509,0.3724,0.2149,escalate_to_human,allow,allow,allow,0
348,TRANSFER,4076571.36,C1398360769,C574236667,0.3223,0.191,escalate_to_human,allow,allow,allow,0
348,TRANSFER,10000000.0,C2049766696,C1775250291,0.7347,0.2566,escalate_to_human,escalate_to_human,allow,escalate_to_human,0
348,TRANSFER,6311285.36,C555340645,C1378861397,0.2131,0.2183,escalate_to_human,allow,allow,allow,0
348,TRANSFER,7291059.77,C1205346226,C1408918931,0.1435,0.2347,escalate_to_human,allow,allow,allow,0
348,TRANSFER,45732.47,C1185460153,C1189705820,0.4313,0.065,hold,allow,allow,allow,0
348,TRANSFER,2274654.37,C306182368,C691427087,0.3223,0.1425,hold,allow,allow,allow,0
348,CASH_OUT,242160.64,C1657144731,C516119531,0.2529,-0.0937,hold,allow,allow,allow,0
348,TRANSFER,4127044.49,C1815366858,C1414238929,0.114,0.1938,escalate_to_human,allow,allow,allow,0
348,TRANSFER,7328901.42,C239253023,C464640526,0.1435,0.2347,escalate_to_human,allow,allow,allow,0
348,TRANSFER,2717259.12,C2078390751,C176303369,0.4011,0.1611,escalate_to_human,allow,allow,allow,0
349,TRANSFER,2704097.86,C470232697,C1670236553,0.2719,0.157,escalate_to_human,allow,allow,allow,0
349,TRANSFER,37815.96,C979528301,C543085898,0.63,0.0839,hold,hold,allow,hold,0
349,CASH_OUT,96529.55,C592046773,C1335612733,0.1835,-0.0943,hold,allow,allow,allow,0
349,CASH_OUT,801002.38,C1940967063,C796292211,0.477,0.1045,hold,allow,allow,allow,0
349,CASH_OUT,814133.83,C1890594004,C473832081,0.6906,0.1053,hold,hold,allow,hold,0
349,TRANSFER,5311498.09,C2135538777,C1944704208,0.139,0.2105,escalate_to_human,allow,allow,allow,0
349,CASH_OUT,90219.47,C1312164358,C255910196,0.2871,-0.09,hold,allow,allow,allow,0
349,TRANSFER,93034.81,C1092551256,C462217407,0.2577,0.0242,hold,allow,allow,allow,0
349,TRANSFER,767408.63,C858080407,C341847723,0.1535,0.0159,hold,allow,allow,allow,0
349,TRANSFER,64310.29,C684434881,C428224402,0.3369,0.0425,hold,allow,allow,allow,0
349,TRANSFER,235822.94,C978432157,C1480041049,0.1836,-0.0013,hold,allow,allow,allow,0
349,TRANSFER,128697.62,C1918497968,C1390206765,0.1339,0.0169,hold,allow,allow,allow,0
349,TRANSFER,2702121.79,C1959271662,C2127870316,0.2817,0.157,escalate_to_human,allow,allow,allow,0
349,TRANSFER,842984.25,C1382697417,C490237257,0.119,0.0245,hold,allow,allow,allow,0
349,TRANSFER,63360.7,C1969599937,C445169867,0.1188,0.0451,hold,allow,allow,allow,0
349,CASH_OUT,79038.92,C2104065036,C1993207437,0.1338,-0.0868,hold,allow,allow,allow,0
349,CASH_OUT,3309631.1,C294569503,C229133194,1.0,0.1633,escalate_to_human,escalate_to_human,escalate_to_human,escalate_to_human,1
349,TRANSFER,40362.96,C1156055581,C1322638642,0.1241,0.0784,hold,allow,allow,allow,0
349,TRANSFER,780051.69,C2033437629,C2017304978,0.5451,0.018,hold,hold,allow,hold,0
349,CASH_OUT,19741.52,C1025840209,C516276273,0.124,-0.0203,hold,allow,allow,allow,0
349,TRANSFER,778695.58,C577511126,C90459469,0.1436,0.0173,hold,allow,allow,allow,0
349,CASH_OUT,114883.4,C199880130,C1740360961,0.2284,-0.0968,hold,allow,allow,allow,0
349,CASH_OUT,11411.13,C1726678496,C400730469,0.119,0.0079,hold,allow,allow,allow,0
349,CASH_OUT,72556.18,C1509865637,C1231662140,0.2182,-0.0827,hold,allow,allow,allow,0
349,TRANSFER,63813.14,C1387681139,C312862220,0.1535,0.0436,hold,allow,allow,allow,0
349,TRANSFER,847861.62,C1519246636,C111550062,0.2081,0.0262,hold,allow,allow,allow,0
349,TRANSFER,5580513.35,C609578952,C506998994,0.3876,0.2119,escalate_to_human,allow,allow,allow,0
350,TRANSFER,5963850.34,C1131453044,C191560026,0.1141,0.2137,escalate_to_human,allow,allow,allow,1
350,TRANSFER,1808734.64,C513890204,C1411731576,0.1632,0.0956,hold,allow,allow,allow,0
350,TRANSFER,98736.29,C2145615182,C153159726,0.3518,0.0169,hold,allow,allow,allow,0
350,CASH_OUT,408063.14,C1636722480,C190544207,0.1339,-0.0505,hold,allow,allow,allow,0
350,CASH_OUT,240558.61,C1083668589,C1131882180,0.2826,-0.0967,hold,allow,allow,allow,0
350,CASH_OUT,90317.91,C658889866,C1148959606,0.1139,-0.0929,hold,allow,allow,allow,0
350,CASH_OUT,204776.0,C153121394,C1008486098,0.1637,-0.1008,hold,allow,allow,allow,0
350,TRANSFER,99757.45,C753580897,C447716574,0.3173,0.016,hold,allow,allow,allow,0
350,TRANSFER,996784.42,C1316596271,C1812798312,0.104,0.039,hold,allow,allow,allow,0
350,TRANSFER,1794516.84,C165010612,C1629941192,0.1833,0.0956,hold,allow,allow,allow,0
350,TRANSFER,764382.96,C842449817,C1064197195,0.1438,0.0154,hold,allow,allow,allow,0
350,CASH_OUT,424251.18,C1706194738,C600977063,0.1091,-0.0436,hold,allow,allow,allow,0
350,TRANSFER,1814898.83,C702351094,C1660382670,0.1782,0.096,hold,allow,allow,allow,0
350,TRANSFER,846594.68,C19535604,C786042016,0.2929,0.0258,hold,allow,allow,allow,0
350,TRANSFER,1747340.17,C183266829,C2121024241,0.3124,0.0951,hold,allow,allow,allow,0
350,TRANSFER,3868757.32,C1568347121,C258067398,0.3575,0.1833,escalate_to_human,allow,allow,allow,0
350,TRANSFER,2713252.15,C1971144006,C1457990839,0.1685,0.1566,escalate_to_human,allow,allow,allow,0
350,CASH_OUT,11424.83,C146541360,C292237075,0.104,0.0056,hold,allow,allow,allow,0
350,CASH_OUT,12299.11,C158970119,C1291951497,0.1189,0.0005,hold,allow,allow,allow,0
350,CASH_OUT,424342.09,C1338877254,C259588837,0.1091,-0.0436,hold,allow,allow,allow,0
350,CASH_OUT,152325.76,C948427041,C1132774798,0.1537,-0.1009,hold,allow,allow,allow,0
350,TRANSFER,4112046.23,C404840354,C95038536,0.1538,0.1893,escalate_to_human,allow,allow,allow,0
350,CASH_OUT,235744.71,C429793350,C1291997947,0.3767,-0.0965,hold,allow,allow,allow,0
350,TRANSFER,98552.69,C546056646,C981841977,0.1634,0.0169,hold,allow,allow,allow,0
350,CASH_OUT,90339.73,C74681407,C277645946,0.104,-0.0929,hold,allow,allow,allow,0
350,TRANSFER,99658.01,C1581983199,C46008969,0.3074,0.016,hold,allow,allow,allow,0
350,TRANSFER,2770.09,C31464156,C1533828659,0.5458,0.1448,hold,hold,allow,hold,0
350,TRANSFER,1817954.61,C1796236979,C1358581423,0.1782,0.0964,hold,allow,allow,allow,0
350,CASH_OUT,90276.36,C1622128093,C2125192425,0.1338,-0.0929,hold,allow,allow,allow,0
350,TRANSFER,997312.28,C799736103,C1295844641,0.2229,0.039,hold,allow,allow,allow,0
350,CASH_OUT,901505.73,C727521728,C131069525,0.5168,0.1194,hold,hold,allow,hold,0
351,CASH_OUT,798998.64,C801750389,C766920741,0.1438,0.1069,hold,allow,allow,allow,0
351,TRANSFER,2714949.71,C539702813,C1215551400,0.1438,0.1509,escalate_to_human,allow,allow,allow,0
351,TRANSFER,447783.19,C1082458479,C1698994041,0.1934,-0.0188,hold,allow,allow,allow,0
351,TRANSFER,1645375.09,C759322418,C949253279,0.1984,0.0893,hold,allow,allow,allow,0
351,CASH_OUT,471.77,C1171515717,C1493989072,0.2627,0.1186,hold,allow,allow,allow,0
351,TRANSFER,223278.8,C894953928,C130077286,0.2477,-0.0103,hold,allow,allow,allow,0
351,CASH_OUT,13994.42,C384474404,C119902587,0.2824,-0.0096,hold,allow,allow,allow,0
351,TRANSFER,63.8,C1293504491,C1368130863,0.2974,0.1561,hold,allow,allow,allow,1
351,TRANSFER,99818.99,C1226232278,C813418223,0.3271,0.0124,hold,allow,allow,allow,0
351,CASH_OUT,219510.07,C1581994542,C495593207,0.1139,-0.0959,hold,allow,allow,allow,0
351,CASH_OUT,14048.63,C681327370,C1525262623,0.1634,-0.0096,hold,allow,allow,allow,0
351,CASH_OUT,149667.89,C977479350,C377068203,0.3172,-0.0974,hold,allow,allow,allow,0
351,TRANSFER,184684.46,C1845258242,C1143524453,0.1091,-0.0105,hold,allow,allow,allow,0
351,TRANSFER,2686094.78,C1745750639,C902474572,0.2131,0.1495,escalate_to_human,allow,allow,allow,0
351,TRANSFER,2275266.17,C2124049959,C1362067745,0.1338,0.1314,hold,allow,allow,allow,0
351,CASH_OUT,224445.94,C3607780,C856462933,0.1042,-0.0962,hold,allow,allow,allow,0
351,TRANSFER,223149.03,C400523707,C1072499451,0.2279,-0.0103,hold,allow,allow,allow,0
351,CASH_OUT,224214.65,C1309113479,C535093210,0.114,-0.0962,hold,allow,allow,allow,0
351,TRANSFER,71271.49,C509697798,C1319985034,0.1089,0.034,hold,allow,allow,allow,0
351,TRANSFER,2989283.65,C762498883,C2077034186,0.1836,0.1553,escalate_to_human,allow,allow,allow,0
351,TRANSFER,223931.79,C1449510973,C389068699,0.2825,-0.0103,hold,allow,allow,allow,0
351,TRANSFER,185149.73,C858690364,C1722978728,0.4761,-0.0105,hold,allow,allow,allow,0
351,TRANSFER,212598.91,C832932255,C1800624587,0.6649,-0.0092,hold,hold,allow,hold,0
351,CASH_OUT,834770.61,C49066608,C463275375,0.1039,0.1102,hold,allow,allow,allow,0
352,TRANSFER,93745.76,C1762483560,C1568824517,0.2181,0.0193,hold,allow,allow,allow,0
352,CASH_OUT,72545.22,C666881168,C1701991577,0.124,-0.0877,hold,allow,allow,allow,0
352,TRANSFER,301095.11,C1713241889,C360746389,0.1638,-0.017,hold,allow,allow,allow,0
352,TRANSFER,1144153.33,C451056879,C1133358343,0.2229,0.0465,hold,allow,allow,allow,0
352,TRANSFER,1129877.17,C905834966,C757180692,0.2132,0.0456,hold,allow,allow,allow,0
352,TRANSFER,2144147.1,C1603425201,C1147728018,0.486,0.1259,hold,allow,allow,allow,0
352,CASH_OUT,447580.11,C1137484487,C209594708,0.3869,-0.0254,hold,allow,allow,allow,0
352,TRANSFER,32429.19,C1823262830,C1622854012,0.223,0.0792,hold,allow,allow,allow,0
352,TRANSFER,2239162.39,C445795279,C1400260398,0.1141,0.1301,hold,allow,allow,allow,0
352,CASH_OUT,573863.16,C1365657857,C1010318208,0.1089,0.0422,hold,allow,allow,allow,0
352,TRANSFER,2126618.06,C1032286854,C136187254,0.1039,0.1255,hold,allow,allow,allow,0
352,TRANSFER,448058.95,C784785024,C1537376083,0.1686,-0.0131,hold,allow,allow,allow,0
352,CASH_OUT,14194.33,C564746584,C1229306199,0.2927,-0.017,hold,allow,allow,allow,0
352,TRANSFER,1562794.48,C1424437105,C1344737409,0.119,0.0837,hold,allow,allow,allow,0
352,TRANSFER,1142541.08,C1009608334,C497556857,0.1139,0.0465,hold,allow,allow,allow,0
352,TRANSFER,212712.09,C774066574,C2104202473,0.2234,-0.0057,hold,allow,allow,allow,0
352,TRANSFER,126648.01,C1082080312,C701943300,0.1832,0.0106,hold,allow,allow,allow,0
352,TRANSFER,146646.02,C1123905077,C117666218,0.2778,0.0001,hold,allow,allow,allow,0
352,TRANSFER,32411.31,C696810290,C1887628103,0.223,0.0792,hold,allow,allow,allow,0
352,TRANSFER,61082.07,C19217041,C700702276,0.1141,0.0468,hold,allow,allow,allow,0
352,TRANSFER,19609.73,C745552557,C1134559931,0.109,0.0979,hold,allow,allow,allow,0
352,TRANSFER,447401.11,C1731883000,C418383883,0.1833,-0.0131,hold,allow,allow,allow,0
352,TRANSFER,70676.97,C827382398,C1213634898,0.3421,0.0373,hold,allow,allow,allow,0
352,TRANSFER,2985536.43,C2134299241,C136892321,0.1737,0.1563,escalate_to_human,allow,allow,allow,0
353,TRANSFER,2578659.13,C535020227,C752683385,0.1536,0.1505,escalate_to_human,allow,allow,allow,0
353,TRANSFER,3098956.4,C227489055,C1674669217,0.3673,0.1626,escalate_to_human,allow,allow,allow,0
353,TRANSFER,3159123.2,C1696825869,C1418749555,0.1041,0.1649,escalate_to_human,allow,allow,allow,0
353,TRANSFER,32631.12,C2146235028,C296562338,0.1092,0.0749,hold,allow,allow,allow,0
353,TRANSFER,506993.55,C269072150,C1636881919,0.1137,-0.0078,hold,allow,allow,allow,0
353,TRANSFER,3149877.59,C691804674,C1422643114,0.124,0.1649,escalate_to_human,allow,allow,allow,0
353,CASH_OUT,39357.64,C441061018,C1439365160,0.129,-0.0643,hold,allow,allow,allow,0
353,TRANSFER,2346307.71,C2035153288,C103686886,0.1585,0.1403,hold,allow,allow,allow,0
353,TRANSFER,535645.4,C214427043,C1220486589,0.2828,-0.0104,hold,allow,allow,allow,0
353,CASH_OUT,6777.73,C127029235,C1258908786,0.2279,0.0277,hold,allow,allow,allow,0
353,CASH_OUT,252407.74,C1172838547,C443582547,0.2828,-0.0993,hold,allow,allow,allow,0
353,TRANSFER,763919.26,C605029469,C521894463,0.1341,0.0139,hold,allow,allow,allow,0
353,TRANSFER,3136198.8,C1079164215,C1336065304,0.1686,0.1631,escalate_to_human,allow,allow,allow,0
353,TRANSFER,2205267.12,C1068543561,C1241892938,0.1834,0.1286,hold,allow,allow,allow,0
353,TRANSFER,2095669.75,C899516457,C1292725834,0.1141,0.1203,hold,allow,allow,allow,0
353,CASH_OUT,164493.42,C1402310005,C1832238071,0.2429,-0.1001,hold,allow,allow,allow,0
353,CASH_OUT,447201.47,C156783886,C195119345,0.1041,-0.0235,hold,allow,allow,allow,0
353,CASH_OUT,447831.66,C2055308947,C1274473419,0.1188,-0.0235,hold,allow,allow,allow,0
353,TRANSFER,703361.66,C1504138859,C766611379,0.1143,0.0065,hold,allow,allow,allow,0
353,CASH_OUT,468.53,C360222964,C1380257873,0.223,0.1185,hold,allow,allow,allow,0
353,CASH_OUT,248036.08,C854735361,C1363274196,0.114,-0.0977,hold,allow,allow,allow,0
353,TRANSFER,2310395.15,C2136512066,C1537366071,0.1485,0.1369,hold,allow,allow,allow,0
353,CASH_OUT,407882.12,C1289293302,C528593922,0.3272,-0.0491,hold,allow,allow,allow,0
353,TRANSFER,2195148.35,C1363898247,C1503833403,0.1386,0.1286,hold,allow,allow,allow,0
353,CASH_OUT,11386.55,C73607162,C1879491387,0.1538,-0.0061,hold,allow,allow,allow,0
353,TRANSFER,3089682.25,C1098473642,C1236891159,0.3474,0.1626,escalate_to_human,allow,allow,allow,0
353,TRANSFER,3027056.62,C1417990038,C1509410464,0.3872,0.1577,escalate_to_human,allow,allow,allow,0
353,TRANSFER,2203147.27,C855172035,C1261189090,0.1982,0.1286,hold,allow,allow,allow,0
353,TRANSFER,2310753.8,C878754668,C932624450,0.1485,0.1369,hold,allow,allow,allow,0
353,TRANSFER,597084.47,C883527152,C2123417343,0.3419,-0.0062,hold,allow,allow,allow,0
353,CASH_OUT,175254.57,C792032638,C2061150948,0.1191,-0.1017,hold,allow,allow,allow,0
353,CASH_OUT,39335.96,C1923796865,C521071666,0.4708,-0.0643,hold,allow,allow,allow,0
353,CASH_OUT,522113.68,C1329624269,C59334477,0.1884,0.017,hold,allow,allow,allow,0
353,TRANSFER,3051500.24,C2103454050,C1998157314,0.3424,0.1577,escalate_to_human,allow,allow,allow,0
353,TRANSFER,70733.94,C899325937,C1956003863,0.2129,0.0363,hold,allow,allow,allow,0
353,CASH_OUT,447239.41,C904072132,C106277300,0.114,-0.0235,hold,allow,allow,allow,0
353,TRANSFER,2215843.73,C1510897743,C229253525,0.119,0.1286,hold,allow,allow,allow,0
354,TRANSFER,1104875.8,C1838525166,C228535490,0.1984,0.0399,hold,allow,allow,allow,0
354,TRANSFER,456305.99,C1869465741,C975817342,0.1835,-0.0048,hold,allow,allow,allow,0
354,CASH_OUT,120371.41,C2033880054,C2029582228,0.1336,-0.1008,hold,allow,allow,allow,0
354,TRANSFER,36057.26,C1060536753,C1231314975,0.2679,0.0709,hold,allow,allow,allow,0
354,TRANSFER,7254286.29,C1864776707,C1500894076,0.3027,0.2209,escalate_to_human,allow,allow,allow,0
354,CASH_OUT,104957.78,C1976332678,C2080706023,0.3718,-0.1028,hold,allow,allow,allow,0
354,TRANSFER,2144003.03,C1128038849,C1716612433,0.2181,0.1296,hold,allow,allow,allow,0
354,TRANSFER,1947039.76,C667057227,C213739596,0.1092,0.1072,hold,allow,allow,allow,0
354,TRANSFER,8355836.18,C2196936,C239383915,0.3913,0.2317,escalate_to_human,allow,allow,allow,0
354,CASH_OUT,355910.17,C1497711984,C996015438,0.4065,-0.061,hold,allow,allow,allow,0
354,CASH_OUT,265002.84,C295172859,C652748816,0.2181,-0.0912,hold,allow,allow,allow,0
354,TRANSFER,2076605.59,C547039719,C313124964,0.1187,0.1213,hold,allow,allow,allow,0
354,TRANSFER,212280.91,C671892369,C397322486,0.1586,-0.0034,hold,allow,allow,allow,0
354,CASH_OUT,44725.31,C1964544587,C1265844653,0.1837,-0.0655,hold,allow,allow,allow,0
354,CASH_OUT,248059.89,C322975359,C769895579,0.4073,-0.0941,hold,allow,allow,allow,0
354,TRANSFER,2343672.21,C1272021700,C1789752750,0.5304,0.1422,hold,hold,allow,hold,0
354,TRANSFER,2202552.09,C970733989,C1757559397,0.1388,0.1309,hold,allow,allow,allow,0
354,TRANSFER,2119767.08,C928138960,C812350277,0.1881,0.1293,hold,allow,allow,allow,0
354,CASH_OUT,161930.91,C1374203030,C1625141579,0.1489,-0.0961,hold,allow,allow,allow,0
354,TRANSFER,506441.38,C1613674631,C823120085,0.1785,-0.0033,hold,allow,allow,allow,0
354,TRANSFER,1073403.61,C1655533920,C1290203861,0.1788,0.0375,hold,allow,allow,allow,0
354,TRANSFER,560971.19,C880770482,C2126373058,0.4165,-0.0048,hold,allow,allow,allow,0
354,CASH_OUT,240589.56,C1930166939,C145308236,0.1092,-0.0948,hold,allow,allow,allow,0
354,TRANSFER,627992.54,C788258881,C665907216,0.1488,0.0057,hold,allow,allow,allow,0
354,TRANSFER,1143155.86,C162547807,C843587851,0.4511,0.0464,hold,allow,allow,allow,0
354,TRANSFER,1128057.17,C436982445,C725613772,0.1586,0.0437,hold,allow,allow,allow,0
354,TRANSFER,2201404.23,C136731030,C134153470,0.1538,0.1309,hold,allow,allow,allow,0
354,TRANSFER,925319.86,C2123729029,C1733602886,0.2873,0.0263,hold,allow,allow,allow,0
354,TRANSFER,60586.85,C966246369,C735633607,0.1933,0.0503,hold,allow,allow,allow,0
354,TRANSFER,12123.14,C439630385,C912767355,0.1636,0.1086,hold,allow,allow,allow,0
354,CASH_OUT,842187.85,C1678621488,C1384856020,0.1288,0.102,hold,allow,allow,allow,0
354,TRANSFER,3562509.85,C2069987489,C1423121828,0.109,0.1736,escalate_to_human,allow,allow,allow,0
354,CASH_OUT,242180.36,C1614124950,C1414210612,0.1241,-0.0953,hold,allow,allow,allow,0
355,TRANSFER,1949373.89,C1277537476,C180457745,0.1588,0.1134,hold,allow,allow,allow,0
355,CASH_OUT,120382.81,C156359741,C929516253,0.2824,-0.0972,hold,allow,allow,allow,0
355,CASH_OUT,482727.4,C2090585754,C140642311,0.5016,0.0037,hold,hold,allow,hold,0
355,TRANSFER,7326015.15,C1375439825,C1224066984,0.2432,0.2199,escalate_to_human,allow,allow,allow,0
355,TRANSFER,1825869.21,C1090705327,C1860675897,0.1042,0.1047,hold,allow,allow,allow,0
355,TRANSFER,249887.47,C1743023995,C884275048,0.2033,-0.0017,hold,allow,allow,allow,0
355,CASH_OUT,30849.23,C1725790830,C1504514479,0.1835,-0.0459,hold,allow,allow,allow,0
355,CASH_OUT,224368.02,C1161285719,C1487298484,0.1835,-0.0847,hold,allow,allow,allow,0
355,TRANSFER,548270.68,C832583573,C2003869191,0.124,-0.0018,hold,allow,allow,allow,0
355,TRANSFER,2560215.03,C1338650312,C428403469,0.1787,0.1543,escalate_to_human,allow,allow,allow,0
355,TRANSFER,36262.12,C1952819009,C1660905027,0.1141,0.0669,hold,allow,allow,allow,0
355,CASH_OUT,507596.21,C202813789,C1686161343,0.2925,0.0208,hold,allow,allow,allow,0
355,TRANSFER,2089622.98,C1289454715,C1609262134,0.1436,0.124,hold,allow,allow,allow,0
355,CASH_OUT,163267.93,C814221908,C477591966,0.347,-0.0911,hold,allow,allow,allow,0
355,CASH_OUT,19232.03,C1135124888,C635988633,0.1091,-0.0204,hold,allow,allow,allow,0
355,CASH_OUT,25767.42,C160630544,C1932094316,0.129,-0.0385,hold,allow,allow,allow,0
355,TRANSFER,1949017.33,C409339119,C2138706730,0.1588,0.1134,hold,allow,allow,allow,0
355,CASH_OUT,482783.21,C338944100,C757172950,0.4122,0.0037,hold,allow,allow,allow,0
355,CASH_OUT,174911.02,C1248988714,C1457357279,0.124,-0.0929,hold,allow,allow,allow,0
355,CASH_OUT,160360.64,C155863781,C626829889,0.441,-0.0899,hold,allow,allow,allow,0
355,TRANSFER,7235029.09,C95828219,C2099339743,0.2333,0.2199,escalate_to_human,allow,allow,allow,0
355,TRANSFER,296039.32,C241145908,C376779003,0.1042,-0.0041,hold,allow,allow,allow,0
355,CASH_OUT,9121.66,C630967230,C1118698574,0.1587,0.0146,hold,allow,allow,allow,0
355,CASH_OUT,222763.31,C1831460848,C101456315,0.2675,-0.0838,hold,allow,allow,allow,0
355,TRANSFER,2328419.48,C2089143328,C2106019801,0.4017,0.1393,hold,allow,allow,allow,0
355,TRANSFER,1367939.56,C546170946,C856090632,0.2677,0.0793,hold,allow,allow,allow,0
355,CASH_OUT,355918.9,C559736306,C1224070356,0.218,-0.059,hold,allow,allow,allow,0
355,TRANSFER,7092286.59,C2111526760,C765357438,0.2036,0.2199,escalate_to_human,allow,allow,allow,0
355,CASH_OUT,48374.27,C1588059809,C1891866224,0.2778,-0.0629,hold,allow,allow,allow,0
355,TRANSFER,1143681.81,C438422210,C1398467852,0.2329,0.0528,hold,allow,allow,allow,0
355,TRANSFER,1285765.45,C1919629646,C1982271047,0.2431,0.0688,hold,allow,allow,allow,0
355,CASH_OUT,161936.85,C1677637973,C94622507,0.3176,-0.0901,hold,allow,allow,allow,0
355,CASH_OUT,264972.08,C585241785,C1057864396,0.2926,-0.0822,hold,allow,allow,allow,0
355,TRANSFER,1949081.77,C1797974153,C233578312,0.1588,0.1134,hold,allow,allow,allow,0
355,TRANSFER,1366066.04,C1989215135,C81022467,0.1736,0.0793,hold,allow,allow,allow,0
356,TRANSFER,2895897.82,C1950202990,C567348450,0.149,0.1681,escalate_to_human,allow,allow,allow,0
356,CASH_OUT,160362.47,C2122343682,C1882723013,0.2329,-0.0798,hold,allow,allow,allow,0
356,TRANSFER,4217780.59,C272862018,C966995914,0.3371,0.1971,escalate_to_human,allow,allow,allow,0
356,TRANSFER,140674.35,C32655919,C1174871694,0.1387,0.0277,hold,allow,allow,allow,0
356,TRANSFER,2682081.96,C72128586,C817607229,0.1984,0.1645,escalate_to_human,allow,allow,allow,0
356,TRANSFER,2743072.52,C191522452,C1329688547,0.3825,0.1663,escalate_to_human,allow,allow,allow,0
356,CASH_OUT,217257.47,C1412650398,C782419369,0.1831,-0.0704,hold,allow,allow,allow,0
356,CASH_OUT,21518.09,C1627410534,C1069014225,0.3864,-0.017,hold,allow,allow,allow,0
356,TRANSFER,4626404.12,C1409450072,C1061206674,0.3268,0.2008,escalate_to_human,allow,allow,allow,0
356,CASH_OUT,161962.46,C2059429831,C369999224,0.1041,-0.08,hold,allow,allow,allow,0
356,CASH_OUT,36037.74,C529259547,C1334426465,0.5253,-0.0387,hold,hold,allow,hold,0
356,TRANSFER,7834431.84,C425634226,C1710155693,0.2027,0.2329,escalate_to_human,allow,allow,allow,0
356,TRANSFER,9020694.08,C801588445,C10254097,0.2178,0.2388,escalate_to_human,allow,allow,allow,0
356,TRANSFER,32793.67,C303410192,C803595501,0.1932,0.0825,hold,allow,allow,allow,0
356,TRANSFER,5079014.35,C562890227,C1021001686,0.4065,0.2099,escalate_to_human,allow,allow,allow,0
356,TRANSFER,5118938.62,C141528619,C359380293,0.3965,0.2109,escalate_to_human,allow,allow,allow,0
356,TRANSFER,2168972.37,C650552425,C721106192,0.1686,0.1409,hold,allow,allow,allow,0
356,TRANSFER,1582983.29,C449754703,C1578071515,0.1183,0.1054,hold,allow,allow,allow,0
356,TRANSFER,2769860.67,C1072450359,C1672765316,0.3676,0.1663,escalate_to_human,allow,allow,allow,0
356,CASH_OUT,101915.29,C876231886,C536808862,0.1438,-0.0823,hold,allow,allow,allow,0
356,CASH_OUT,42058.01,C750104686,C2095935696,0.1884,-0.0477,hold,allow,allow,allow,0
356,CASH_OUT,175329.31,C2069224489,C1767839389,0.124,-0.0821,hold,allow,allow,allow,0
356,TRANSFER,36002.73,C1498735768,C1258289545,0.3519,0.0809,hold,allow,allow,allow,0
356,TRANSFER,2194615.92,C708263566,C42050221,0.114,0.1417,hold,allow,allow,allow,0
356,CASH_OUT,67082.91,C1409544139,C1972669751,0.1887,-0.0678,hold,allow,allow,allow,0
356,TRANSFER,4366805.21,C507958739,C1854117293,0.2922,0.1975,escalate_to_human,allow,allow,allow,0
356,TRANSFER,1407078.74,C526768368,C877427630,0.1289,0.0939,hold,allow,allow,allow,0
356,CASH_OUT,101845.25,C210835712,C2128675234,0.2182,-0.0823,hold,allow,allow,allow,0
356,TRANSFER,4303646.84,C1464180317,C466505482,0.3022,0.1971,escalate_to_human,allow,allow,allow,0
356,CASH_OUT,8631.9,C65279358,C267831123,0.1388,0.0243,hold,allow,allow,allow,0
356,TRANSFER,5265819.06,C1274252264,C1768571590,0.3767,0.2133,escalate_to_human,allow,allow,allow,0
356,TRANSFER,8655.81,C1434301957,C664423546,0.258,0.1345,hold,allow,allow,allow,0
356,CASH_OUT,301488.31,C246918239,C1207594617,0.119,-0.0559,hold,allow,allow,allow,0
356,TRANSFER,163456.09,C1897741330,C1139253762,0.114,0.0219,hold,allow,allow,allow,0
357,TRANSFER,2800063.24,C1902062393,C1451397597,0.1536,0.1836,escalate_to_human,allow,allow,allow,0
357,TRANSFER,2767529.97,C424081744,C886631728,0.1388,0.1827,escalate_to_human,allow,allow,allow,0
357,CASH_OUT,217447.56,C1134660587,C996190755,0.129,-0.039,hold,allow,allow,allow,0
357,TRANSFER,163894.4,C235855884,C2094618157,0.1982,0.0434,hold,allow,allow,allow,0
357,TRANSFER,2819409.6,C23954568,C1739263553,0.1784,0.1836,escalate_to_human,allow,allow,allow,0
357,TRANSFER,31836.29,C1476745337,C1685312196,0.2429,0.1069,hold,allow,allow,allow,0
357,TRANSFER,2138270.51,C1943992289,C846986243,0.1783,0.1562,hold,allow,allow,allow,0
357,TRANSFER,6205046.39,C321398472,C1907325625,0.7265,0.228,escalate_to_human,escalate_to_human,allow,escalate_to_human,0
357,TRANSFER,5657659.8,C1999077716,C98205255,0.1337,0.228,escalate_to_human,allow,allow,allow,0
357,CASH_OUT,222743.13,C591335017,C2007891087,0.1437,-0.0348,hold,allow,allow,allow,0
357,CASH_OUT,217154.07,C850828885,C1052782474,0.2726,-0.039,hold,allow,allow,allow,0
357,TRANSFER,10000000.0,C393177637,C106531078,0.2924,0.2575,escalate_to_human,allow,allow,allow,1
357,TRANSFER,2341729.89,C864567129,C225280004,0.1684,0.1669,hold,allow,allow,allow,0
357,TRANSFER,1562352.66,C41846222,C1802022857,0.1786,0.1222,hold,allow,allow,allow,0
357,CASH_OUT,77776.29,C414763650,C32119494,0.1089,-0.0335,hold,allow,allow,allow,0
357,TRANSFER,33680.03,C2106225822,C2126047802,0.1289,0.1061,hold,allow,allow,allow,0
357,TRANSFER,122415.91,C1304574424,C1174083171,0.1637,0.0527,hold,allow,allow,allow,0
357,TRANSFER,5597005.59,C1675261302,C213326058,0.1287,0.2275,escalate_to_human,allow,allow,allow,0
357,TRANSFER,2083170.9,C1505592875,C1857427252,0.2079,0.1475,hold,allow,allow,allow,0
357,TRANSFER,159051.79,C1324290158,C762793355,0.3421,0.0446,hold,allow,allow,allow,0
357,TRANSFER,120727.76,C551865200,C275166882,0.1586,0.0527,hold,allow,allow,allow,0
357,TRANSFER,162174.98,C1822532272,C1196305953,0.1137,0.0446,hold,allow,allow,allow,0
357,TRANSFER,1410036.17,C1604704857,C1176121599,0.1139,0.1141,hold,allow,allow,allow,0
357,CASH_OUT,216971.69,C1734664988,C889226751,0.1042,-0.039,hold,allow,allow,allow,0
357,TRANSFER,1630756.5,C1554519927,C1688476962,0.1184,0.1288,hold,allow,allow,allow,0
358,CASH_OUT,361473.46,C138132758,C1417697342,0.1238,0.018,hold,allow,allow,allow,0
358,TRANSFER,1042476.64,C946853531,C391405949,0.2082,0.1071,hold,allow,allow,allow,0
358,TRANSFER,1041516.13,C292897700,C1142884959,0.2082,0.1071,hold,allow,allow,allow,0
358,CASH_OUT,68044.58,C833620779,C740708949,0.1289,0.0005,hold,allow,allow,allow,0
358,TRANSFER,74755.39,C772260457,C1148356019,0.6155,0.0946,hold,hold,allow,hold,0
358,TRANSFER,239621.86,C591586180,C1786670255,0.3268,0.0725,hold,allow,allow,allow,0
358,CASH_OUT,362462.35,C533201217,C2112049102,0.2329,0.0186,hold,allow,allow,allow,0
358,TRANSFER,163465.7,C1473569404,C853274437,0.1637,0.0737,hold,allow,allow,allow,0
358,TRANSFER,8406751.45,C1454985458,C879984730,0.3672,0.2562,escalate_to_human,allow,allow,allow,0
358,CASH_OUT,78102.52,C1628637747,C813272326,0.1091,-0.0027,hold,allow,allow,allow,0
358,TRANSFER,1343701.39,C644694157,C1545342951,0.3065,0.131,hold,allow,allow,allow,0
358,TRANSFER,241824.42,C1392959674,C143948325,0.1386,0.0722,hold,allow,allow,allow,0
358,CASH_OUT,457976.67,C1224480845,C77181548,0.1978,0.0612,hold,allow,allow,allow,0
358,TRANSFER,456319.14,C1687886023,C909404971,0.1783,0.0704,hold,allow,allow,allow,0
358,CASH_OUT,77545.82,C31166813,C1105317850,0.2927,-0.0028,hold,allow,allow,allow,0
358,CASH_OUT,463869.72,C2003175467,C603111387,0.1187,0.0608,hold,allow,allow,allow,0
359,CASH_OUT,227514.47,C1485842697,C1312215281,0.1138,0.0098,hold,allow,allow,allow,0
359,TRANSFER,4141798.47,C144818960,C882639677,0.114,0.2286,escalate_to_human,allow,allow,allow,0
359,TRANSFER,132048.4,C1193054235,C2076234360,0.134,0.1022,hold,allow,allow,allow,0
359,TRANSFER,115107.89,C1922036835,C1646042255,0.4609,0.1003,hold,allow,allow,allow,0
359,TRANSFER,5063668.76,C993092743,C206411194,0.1933,0.243,escalate_to_human,allow,allow,allow,0
359,TRANSFER,6553507.03,C307399598,C766040403,0.6871,0.2557,escalate_to_human,escalate_to_human,allow,escalate_to_human,0
359,CASH_OUT,226139.4,C991519618,C1791087182,0.4062,0.0083,hold,allow,allow,allow,0
359,TRANSFER,75671.03,C964606601,C1194874318,0.1584,0.1124,hold,allow,allow,allow,0
359,CASH_OUT,226336.9,C2051329207,C377128100,0.1733,0.0098,hold,allow,allow,allow,0
359,TRANSFER,1827349.55,C1639476509,C1088529293,0.1538,0.1619,hold,allow,allow,allow,0
359,CASH_OUT,68217.59,C64741413,C1920848072,0.2131,0.0204,hold,allow,allow,allow,0
359,TRANSFER,198548.29,C304554115,C890591662,0.2924,0.0951,hold,allow,allow,allow,0
359,TRANSFER,136396.31,C1711829050,C733522809,0.2033,0.102,hold,allow,allow,allow,0
359,TRANSFER,116578.81,C785308505,C492454046,0.3718,0.1011,hold,allow,allow,allow,0
359,TRANSFER,132968.31,C144300443,C1202273798,0.2085,0.1014,hold,allow,allow,allow,0
359,TRANSFER,10000000.0,C1889901787,C1023006881,0.2628,0.2763,escalate_to_human,allow,allow,allow,1
359,TRANSFER,201881.69,C119449377,C2074303921,0.337,0.0946,hold,allow,allow,allow,0
359,CASH_OUT,226574.43,C1782381683,C1973981097,0.1485,0.0098,hold,allow,allow,allow,0
359,CASH_OUT,295129.21,C451881672,C1360393616,0.2132,0.0078,hold,allow,allow,allow,0
359,TRANSFER,386637.39,C302559525,C1177751975,0.3025,0.0805,hold,allow,allow,allow,0
359,TRANSFER,164683.23,C404519725,C1192191360,0.1636,0.0946,hold,allow,allow,allow,0
359,TRANSFER,196164.69,C238503382,C1619049621,0.1734,0.0938,hold,allow,allow,allow,0
359,CASH_OUT,2056779.24,C374971374,C738912638,0.9591,0.1791,escalate_to_human,escalate_to_human,escalate_to_human,escalate_to_human,1
359,CASH_OUT,225433.38,C2108372614,C96898001,0.3567,0.0083,hold,allow,allow,allow,0
359,CASH_OUT,224865.94,C1561895948,C1900794664,0.2328,0.0087,hold,allow,allow,allow,0
359,TRANSFER,4852936.33,C2004835475,C2021025468,0.1237,0.238,escalate_to_human,allow,allow,allow,0
359,TRANSFER,168209.04,C1813573058,C1356205914,0.223,0.096,hold,allow,allow,allow,0
359,CASH_OUT,77606.57,C150900860,C2129433013,0.1289,0.0184,hold,allow,allow,allow,0
359,TRANSFER,5674920.99,C625229315,C229633604,0.1191,0.2471,escalate_to_human,allow,allow,allow,0
359,TRANSFER,172431.97,C117053212,C705043943,0.3171,0.0947,hold,allow,allow,allow,0
359,TRANSFER,381788.51,C1824714902,C1850481971,0.1141,0.0805,hold,allow,allow,allow,0
359,TRANSFER,237605.91,C916073874,C1793031945,0.1183,0.0912,hold,allow,allow,allow,0
359,CASH_OUT,224587.87,C906010229,C159171531,0.213,0.0095,hold,allow,allow,allow,0
360,TRANSFER,1653195.46,C1000610919,C392673430,0.2295,0.2027,hold,allow,allow,allow,0
360,TRANSFER,2112839.15,C1107228117,C385885112,0.1654,0.2189,hold,allow,allow,allow,0
360,TRANSFER,2071748.63,C1029850737,C775431326,0.1505,0.215,hold,allow,allow,allow,0
360,CASH_OUT,689350.66,C1748561774,C1966981543,0.2582,0.1958,hold,allow,allow,allow,0
360,TRANSFER,3110785.86,C1725684016,C919567212,0.1668,0.245,escalate_to_human,allow,allow,allow,0
360,TRANSFER,1836477.09,C1315255045,C734161352,0.2499,0.2044,hold,allow,allow,allow,0
360,TRANSFER,1886459.86,C158850691,C1002345753,0.1852,0.2044,hold,allow,allow,allow,0
360,TRANSFER,5195127.95,C1203189313,C314011953,0.1724,0.2686,escalate_to_human,allow,allow,allow,0
360,TRANSFER,977259.96,C2123393953,C319024949,0.1098,0.1789,hold,allow,allow,allow,0
360,TRANSFER,7279549.2,C1947249720,C1818201641,0.2422,0.287,escalate_to_human,allow,allow,allow,0
360,TRANSFER,110960.27,C921432945,C1443037192,0.2574,0.1661,hold,allow,allow,allow,0
360,TRANSFER,351324.26,C1597135026,C176747645,0.1834,0.1477,hold,allow,allow,allow,0
361,CASH_OUT,22092.13,C1455948384,C476447219,0.1632,0.1453,hold,allow,allow,allow,0
361,CASH_OUT,250097.9,C776538114,C1199857963,0.3075,0.0983,hold,allow,allow,allow,0
361,CASH_OUT,19615.8,C663939774,C904101853,0.2625,0.144,hold,allow,allow,allow,0
361,TRANSFER,1927409.77,C481884144,C1854829583,0.1733,0.2011,hold,allow,allow,allow,0
361,CASH_OUT,254765.33,C413044157,C1613240876,0.635,0.0972,hold,hold,allow,hold,0
361,CASH_OUT,255791.01,C1585143841,C453295372,0.3077,0.0948,hold,allow,allow,allow,0
361,TRANSFER,140807.76,C260837580,C1657343316,0.1238,0.1566,hold,allow,allow,allow,1
361,TRANSFER,1038979.29,C83451764,C477469154,0.2921,0.1756,hold,allow,allow,allow,0
361,CASH_OUT,592608.68,C1929296542,C1543135091,0.3723,0.1806,hold,allow,allow,allow,0
361,TRANSFER,27005.95,C1330407517,C1103204564,0.2969,0.1968,hold,allow,allow,allow,0
361,TRANSFER,1238254.37,C939314687,C191649712,0.1783,0.1859,hold,allow,allow,allow,0
361,TRANSFER,35072.64,C664979546,C1357402674,0.4663,0.1892,hold,allow,allow,allow,0
361,TRANSFER,2824582.13,C1654403786,C238461736,0.1737,0.2335,escalate_to_human,allow,allow,allow,0
361,CASH_OUT,154972.84,C1061087161,C2145941351,0.2623,0.0956,hold,allow,allow,allow,0
361,CASH_OUT,160147.98,C1834199839,C108407712,0.1138,0.0955,hold,allow,allow,allow,0
361,TRANSFER,1082308.05,C39420818,C105774839,0.2079,0.1728,hold,allow,allow,allow,1
361,CASH_OUT,159168.08,C1159097647,C2146859968,0.1534,0.0955,hold,allow,allow,allow,0
361,CASH_OUT,257996.47,C2107508798,C717257298,0.139,0.0984,hold,allow,allow,allow,0
361,TRANSFER,607906.6,C1382033899,C1990721059,0.5803,0.1431,hold,hold,allow,hold,0
361,CASH_OUT,157650.76,C319382614,C270037694,0.4263,0.0951,hold,allow,allow,allow,0
361,TRANSFER,48022.95,C508724533,C282486342,0.3374,0.1812,hold,allow,allow,allow,0
361,TRANSFER,128913.8,C241351123,C825168902,0.8505,0.1587,hold,hold,allow,hold,0
361,CASH_OUT,257575.63,C836855172,C367833015,0.1588,0.0984,hold,allow,allow,allow,0
362,CASH_OUT,1139165.57,C1239977402,C1417680063,0.9795,0.2102,escalate_to_human,escalate_to_human,escalate_to_human,escalate_to_human,1
362,TRANSFER,37483.57,C1016478517,C2060477424,0.611,0.1789,hold,hold,allow,hold,0
362,CASH_OUT,150462.02,C1936208136,C1630103741,0.4063,0.0812,hold,allow,allow,allow,0
362,TRANSFER,77903.52,C850177711,C1890507236,0.2326,0.1573,hold,allow,allow,allow,0
362,TRANSFER,1721239.64,C1420939821,C1339632618,0.7903,0.1935,hold,hold,allow,hold,0
362,TRANSFER,3866761.33,C1896891454,C1717694715,0.8022,0.245,escalate_to_human,escalate_to_human,allow,escalate_to_human,0
362,CASH_OUT,126632.23,C1828823734,C1341639932,0.1535,0.0839,hold,allow,allow,allow,0
362,CASH_OUT,10000000.0,C23198921,C486186579,0.9549,0.2731,escalate_to_human,escalate_to_human,escalate_to_human,escalate_to_human,1
362,CASH_OUT,327350.46,C2017901036,C1244991764,0.4914,0.0894,hold,allow,allow,allow,0
362,TRANSFER,10000000.0,C1208192074,C255905586,0.8483,0.2944,escalate_to_human,escalate_to_human,allow,escalate_to_human,1
362,TRANSFER,299011.56,C1657875809,C632186177,0.2577,0.1365,hold,allow,allow,allow,0
362,TRANSFER,125456.77,C1027049563,C1915341581,0.6208,0.1524,hold,hold,allow,hold,0
362,CASH_OUT,1397689.48,C851172808,C1693761421,0.9894,0.2131,escalate_to_human,escalate_to_human,escalate_to_human,escalate_to_human,1
362,CASH_OUT,333249.11,C1353022986,C1111860250,0.5367,0.0876,hold,hold,allow,hold,0
362,TRANSFER,70983.55,C933009293,C743392934,0.2327,0.1582,hold,allow,allow,allow,0
362,CASH_OUT,28878.19,C1493669936,C2075401838,0.3169,0.1225,hold,allow,allow,allow,0
362,CASH_OUT,1936403.59,C796529058,C338861738,0.9695,0.2264,escalate_to_human,escalate_to_human,escalate_to_human,escalate_to_human,1
363,TRANSFER,1715635.41,C2115222227,C2054556206,0.8105,0.1814,hold,hold,allow,hold,1
363,CASH_OUT,56231.05,C615216082,C513190251,0.247,0.0763,hold,allow,allow,allow,1
363,TRANSFER,216534.86,C152821682,C580582167,0.298,0.1191,hold,allow,allow,allow,1
365,CASH_OUT,4841332.26,C238987266,C1373089977,0.9999,0.2219,escalate_to_human,escalate_to_human,escalate_to_human,escalate_to_human,1
366,CASH_OUT,500003.56,C1283250081,C956555426,0.6972,0.0819,hold,hold,allow,hold,1
366,TRANSFER,769619.59,C794571885,C1390885602,0.4321,0.0873,hold,allow,allow,allow,1
367,CASH_OUT,520500.14,C940330656,C382068653,0.4426,0.0816,hold,allow,allow,allow,1
367,TRANSFER,362672.57,C903484940,C1036408252,0.5419,0.0748,hold,hold,allow,hold,1
369,TRANSFER,208414.82,C15235882,C296185761,0.1636,0.056,hold,allow,allow,allow,0
369,TRANSFER,6375916.55,C432032164,C2106812355,0.178,0.2455,escalate_to_human,allow,allow,allow,0
369,TRANSFER,7906804.31,C1463210870,C675469499,0.2477,0.2629,escalate_to_human,allow,allow,allow,0
369,TRANSFER,1014645.91,C462235695,C535683897,0.4047,0.0988,hold,allow,allow,allow,0
369,CASH_OUT,466592.2,C40603983,C906349283,0.1091,0.0353,hold,allow,allow,allow,0
369,CASH_OUT,48373.34,C1560543363,C1868826498,0.238,-0.0126,hold,allow,allow,allow,0
369,TRANSFER,2129592.1,C86602910,C1248756990,0.1877,0.1708,hold,allow,allow,allow,0
369,TRANSFER,1154156.85,C778791776,C2012911153,0.4537,0.1008,hold,allow,allow,allow,0
369,TRANSFER,1016120.61,C828456762,C353759484,0.2653,0.0976,hold,allow,allow,allow,0
369,TRANSFER,1015785.73,C1463929765,C1118047026,0.2703,0.0988,hold,allow,allow,allow,0
369,TRANSFER,3062881.04,C1136310524,C792092581,0.1726,0.1947,escalate_to_human,allow,allow,allow,0
369,CASH_OUT,511151.98,C1222726557,C1719271385,0.4215,0.0529,hold,allow,allow,allow,0
369,CASH_OUT,600637.71,C427575078,C169654198,0.4701,0.0951,hold,allow,allow,allow,0
369,TRANSFER,476870.68,C73716494,C166139002,0.3522,0.0563,hold,allow,allow,allow,0
369,TRANSFER,295962.92,C64045905,C1647916308,0.4859,0.0546,hold,allow,allow,allow,0
369,TRANSFER,3326278.65,C1345704085,C1509753945,0.1182,0.2056,escalate_to_human,allow,allow,allow,0
369,TRANSFER,2718643.23,C661978935,C1315282327,0.1039,0.1901,escalate_to_human,allow,allow,allow,0
369,TRANSFER,1449438.83,C760000112,C1192050055,0.5737,0.1311,hold,hold,allow,hold,0
369,CASH_OUT,602712.93,C133473792,C1393073542,0.2421,0.0951,hold,allow,allow,allow,0
369,TRANSFER,3039194.6,C116502736,C2010775706,0.2619,0.1947,escalate_to_human,allow,allow,allow,0
369,TRANSFER,2992667.49,C1957722433,C272124351,0.5793,0.1947,escalate_to_human,escalate_to_human,allow,escalate_to_human,0
369,CASH_OUT,603541.31,C1963699853,C1786832726,0.2174,0.0951,hold,allow,allow,allow,0
369,CASH_OUT,56125.48,C1906923117,C946161155,0.1638,-0.0204,hold,allow,allow,allow,0
369,TRANSFER,3018946.16,C153571987,C576592982,0.2966,0.1947,escalate_to_human,allow,allow,allow,0
369,TRANSFER,1957.98,C237375166,C952635424,0.1484,0.1771,hold,allow,allow,allow,0
369,TRANSFER,2127298.32,C1840508142,C1471530675,0.1183,0.1708,hold,allow,allow,allow,0
369,TRANSFER,367793.56,C168973240,C1404920859,0.2628,0.0575,hold,allow,allow,allow,0
369,TRANSFER,1440327.92,C1314720309,C1974118894,0.1281,0.129,hold,allow,allow,allow,0
369,CASH_OUT,407875.4,C1908207830,C1577203111,0.3272,-0.0051,hold,allow,allow,allow,0
369,TRANSFER,1013380.7,C303767784,C1886256682,0.2575,0.0985,hold,allow,allow,allow,0
369,TRANSFER,7564390.73,C627757046,C1569079182,0.2128,0.2583,escalate_to_human,allow,allow,allow,0
369,TRANSFER,383007.08,C788207960,C701061773,0.2828,0.0581,hold,allow,allow,allow,0
369,TRANSFER,5731622.85,C406049928,C1767937071,0.1285,0.2395,escalate_to_human,allow,allow,allow,0
370,CASH_OUT,9090.28,C1744719496,C1533222295,0.1537,0.0478,hold,allow,allow,allow,0
370,TRANSFER,6010455.61,C1078553293,C624154244,0.1387,0.2228,escalate_to_human,allow,allow,allow,0
370,CASH_OUT,134514.48,C601782186,C1869748374,0.1091,-0.0785,hold,allow,allow,allow,0
370,CASH_OUT,9207.22,C1790257487,C1725643498,0.4363,0.0478,hold,allow,allow,allow,0
370,CASH_OUT,134521.86,C1526706842,C1888566765,0.1041,-0.0785,hold,allow,allow,allow,0
370,TRANSFER,511392.66,C555233208,C1809865260,0.1937,0.0242,hold,allow,allow,allow,0
370,TRANSFER,142270.08,C1797272040,C1173183780,0.3173,0.0353,hold,allow,allow,allow,0
370,TRANSFER,488244.38,C1147777837,C1261892883,0.3818,0.0244,hold,allow,allow,allow,0
370,TRANSFER,95123.04,C766063785,C1221660465,0.1337,0.0512,hold,allow,allow,allow,0
370,TRANSFER,8336483.68,C881022173,C1549853954,0.1141,0.2532,escalate_to_human,allow,allow,allow,0
370,TRANSFER,95214.21,C1651314909,C1744201393,0.1734,0.0512,hold,allow,allow,allow,0
370,TRANSFER,5426497.03,C1879599307,C112486282,0.124,0.2204,escalate_to_human,allow,allow,allow,0
370,TRANSFER,2983039.38,C11684918,C822286484,0.124,0.1753,escalate_to_human,allow,allow,allow,0
370,TRANSFER,153248.43,C1967230907,C758493275,0.114,0.0347,hold,allow,allow,allow,0
370,CASH_OUT,5746.06,C1173227097,C45198413,0.2328,0.0719,hold,allow,allow,allow,0
370,TRANSFER,5397676.92,C1789566564,C1889583576,0.1388,0.2204,escalate_to_human,allow,allow,allow,0
370,TRANSFER,9374674.39,C1291769829,C1931253878,0.556,0.2598,escalate_to_human,escalate_to_human,allow,escalate_to_human,0
370,TRANSFER,482705.5,C177462983,C1780194403,0.1144,0.0244,hold,allow,allow,allow,0
370,TRANSFER,2272009.66,C1141600772,C1100137210,0.4114,0.1556,hold,allow,allow,allow,0
370,TRANSFER,703821.38,C1482601147,C1622747181,0.1933,0.0313,hold,allow,allow,allow,0
370,CASH_OUT,164503.07,C1301735617,C281103268,0.1189,-0.0733,hold,allow,allow,allow,0
370,CASH_OUT,365121.1,C784602320,C928547403,0.4659,-0.0413,hold,allow,allow,allow,0
370,TRANSFER,928128.54,C829619069,C1006106359,0.1686,0.0543,hold,allow,allow,allow,0
371,CASH_OUT,9132.64,C1234930130,C1300866253,0.1886,0.037,hold,allow,allow,allow,0
371,CASH_OUT,466878.41,C1775965864,C249913764,0.104,-0.0094,hold,allow,allow,allow,0
371,CASH_OUT,114900.92,C118406241,C2126992837,0.1487,-0.088,hold,allow,allow,allow,0
371,TRANSFER,5767443.16,C1647984987,C1406602675,0.1289,0.2141,escalate_to_human,allow,allow,allow,0
371,CASH_OUT,12288.41,C1413854029,C1970488896,0.1189,0.0243,hold,allow,allow,allow,0
371,CASH_OUT,608074.83,C112056577,C1267372801,0.1985,0.0664,hold,allow,allow,allow,0
371,CASH_OUT,617393.37,C1673810911,C1021361756,0.104,0.0702,hold,allow,allow,allow,0
371,CASH_OUT,596458.01,C821524027,C2043356286,0.1437,0.0637,hold,allow,allow,allow,0
371,TRANSFER,1082.32,C1071579614,C1329174965,0.1286,0.1587,hold,allow,allow,allow,0
371,CASH_OUT,248048.03,C1718001220,C303054771,0.1192,-0.0887,hold,allow,allow,allow,0
371,TRANSFER,9237688.29,C938372912,C1701706347,0.4558,0.2552,escalate_to_human,allow,allow,allow,0
371,TRANSFER,2697568.28,C245756284,C1240186423,0.3916,0.1599,escalate_to_human,allow,allow,allow,0
371,TRANSFER,2994609.76,C119798974,C337367078,0.1042,0.1653,escalate_to_human,allow,allow,allow,0
371,TRANSFER,1539075.52,C1190750561,C161382502,0.1635,0.0982,hold,allow,allow,allow,0
371,CASH_OUT,6783.31,C936805067,C1263181126,0.124,0.0488,hold,allow,allow,allow,0
371,CASH_OUT,67053.85,C555305003,C395629617,0.1735,-0.0686,hold,allow,allow,allow,0
371,TRANSFER,4162256.01,C381041179,C513455572,0.1289,0.193,escalate_to_human,allow,allow,allow,0
371,TRANSFER,45800.46,C324049874,C828819258,0.332,0.0712,hold,allow,allow,allow,0
371,CASH_OUT,455042.97,C720723225,C622895111,0.1684,-0.0176,hold,allow,allow,allow,0
371,TRANSFER,1827015.12,C777442881,C1410301586,0.1588,0.1101,hold,allow,allow,allow,0
371,CASH_OUT,466104.59,C116629911,C1938951692,0.2428,-0.0094,hold,allow,allow,allow,0
371,TRANSFER,2141806.4,C606383039,C928585830,0.3565,0.1411,hold,allow,allow,allow,0
371,TRANSFER,1285542.94,C1691001288,C539527338,0.129,0.0749,hold,allow,allow,allow,0
371,TRANSFER,1536909.26,C975822564,C638466715,0.1982,0.0977,hold,allow,allow,allow,0
371,TRANSFER,504708.75,C871880013,C2120896230,0.1436,0.0083,hold,allow,allow,allow,0
371,TRANSFER,1285822.41,C355703950,C1828538113,0.1141,0.0749,hold,allow,allow,allow,0
371,CASH_OUT,365112.38,C758875759,C1339238018,0.1141,-0.0559,hold,allow,allow,allow,0
371,CASH_OUT,466810.92,C263885167,C1917357770,0.1288,-0.0094,hold,allow,allow,allow,0
371,CASH_OUT,301579.76,C1420118685,C624084868,0.114,-0.0818,hold,allow,allow,allow,0
372,TRANSFER,7056617.72,C924239212,C1909597726,0.1385,0.2311,escalate_to_human,allow,allow,allow,0
372,TRANSFER,9410080.01,C1435906733,C1661993247,0.3958,0.2532,escalate_to_human,allow,allow,allow,0
372,CASH_OUT,134491.86,C266944087,C1931519852,0.4311,-0.0961,hold,allow,allow,allow,0
372,CASH_OUT,466562.42,C196118513,C2127143806,0.218,-0.0169,hold,allow,allow,allow,0
372,TRANSFER,5808702.44,C1534731848,C1806719571,0.3774,0.2149,escalate_to_human,allow,allow,allow,0
372,TRANSFER,64215.09,C1755868281,C804985721,0.104,0.0463,hold,allow,allow,allow,0
372,TRANSFER,2555540.6,C1585573272,C1271612001,0.144,0.1579,escalate_to_human,allow,allow,allow,0
372,TRANSFER,38077.58,C272006280,C917158797,0.1484,0.0803,hold,allow,allow,allow,0
372,TRANSFER,1326026.33,C1642218075,C746843102,0.1687,0.0764,hold,allow,allow,allow,0
372,TRANSFER,472818.9,C268277493,C359612083,0.114,-0.0002,hold,allow,allow,allow,0
372,CASH_OUT,30840.42,C746233616,C2018058780,0.1239,-0.0375,hold,allow,allow,allow,0
372,CASH_OUT,321532.33,C591695506,C1452192755,0.2131,-0.0783,hold,allow,allow,allow,0
372,CASH_OUT,219503.51,C819367490,C450104277,0.2179,-0.0956,hold,allow,allow,allow,0
372,TRANSFER,99249.37,C1466481118,C252835471,0.2174,0.0267,hold,allow,allow,allow,0
372,TRANSFER,9273772.82,C1311050418,C508318350,0.3807,0.2532,escalate_to_human,allow,allow,allow,0
372,CASH_OUT,13958.82,C1869150503,C343086895,0.1142,0.0052,hold,allow,allow,allow,0
372,TRANSFER,3963256.92,C550152238,C2051868384,0.1139,0.1887,escalate_to_human,allow,allow,allow,0
372,TRANSFER,6170292.18,C238261597,C148221420,0.3025,0.2149,escalate_to_human,allow,allow,allow,0
372,CASH_OUT,804219.61,C2110901429,C1091882852,0.4919,0.1087,hold,allow,allow,allow,0
372,TRANSFER,60602.79,C185862885,C1249193247,0.1388,0.0521,hold,allow,allow,allow,0
372,CASH_OUT,16296.64,C630040221,C1240730624,0.3276,-0.0026,hold,allow,allow,allow,0
372,TRANSFER,2882.93,C840761743,C286196046,0.4015,0.1516,hold,allow,allow,allow,0
372,CASH_OUT,79047.5,C1795666823,C225919995,0.1586,-0.0823,hold,allow,allow,allow,0
372,TRANSFER,580948.29,C1096661234,C1011646047,0.1983,0.0026,hold,allow,allow,allow,0
372,CASH_OUT,321504.08,C2643542,C1835606780,0.3172,-0.0783,hold,allow,allow,allow,0
372,TRANSFER,1285574.26,C1478644019,C872503242,0.2233,0.0689,hold,allow,allow,allow,0
372,TRANSFER,1323235.73,C1130821614,C1202505705,0.2182,0.0753,hold,allow,allow,allow,0
372,TRANSFER,9141924.89,C1721804570,C509250177,0.3806,0.2516,escalate_to_human,allow,allow,allow,0
372,CASH_OUT,152277.9,C1994118979,C1850390744,0.1288,-0.0942,hold,allow,allow,allow,0
372,TRANSFER,212578.21,C233288872,C615421522,0.1188,0.0038,hold,allow,allow,allow,0
373,TRANSFER,6105252.04,C553154361,C1240024476,0.4319,0.2138,escalate_to_human,allow,allow,allow,0
373,TRANSFER,4005207.83,C1587795156,C1538642188,0.1685,0.1867,escalate_to_human,allow,allow,allow,0
373,CASH_OUT,248063.53,C1490051517,C843702254,0.2784,-0.0955,hold,allow,allow,allow,0
373,TRANSFER,5676161.92,C793292019,C526166739,0.3677,0.2133,escalate_to_human,allow,allow,allow,0
373,TRANSFER,37856.65,C736279952,C628212140,0.5507,0.0839,hold,hold,allow,hold,0
373,CASH_OUT,95415.71,C1206491591,C1084883975,0.1934,-0.0947,hold,allow,allow,allow,0
373,TRANSFER,997846.52,C1758722311,C356373516,0.2727,0.0403,hold,allow,allow,allow,0
373,TRANSFER,99432.91,C598954845,C2075994620,0.1582,0.0217,hold,allow,allow,allow,0
373,CASH_OUT,450461.76,C275973143,C1098040626,0.124,-0.0297,hold,allow,allow,allow,0
373,TRANSFER,212181.19,C2032042377,C1460268502,0.1886,0.0028,hold,allow,allow,allow,0
373,TRANSFER,351242.32,C158666769,C1158781591,0.1042,-0.0127,hold,allow,allow,allow,0
373,TRANSFER,847520.8,C901281351,C1427825258,0.2875,0.0252,hold,allow,allow,allow,0
373,TRANSFER,2554965.33,C43311349,C999384728,0.1588,0.1547,escalate_to_human,allow,allow,allow,0
373,TRANSFER,141802.66,C1252215089,C450668513,0.1686,0.0131,hold,allow,allow,allow,0
373,TRANSFER,127639.42,C1465020068,C1350343463,0.2829,0.0176,hold,allow,allow,allow,0
373,TRANSFER,342768.95,C1864891535,C4441643,0.243,-0.0083,hold,allow,allow,allow,0
373,TRANSFER,1325577.17,C784546053,C690039069,0.1092,0.0772,hold,allow,allow,allow,0
374,TRANSFER,442731.25,C1349437296,C854034929,0.1091,-0.0132,hold,allow,allow,allow,0
374,TRANSFER,235037.8,C1196398517,C1906785775,0.1486,-0.0066,hold,allow,allow,allow,0
374,TRANSFER,1285338.34,C1563630341,C2083718770,0.2629,0.0694,hold,allow,allow,allow,0
374,CASH_OUT,424931.56,C2056182778,C61141827,0.2279,-0.0419,hold,allow,allow,allow,0
374,TRANSFER,185315.06,C10307583,C17794943,0.1882,-0.0033,hold,allow,allow,allow,0
374,TRANSFER,351235.15,C656325962,C840550992,0.1042,-0.0186,hold,allow,allow,allow,0
374,TRANSFER,925532.5,C1862798735,C1459217787,0.1983,0.0264,hold,allow,allow,allow,0
374,TRANSFER,769520.21,C98924305,C1582767440,0.1487,0.0151,hold,allow,allow,allow,0
374,TRANSFER,987890.53,C355717524,C819331964,0.1735,0.0387,hold,allow,allow,allow,0
374,CASH_OUT,149659.15,C555671567,C358210542,0.3469,-0.0995,hold,allow,allow,allow,0
374,TRANSFER,235491.13,C1072779075,C694752544,0.3272,-0.0066,hold,allow,allow,allow,0
374,CASH_OUT,447586.87,C652335071,C2009378486,0.268,-0.0328,hold,allow,allow,allow,0
374,TRANSFER,1829015.3,C533835045,C596401612,0.1289,0.096,hold,allow,allow,allow,0
374,TRANSFER,996680.18,C1312062568,C1110282469,0.104,0.039,hold,allow,allow,allow,0
374,TRANSFER,2272352.96,C1795863886,C1307199978,0.1139,0.1369,hold,allow,allow,allow,0
374,TRANSFER,1749466.67,C341839185,C1219273867,0.1785,0.0951,hold,allow,allow,allow,0
374,CASH_OUT,240396.52,C51742436,C417593715,0.1041,-0.0954,hold,allow,allow,allow,0
374,CASH_OUT,90193.39,C930860029,C1510471341,0.1783,-0.0929,hold,allow,allow,allow,0
374,TRANSFER,235321.99,C1804078041,C1828787733,0.2378,-0.0066,hold,allow,allow,allow,0
374,TRANSFER,126491.53,C108033221,C731545633,0.2528,0.0114,hold,allow,allow,allow,0
374,TRANSFER,1788433.39,C2101397769,C1523234167,0.3519,0.0956,hold,allow,allow,allow,0
374,CASH_OUT,407802.32,C1648097295,C415932812,0.1191,-0.0505,hold,allow,allow,allow,0
374,TRANSFER,251732.69,C1815897805,C695889360,0.1387,-0.0064,hold,allow,allow,allow,0
375,TRANSFER,38020.52,C38486587,C1963553521,0.2919,0.0795,hold,allow,allow,allow,0
375,TRANSFER,1128244.68,C1962393610,C1571866856,0.1039,0.046,hold,allow,allow,allow,0
375,CASH_OUT,321482.36,C1167192703,C61268741,0.1934,-0.078,hold,allow,allow,allow,0
375,TRANSFER,37711.6,C610927955,C1726572711,0.2429,0.0795,hold,allow,allow,allow,0
375,TRANSFER,213247.82,C324472776,C1660919690,0.2131,-0.0092,hold,allow,allow,allow,0
375,TRANSFER,223099.52,C153482110,C864916222,0.1833,-0.0103,hold,allow,allow,allow,0
375,TRANSFER,184895.29,C1673767931,C514495699,0.1091,-0.0105,hold,allow,allow,allow,0
375,TRANSFER,16907.47,C1073463146,C1645051859,0.1633,0.1063,hold,allow,allow,allow,0
375,TRANSFER,99658.44,C371239773,C857994778,0.3023,0.0124,hold,allow,allow,allow,0
375,TRANSFER,11923.14,C1348420121,C1927504394,0.2085,0.1098,hold,allow,allow,allow,0
375,TRANSFER,331734.77,C1568686213,C1589405935,0.1735,-0.0189,hold,allow,allow,allow,0
375,TRANSFER,93114.01,C313909613,C831670134,0.2331,0.0187,hold,allow,allow,allow,0
375,TRANSFER,94087.2,C2098695169,C675624410,0.1483,0.0166,hold,allow,allow,allow,0
375,TRANSFER,10001912.39,C2137629092,C1128848873,0.2319,0.2567,escalate_to_human,allow,allow,allow,0
375,TRANSFER,3864769.1,C1970624686,C294252921,0.3721,0.1791,escalate_to_human,allow,allow,allow,0
375,CASH_OUT,152329.06,C1150604989,C1673825733,0.1637,-0.0988,hold,allow,allow,allow,0
375,CASH_OUT,224447.04,C1984048427,C2022616114,0.1042,-0.0962,hold,allow,allow,allow,0
375,TRANSFER,2714340.65,C981985614,C1282514576,0.1388,0.1509,escalate_to_human,allow,allow,allow,0
375,CASH_OUT,566344.89,C138436987,C534638748,0.4127,0.0387,hold,allow,allow,allow,0
375,TRANSFER,186071.06,C779889252,C1683882627,0.1884,-0.0112,hold,allow,allow,allow,0
375,TRANSFER,343608.85,C1370248712,C1501764600,0.2273,-0.0183,hold,allow,allow,allow,0
375,CASH_OUT,1203718.7,C1346577003,C1836244468,0.5857,0.1282,hold,hold,allow,hold,0
375,TRANSFER,331287.61,C414252861,C1753106347,0.1138,-0.0189,hold,allow,allow,allow,0
375,TRANSFER,703932.35,C878630756,C1434046013,0.2332,0.0023,hold,allow,allow,allow,0
375,CASH_OUT,273808.12,C1459132405,C673617742,0.3917,-0.0925,hold,allow,allow,allow,0
375,CASH_OUT,224249.71,C276413274,C1772423347,0.1288,-0.0962,hold,allow,allow,allow,0
375,CASH_OUT,5774.23,C362938342,C726807073,0.1933,0.0504,hold,allow,allow,allow,0
375,CASH_OUT,39005.31,C909079712,C1854291691,0.1437,-0.0555,hold,allow,allow,allow,0
375,TRANSFER,344558.32,C1324392015,C369689689,0.2471,-0.0194,hold,allow,allow,allow,0
376,TRANSFER,10000000.0,C445258123,C2024265674,0.4781,0.2556,escalate_to_human,allow,allow,allow,0
376,TRANSFER,2179556.53,C811063903,C190702631,0.183,0.1272,hold,allow,allow,allow,0
376,TRANSFER,116.33,C342186261,C1383171188,0.3173,0.1531,hold,allow,allow,allow,0
376,TRANSFER,61101.81,C1917221880,C375897360,0.1091,0.0468,hold,allow,allow,allow,0
376,TRANSFER,10000000.0,C600733156,C2017751279,0.4781,0.2556,escalate_to_human,allow,allow,allow,0
376,CASH_OUT,8642.93,C1216072507,C967718133,0.1191,0.0109,hold,allow,allow,allow,0
376,TRANSFER,3079648.76,C891896751,C1381163347,0.3078,0.1612,escalate_to_human,allow,allow,allow,0
376,TRANSFER,8733725.41,C187179964,C455499412,0.1237,0.2476,escalate_to_human,allow,allow,allow,0
376,CASH_OUT,469.14,C1746506693,C804522559,0.223,0.1195,hold,allow,allow,allow,0
376,TRANSFER,535865.5,C1806378107,C1346675334,0.1782,-0.0108,hold,allow,allow,allow,0
376,CASH_OUT,11442.73,C1472462513,C831930446,0.1388,-0.003,hold,allow,allow,allow,0
376,TRANSFER,2322873.44,C1156153454,C2050384365,0.218,0.1358,hold,allow,allow,allow,0
376,TRANSFER,10000000.0,C2065148390,C2110699229,0.4781,0.2556,escalate_to_human,allow,allow,allow,0
376,TRANSFER,2329359.22,C35117844,C240287836,0.1785,0.1358,hold,allow,allow,allow,0
376,TRANSFER,8715092.1,C1700198913,C1259613335,0.1237,0.2476,escalate_to_human,allow,allow,allow,0
376,TRANSFER,9997268.73,C2059524195,C942659847,0.4781,0.2556,escalate_to_human,allow,allow,allow,0
376,TRANSFER,633619.31,C1794979345,C1540612257,0.1436,0.0014,hold,allow,allow,allow,0
376,TRANSFER,8582673.71,C45373621,C1616728190,0.1042,0.2445,escalate_to_human,allow,allow,allow,0
376,TRANSFER,2231502.77,C1544180857,C704218393,0.119,0.1301,hold,allow,allow,allow,0
376,TRANSFER,1789105.91,C492930416,C981595020,0.1241,0.0917,hold,allow,allow,allow,0
376,TRANSFER,1788411.56,C1949471096,C1356683910,0.1835,0.0917,hold,allow,allow,allow,0
376,CASH_OUT,104970.89,C580619758,C1383927460,0.1585,-0.0983,hold,allow,allow,allow,0
376,TRANSFER,10000000.0,C957848782,C1867456122,0.4781,0.2556,escalate_to_human,allow,allow,allow,0
376,TRANSFER,3874529.72,C1990581330,C1055680194,0.4018,0.1797,escalate_to_human,allow,allow,allow,0
376,TRANSFER,8650057.13,C1972848367,C286432297,0.1386,0.2445,escalate_to_human,allow,allow,allow,0
376,TRANSFER,10000000.0,C464259931,C232234563,0.4781,0.2556,escalate_to_human,allow,allow,allow,0
376,TRANSFER,18707.45,C744696898,C898310374,0.3168,0.0979,hold,allow,allow,allow,0
376,CASH_OUT,459.38,C1431490944,C1284565997,0.1635,0.1195,hold,allow,allow,allow,0
376,TRANSFER,1287693.85,C1734294345,C1409278594,0.1536,0.0677,hold,allow,allow,allow,0
377,CASH_OUT,940410.98,C2135925148,C1936105883,0.4617,0.1134,hold,allow,allow,allow,0
377,TRANSFER,2344540.14,C466106905,C2067219464,0.3024,0.1403,hold,allow,allow,allow,1
377,CASH_OUT,266752.21,C638718814,C508686994,0.1338,-0.0958,hold,allow,allow,allow,0
377,CASH_OUT,818979.07,C1154055386,C1597005847,0.4763,0.0986,hold,allow,allow,allow,0
377,CASH_OUT,32753.12,C308444667,C1126053535,0.1142,-0.0541,hold,allow,allow,allow,0
377,CASH_OUT,321444.35,C1072475347,C1916572780,0.1091,-0.0788,hold,allow,allow,allow,0
377,TRANSFER,2982866.63,C87635817,C1036516732,0.119,0.1577,escalate_to_human,allow,allow,allow,0
377,CASH_OUT,30853.64,C2140552763,C991351270,0.1983,-0.0526,hold,allow,allow,allow,0
377,TRANSFER,1033507.75,C788450014,C1614190061,0.1188,0.0401,hold,allow,allow,allow,0
377,CASH_OUT,2344540.14,C843030857,C130896876,0.9999,0.1483,escalate_to_human,escalate_to_human,escalate_to_human,escalate_to_human,1
377,TRANSFER,780048.31,C1920267036,C1215594072,0.1041,0.0166,hold,allow,allow,allow,0
377,CASH_OUT,450382.32,C1038233685,C1779637884,0.1686,-0.0236,hold,allow,allow,allow,0
377,TRANSFER,3074926.36,C1117000086,C555706959,0.3524,0.1626,escalate_to_human,allow,allow,allow,0
377,TRANSFER,128516.64,C1405972314,C1723353250,0.1537,0.0133,hold,allow,allow,allow,0
377,CASH_OUT,12273.72,C1882812294,C816632045,0.1289,-0.0106,hold,allow,allow,allow,0
377,CASH_OUT,115.75,C794400384,C1523522920,0.1684,0.1311,hold,allow,allow,allow,0
377,TRANSFER,140789.2,C1283899122,C509499558,0.1834,0.0077,hold,allow,allow,allow,0
377,TRANSFER,11903.01,C1994452964,C761890683,0.3077,0.1086,hold,allow,allow,allow,0
377,TRANSFER,80314.08,C756577715,C593529661,0.3225,0.0277,hold,allow,allow,allow,0
377,CASH_OUT,537254.65,C1602452914,C1775279595,0.1239,0.0324,hold,allow,allow,allow,0
377,CASH_OUT,104955.62,C624429329,C1247915119,0.3965,-0.1022,hold,allow,allow,allow,0
377,CASH_OUT,2156037.97,C1011900416,C50677674,0.9942,0.1448,escalate_to_human,escalate_to_human,escalate_to_human,escalate_to_human,0
378,TRANSFER,60546.4,C440287171,C954068017,0.1983,0.0503,hold,allow,allow,allow,0
378,TRANSFER,249672.14,C871252210,C400182331,0.1537,-0.0101,hold,allow,allow,allow,0
378,TRANSFER,522001.32,C378749900,C917674662,0.119,-0.0049,hold,allow,allow,allow,0
378,TRANSFER,507827.28,C1223603314,C1881769014,0.1041,-0.0033,hold,allow,allow,allow,0
378,TRANSFER,3830869.43,C1386282268,C2098011941,0.1041,0.18,escalate_to_human,allow,allow,allow,0
378,TRANSFER,1139053.09,C2025870694,C1181292033,0.1487,0.0464,hold,allow,allow,allow,0
378,TRANSFER,488877.03,C405847873,C1259228725,0.2032,-0.0053,hold,allow,allow,allow,0
378,CASH_OUT,266691.37,C1682578210,C955368922,0.2429,-0.0909,hold,allow,allow,allow,0
378,CASH_OUT,42058.22,C1651507818,C970179539,0.2578,-0.0655,hold,allow,allow,allow,0
378,TRANSFER,11729.9,C1089846563,C297533978,0.4169,0.1106,hold,allow,allow,allow,0
378,CASH_OUT,90213.44,C2017374108,C602687696,0.2227,-0.0962,hold,allow,allow,allow,0
378,TRANSFER,80176.06,C636651015,C1101698911,0.3372,0.0255,hold,allow,allow,allow,0
378,TRANSFER,3513793.74,C41466725,C553955699,0.1487,0.1722,escalate_to_human,allow,allow,allow,0
378,CASH_OUT,321460.2,C781475329,C727686180,0.1339,-0.075,hold,allow,allow,allow,0
378,TRANSFER,3016889.44,C752677192,C1356073531,0.2235,0.1605,escalate_to_human,allow,allow,allow,0
378,CASH_OUT,16278.24,C507114772,C958204511,0.1833,-0.0246,hold,allow,allow,allow,0
378,TRANSFER,295914.26,C1583460754,C795582211,0.238,-0.0107,hold,allow,allow,allow,0
378,TRANSFER,4113356.69,C258078032,C760134877,0.1487,0.1874,escalate_to_human,allow,allow,allow,0
378,CASH_OUT,410.64,C467154574,C805389708,0.1388,0.1127,hold,allow,allow,allow,0
378,CASH_OUT,1618196.64,C493980541,C1190174557,0.6508,0.1319,hold,hold,allow,hold,0
378,TRANSFER,3386765.43,C1186075105,C1367753751,0.119,0.1695,escalate_to_human,allow,allow,allow,0
378,TRANSFER,3489378.41,C1858110789,C13697468,0.1885,0.1722,escalate_to_human,allow,allow,allow,0
378,CASH_OUT,163298.54,C20863327,C992457804,0.1042,-0.0968,hold,allow,allow,allow,0
378,TRANSFER,3138137.11,C323197189,C1313595384,0.1042,0.1677,escalate_to_human,allow,allow,allow,0
378,CASH_OUT,447533.92,C901242865,C271787479,0.1835,-0.0132,hold,allow,allow,allow,0
378,TRANSFER,16834.21,C1606118324,C1448830489,0.1831,0.1054,hold,allow,allow,allow,0
378,TRANSFER,1142051.93,C751983911,C897005922,0.3666,0.0464,hold,allow,allow,allow,0
378,TRANSFER,2135005.97,C212512584,C116681559,0.198,0.1296,hold,allow,allow,allow,0
378,TRANSFER,560429.38,C299949386,C176453537,0.3521,-0.0048,hold,allow,allow,allow,0
378,TRANSFER,80549.22,C1286952746,C1604966286,0.1487,0.0256,hold,allow,allow,allow,0
378,TRANSFER,2114665.55,C229119525,C1163793334,0.1931,0.1265,hold,allow,allow,allow,0
378,CASH_OUT,134491.85,C878249740,C876153644,0.114,-0.098,hold,allow,allow,allow,0
378,CASH_OUT,538657.86,C1485710333,C1501536847,0.119,0.0387,hold,allow,allow,allow,0
378,TRANSFER,596886.9,C832974743,C305606841,0.1339,-0.002,hold,allow,allow,allow,0
378,TRANSFER,1104863.5,C1281017525,C27415308,0.1984,0.0399,hold,allow,allow,allow,0
378,TRANSFER,1128684.14,C183432854,C394042575,0.3524,0.0437,hold,allow,allow,allow,0
378,CASH_OUT,266685.05,C1913456516,C1394736621,0.2281,-0.0909,hold,allow,allow,allow,0
378,TRANSFER,1286106.42,C376012625,C415765765,0.1935,0.0621,hold,allow,allow,allow,0
379,CASH_OUT,90212.72,C860827287,C1314052374,0.198,-0.0873,hold,allow,allow,allow,0
379,CASH_OUT,483581.11,C1201229974,C151802925,0.1488,0.004,hold,allow,allow,allow,0
379,TRANSFER,798070.78,C1328779325,C756162832,0.1241,0.0247,hold,allow,allow,allow,0
379,CASH_OUT,764022.13,C1833794063,C1931397974,0.1784,0.1001,hold,allow,allow,allow,0
379,CASH_OUT,2623051.23,C516266170,C1382375686,0.9697,0.1584,escalate_to_human,escalate_to_human,escalate_to_human,escalate_to_human,0
379,CASH_OUT,30849.61,C1626895085,C2003114625,0.1835,-0.0459,hold,allow,allow,allow,0
379,CASH_OUT,9118.44,C1496423168,C1323741703,0.1041,0.0146,hold,allow,allow,allow,0
379,CASH_OUT,9134.64,C1379026136,C655131169,0.1485,0.0146,hold,allow,allow,allow,0
379,TRANSFER,446049.54,C1479592887,C220404571,0.2577,-0.0002,hold,allow,allow,allow,0
379,TRANSFER,309761.0,C1143602657,C428400349,0.2428,-0.006,hold,allow,allow,allow,0
379,CASH_OUT,6395.96,C933062016,C1748751403,0.2531,0.0363,hold,allow,allow,allow,0
379,TRANSFER,106412.67,C1955958976,C883081425,0.6546,0.0103,hold,hold,allow,hold,0
379,TRANSFER,1562852.23,C1448736500,C71079289,0.2032,0.0907,hold,allow,allow,allow,0
379,CASH_OUT,160373.11,C1898077983,C1727463786,0.2131,-0.0899,hold,allow,allow,allow,0
379,TRANSFER,106541.83,C905319660,C1016875655,0.2378,0.0103,hold,allow,allow,allow,0
379,CASH_OUT,222810.87,C1171760613,C1008791621,0.119,-0.0838,hold,allow,allow,allow,0
379,TRANSFER,105878.13,C4403112,C570668175,0.2032,0.011,hold,allow,allow,allow,0
379,TRANSFER,483155.56,C413307705,C717608283,0.109,0.0012,hold,allow,allow,allow,0
379,TRANSFER,2355812.03,C1413885433,C290964293,0.1584,0.1423,hold,allow,allow,allow,0
379,CASH_OUT,6784.12,C271612874,C1764604251,0.3517,0.0338,hold,allow,allow,allow,0
379,TRANSFER,19733.5,C610923644,C1373524650,0.1835,0.093,hold,allow,allow,allow,0
379,CASH_OUT,161923.11,C172875360,C1088712934,0.119,-0.0901,hold,allow,allow,allow,0
379,CASH_OUT,32694.52,C678915712,C467642285,0.1585,-0.0482,hold,allow,allow,allow,0
379,TRANSFER,106242.76,C2043300405,C984561614,0.3368,0.011,hold,allow,allow,allow,0
379,TRANSFER,447905.49,C1970196908,C1147731478,0.3667,0.001,hold,allow,allow,allow,0
379,TRANSFER,106308.37,C59984263,C1902916694,0.4858,0.0113,hold,allow,allow,allow,0
379,TRANSFER,146696.07,C1902382696,C2100372072,0.1042,0.0044,hold,allow,allow,allow,0
379,CASH_OUT,2983996.6,C588956129,C1673836428,0.9747,0.1593,escalate_to_human,escalate_to_human,escalate_to_human,escalate_to_human,1
379,CASH_OUT,175250.26,C920085645,C1140562768,0.134,-0.0929,hold,allow,allow,allow,0
379,CASH_OUT,222718.51,C842806323,C1667516866,0.2327,-0.0838,hold,allow,allow,allow,0
380,TRANSFER,6660907.52,C118383555,C1329282153,0.6967,0.222,escalate_to_human,escalate_to_human,allow,escalate_to_human,0
380,CASH_OUT,94234.39,C1971052285,C1415885358,0.1786,-0.0799,hold,allow,allow,allow,0
380,CASH_OUT,38147.84,C437898421,C2058014912,0.1784,-0.0392,hold,allow,allow,allow,0
380,CASH_OUT,443586.99,C1983291800,C300084862,0.1339,0.0116,hold,allow,allow,allow,0
380,CASH_OUT,67027.82,C776389099,C789859228,0.1488,-0.0678,hold,allow,allow,allow,0
380,TRANSFER,1556035.35,C2016712861,C1541492502,0.1533,0.1018,hold,allow,allow,allow,0
380,TRANSFER,1641762.42,C2098105069,C1329697001,0.1633,0.1122,hold,allow,allow,allow,0
380,TRANSFER,4176695.47,C402843383,C1398369151,0.3371,0.1952,escalate_to_human,allow,allow,allow,0
380,TRANSFER,1560551.06,C1180597634,C505788594,0.2228,0.1018,hold,allow,allow,allow,0
380,TRANSFER,455514.27,C1557818843,C1892769340,0.1387,0.0156,hold,allow,allow,allow,0
380,TRANSFER,456315.93,C954437925,C1212353249,0.3915,0.0163,hold,allow,allow,allow,0
380,CASH_OUT,266716.37,C771540426,C248373591,0.1241,-0.0628,hold,allow,allow,allow,0
380,CASH_OUT,592673.8,C322382794,C2094266319,0.1885,0.0697,hold,allow,allow,allow,0
380,TRANSFER,454986.35,C1607157188,C1556080251,0.104,0.0156,hold,allow,allow,allow,0
380,TRANSFER,1390539.25,C536612908,C574359293,0.1141,0.093,hold,allow,allow,allow,0
380,TRANSFER,4621016.97,C384315916,C737979678,0.3268,0.2008,escalate_to_human,allow,allow,allow,0
380,TRANSFER,8703.72,C686716353,C1197698982,0.2282,0.1345,hold,allow,allow,allow,0
380,CASH_OUT,443841.1,C2016410157,C1344561835,0.2332,0.0116,hold,allow,allow,allow,0
380,CASH_OUT,94264.58,C1728905575,C288057792,0.4216,-0.0799,hold,allow,allow,allow,0
380,CASH_OUT,21503.57,C1865595757,C2124239253,0.317,-0.017,hold,allow,allow,allow,0
380,TRANSFER,1431957.7,C44018030,C1634062021,0.1038,0.0927,hold,allow,allow,allow,0
380,TRANSFER,5764657.93,C956648064,C879984730,0.2826,0.2138,escalate_to_human,allow,allow,allow,0
380,CASH_OUT,480.88,C1389372007,C461367701,0.3272,0.1258,hold,allow,allow,allow,0
380,TRANSFER,19695.14,C2038905238,C1717936341,0.2083,0.1109,hold,allow,allow,allow,0
380,TRANSFER,6723781.51,C1057736280,C379630745,0.6569,0.2235,escalate_to_human,escalate_to_human,allow,escalate_to_human,0
380,TRANSFER,1369397.06,C105331235,C2025095879,0.3172,0.0899,hold,allow,allow,allow,0
380,CASH_OUT,6775.56,C1569693352,C2083463272,0.4407,0.0383,hold,allow,allow,allow,0
380,TRANSFER,1564867.62,C1759885045,C179912218,0.4109,0.1022,hold,allow,allow,allow,0
380,CASH_OUT,301648.49,C51136858,C1846005149,0.2531,-0.0559,hold,allow,allow,allow,0
380,TRANSFER,1956517.66,C2076414992,C1165219787,0.1885,0.1233,hold,allow,allow,allow,0
380,TRANSFER,36149.46,C2047110088,C922820910,0.2977,0.0809,hold,allow,allow,allow,0
380,CASH_OUT,36017.96,C1406406094,C305740458,0.1637,-0.0387,hold,allow,allow,allow,0
380,TRANSFER,35807.28,C1112933486,C698147964,0.2429,0.0809,hold,allow,allow,allow,0
380,CASH_OUT,482408.73,C80869259,C1937396058,0.114,0.0214,hold,allow,allow,allow,0
380,CASH_OUT,175214.32,C1874451388,C1207115137,0.1288,-0.0821,hold,allow,allow,allow,0
380,CASH_OUT,101919.83,C1335208849,C171565620,0.1239,-0.0823,hold,allow,allow,allow,0
380,CASH_OUT,8645.43,C775668221,C1542474284,0.3124,0.0243,hold,allow,allow,allow,0
380,TRANSFER,295743.61,C521852196,C841859160,0.1635,0.0096,hold,allow,allow,allow,0
380,TRANSFER,443679.11,C319873873,C1282302260,0.1986,0.0143,hold,allow,allow,allow,0
380,TRANSFER,17042.68,C168935216,C1480483970,0.134,0.1146,hold,allow,allow,allow,0
381,TRANSFER,2052293.25,C1358471680,C1969557942,0.3722,0.1462,hold,allow,allow,allow,0
381,CASH_OUT,371635.9,C2101855217,C118996094,0.1835,-0.0019,hold,allow,allow,allow,0
381,TRANSFER,10457.85,C1601597154,C653408188,0.3219,0.1407,hold,allow,allow,allow,0
381,TRANSFER,21717.24,C79842550,C1912262715,0.2031,0.119,hold,allow,allow,allow,0
381,TRANSFER,2173038.87,C1456587293,C577578228,0.4422,0.1566,hold,allow,allow,allow,0
381,CASH_OUT,179537.06,C1678068060,C599320469,0.1486,-0.0475,hold,allow,allow,allow,0
381,TRANSFER,5680182.86,C927311410,C720179024,0.1387,0.228,escalate_to_human,allow,allow,allow,0
381,TRANSFER,6479964.44,C778099570,C39174028,0.7118,0.2344,escalate_to_human,escalate_to_human,allow,escalate_to_human,0
381,CASH_OUT,6823.84,C301221392,C1030142961,0.1042,0.0644,hold,allow,allow,allow,0
381,TRANSFER,2235507.83,C2089625713,C1272179353,0.5666,0.1597,hold,hold,allow,hold,0
381,TRANSFER,703882.14,C1086283812,C575658952,0.2579,0.0511,hold,allow,allow,allow,1
381,TRANSFER,295710.74,C491023369,C862007613,0.1289,0.0341,hold,allow,allow,allow,0
381,TRANSFER,446034.21,C1166367120,C1948985729,0.1883,0.0387,hold,allow,allow,allow,0
381,TRANSFER,120558.43,C951395044,C1005987591,0.1338,0.0527,hold,allow,allow,allow,0
381,CASH_OUT,217185.68,C226321919,C869958654,0.2974,-0.039,hold,allow,allow,allow,0
381,TRANSFER,31361.98,C141874819,C1261055148,0.1982,0.1069,hold,allow,allow,allow,0
381,TRANSFER,164036.44,C1498871174,C1362517815,0.2081,0.0434,hold,allow,allow,allow,0
381,TRANSFER,590751.07,C684397133,C390469958,0.1636,0.04,hold,allow,allow,allow,0
381,TRANSFER,1340068.5,C1425432067,C820209181,0.1487,0.1091,hold,allow,allow,allow,0
381,TRANSFER,164287.53,C1930937265,C1832021551,0.223,0.0434,hold,allow,allow,allow,0
381,TRANSFER,448059.1,C632497478,C934266288,0.2179,0.0399,hold,allow,allow,allow,0
381,TRANSFER,10596.04,C1924423898,C354176704,0.3219,0.1407,hold,allow,allow,allow,0
381,CASH_OUT,179515.61,C658726619,C1443188406,0.1337,-0.0475,hold,allow,allow,allow,0
381,CASH_OUT,175287.39,C1524308871,C1867415007,0.124,-0.0492,hold,allow,allow,allow,0
381,TRANSFER,9788.91,C874545553,C973682488,0.3318,0.1447,hold,allow,allow,allow,0
382,TRANSFER,104796.81,C753635635,C287672030,0.1736,0.0812,hold,allow,allow,allow,0
382,CASH_OUT,77626.38,C1745460102,C281932480,0.362,-0.0028,hold,allow,allow,allow,0
382,TRANSFER,105146.72,C1611577585,C1953688043,0.1785,0.0812,hold,allow,allow,allow,0
382,TRANSFER,171118.88,C1940729315,C123699067,0.1439,0.0751,hold,allow,allow,allow,0
382,CASH_OUT,1595587.46,C1681145385,C1060758741,0.8419,0.1584,hold,hold,allow,hold,1
382,TRANSFER,2175252.93,C131256208,C200693383,0.4218,0.1687,hold,allow,allow,allow,0
382,CASH_OUT,416241.56,C257625756,C2138126285,0.1389,0.0404,hold,allow,allow,allow,0
382,TRANSFER,2060214.75,C462628945,C1132946496,0.4169,0.161,hold,allow,allow,allow,0
382,TRANSFER,74747.93,C246524733,C836961497,0.6155,0.0946,hold,hold,allow,hold,0
382,TRANSFER,76038.55,C189095765,C1377566235,0.4069,0.0895,hold,allow,allow,allow,0
382,TRANSFER,2131390.16,C2080068635,C207028202,0.1088,0.1683,hold,allow,allow,allow,0
382,TRANSFER,2052457.07,C2035293775,C1302887939,0.4315,0.161,hold,allow,allow,allow,0
382,CASH_OUT,459560.11,C632398049,C683754367,0.2226,0.0617,hold,allow,allow,allow,0
382,TRANSFER,1344482.92,C1634220738,C1545913382,0.2965,0.1306,hold,allow,allow,allow,0
382,TRANSFER,21966.67,C250876112,C507907736,0.1142,0.1341,hold,allow,allow,allow,0
382,TRANSFER,7312841.07,C2005677504,C546541217,0.7269,0.2481,escalate_to_human,escalate_to_human,allow,escalate_to_human,0
382,CASH_OUT,77789.64,C335637506,C1854165896,0.4562,-0.0028,hold,allow,allow,allow,0
382,TRANSFER,217844.6,C910946553,C737240468,0.2432,0.0742,hold,allow,allow,allow,0
382,TRANSFER,2161821.1,C580549496,C1336782438,0.2078,0.1687,hold,allow,allow,allow,0
382,TRANSFER,5174287.58,C236182563,C432427017,0.1934,0.235,escalate_to_human,allow,allow,allow,0
383,CASH_OUT,297668.02,C1390803415,C1268360646,0.3815,0.0099,hold,allow,allow,allow,0
383,TRANSFER,170552.08,C767458200,C1853103014,0.3221,0.096,hold,allow,allow,allow,0
383,TRANSFER,1367400.99,C1898792333,C757185567,0.2919,0.1468,hold,allow,allow,allow,0
383,CASH_OUT,8654.68,C923874509,C1596232191,0.1932,0.0812,hold,allow,allow,allow,0
383,TRANSFER,133043.77,C1179316947,C1773712560,0.2085,0.1014,hold,allow,allow,allow,0
383,TRANSFER,456844.98,C987791196,C384524299,0.1388,0.0833,hold,allow,allow,allow,0
383,TRANSFER,5872908.76,C2115638373,C870869979,0.164,0.2471,escalate_to_human,allow,allow,allow,0
383,CASH_OUT,4731371.88,C1671601365,C66224368,0.9698,0.2078,escalate_to_human,escalate_to_human,escalate_to_human,escalate_to_human,1
383,CASH_OUT,811596.29,C1684909117,C741537115,0.3721,0.1526,hold,allow,allow,allow,0
383,CASH_OUT,643968.43,C833186368,C583433847,0.2666,0.1399,hold,allow,allow,allow,0
383,TRANSFER,4104942.7,C827588953,C878693982,0.1487,0.2281,escalate_to_human,allow,allow,allow,1
383,TRANSFER,224533.19,C133603946,C1668577609,0.4116,0.0937,hold,allow,allow,allow,0
383,CASH_OUT,203490.72,C1060327545,C847554965,0.1488,0.0079,hold,allow,allow,allow,0
383,CASH_OUT,363113.81,C795880886,C1035272660,0.1288,0.0294,hold,allow,allow,allow,0
383,TRANSFER,204230.82,C141876604,C686154172,0.1538,0.096,hold,allow,allow,allow,0
383,CASH_OUT,298315.56,C767532101,C423494698,0.1042,0.0106,hold,allow,allow,allow,0
383,TRANSFER,171983.48,C799031633,C1496667671,0.3914,0.0947,hold,allow,allow,allow,0
383,TRANSFER,32015.93,C1862108421,C13212085,0.1139,0.1441,hold,allow,allow,allow,0
383,TRANSFER,168728.37,C1541699032,C562335326,0.223,0.096,hold,allow,allow,allow,0
383,TRANSFER,136196.71,C618456876,C251265184,0.2083,0.102,hold,allow,allow,allow,0
383,TRANSFER,162673.73,C1905335905,C502186293,0.1041,0.0946,hold,allow,allow,allow,0
383,CASH_OUT,294791.75,C1703295710,C74906034,0.2132,0.0078,hold,allow,allow,allow,0
384,TRANSFER,1287729.64,C2031386260,C724958854,0.15,0.1906,hold,allow,allow,allow,0
384,TRANSFER,118833.22,C479943982,C773705472,0.1387,0.167,hold,allow,allow,allow,0
384,CASH_OUT,309085.39,C515835919,C1649148734,0.6045,0.0958,hold,hold,allow,hold,0
384,CASH_OUT,869347.44,C2036101995,C664247545,0.5137,0.2131,hold,hold,allow,hold,0
384,CASH_OUT,7863.03,C826306919,C1484758011,0.3221,0.171,hold,allow,allow,allow,0
384,TRANSFER,1799987.06,C1798298223,C1442361883,0.3243,0.2049,hold,allow,allow,allow,0
384,CASH_OUT,750834.82,C361007253,C237818469,0.5876,0.205,hold,hold,allow,hold,0
384,TRANSFER,2297590.49,C1104307217,C687282757,0.2305,0.2257,hold,allow,allow,allow,0
384,CASH_OUT,312932.61,C1416762699,C547477268,0.1537,0.099,hold,allow,allow,allow,0
384,CASH_OUT,8647.17,C310674988,C724112285,0.2676,0.1683,hold,allow,allow,allow,0
384,TRANSFER,1882492.86,C697071955,C290262973,0.2101,0.2044,hold,allow,allow,allow,0
384,TRANSFER,974862.64,C1928463434,C176283964,0.1098,0.1789,hold,allow,allow,allow,0
384,TRANSFER,2256473.79,C975526571,C148374740,0.2597,0.2237,hold,allow,allow,allow,0
384,CASH_OUT,644180.96,C78099557,C1353495461,0.119,0.1943,hold,allow,allow,allow,0
384,CASH_OUT,103626.21,C348038497,C714231634,0.3076,0.0969,hold,allow,allow,allow,0
384,TRANSFER,111499.21,C1700956156,C947900277,0.3069,0.1661,hold,allow,allow,allow,0
384,CASH_OUT,8126.6,C1165029085,C2142586947,0.2923,0.171,hold,allow,allow,allow,0
384,TRANSFER,358974.07,C920978772,C783140439,0.1041,0.1477,hold,allow,allow,allow,0
385,CASH_OUT,101452.42,C1304590006,C827580543,0.1881,0.0963,hold,allow,allow,allow,0
385,TRANSFER,569732.03,C770563107,C241762479,0.2331,0.1453,hold,allow,allow,allow,0
385,TRANSFER,363316.78,C1163568495,C2026975285,0.2088,0.1426,hold,allow,allow,allow,0
385,TRANSFER,675256.15,C1788237309,C127711052,0.4165,0.1446,hold,allow,allow,allow,0
385,TRANSFER,19896.28,C696356143,C1606294219,0.6602,0.2034,hold,hold,allow,hold,0
385,TRANSFER,349444.57,C338945851,C1783122804,0.1887,0.1431,hold,allow,allow,allow,0
385,CASH_OUT,259159.26,C1987648433,C1854875714,0.1092,0.0976,hold,allow,allow,allow,0
385,CASH_OUT,20075.09,C2024224103,C303911121,0.2426,0.143,hold,allow,allow,allow,0
385,TRANSFER,2588692.44,C962132875,C1877519024,0.1588,0.2289,escalate_to_human,allow,allow,allow,0
385,TRANSFER,1467028.41,C40246674,C185369050,0.4911,0.1938,hold,allow,allow,allow,0
385,CASH_OUT,15168.44,C404847958,C1527845672,0.4708,0.1559,hold,allow,allow,allow,0
385,TRANSFER,269920.84,C1678900482,C645310353,0.129,0.1482,hold,allow,allow,allow,0
385,TRANSFER,1052893.68,C2038921687,C567991821,0.2722,0.1738,hold,allow,allow,allow,0
385,TRANSFER,512198.27,C1751374251,C1388649833,0.1189,0.1447,hold,allow,allow,allow,0
386,CASH_OUT,38418.83,C875582386,C1193610661,0.3964,0.1074,hold,allow,allow,allow,0
386,CASH_OUT,9723.82,C1593579457,C44247024,0.1434,0.1522,hold,allow,allow,allow,0
386,CASH_OUT,52625.04,C883288477,C218599067,0.1439,0.1076,hold,allow,allow,allow,0
386,TRANSFER,432190.56,C136600087,C368399271,0.1395,0.1384,hold,allow,allow,allow,0
386,CASH_OUT,594802.31,C1586407134,C1461991904,0.7665,0.1741,hold,hold,allow,hold,0
386,TRANSFER,305879.17,C1764122938,C1559681802,0.2428,0.1363,hold,allow,allow,allow,0
386,CASH_OUT,32251.8,C1457022857,C1223289133,0.2925,0.1187,hold,allow,allow,allow,0
386,CASH_OUT,163519.5,C1259808127,C1934973392,0.1733,0.0821,hold,allow,allow,allow,0
386,CASH_OUT,412977.19,C1398296462,C1980394365,0.1192,0.1035,hold,allow,allow,allow,0
386,CASH_OUT,13197.76,C340433680,C521891558,0.3471,0.1465,hold,allow,allow,allow,0
386,TRANSFER,80950.13,C782423795,C2028434792,0.2374,0.1555,hold,allow,allow,allow,0
386,CASH_OUT,26199.4,C1838072351,C735468984,0.2774,0.128,hold,allow,allow,allow,0
386,TRANSFER,266830.81,C678853007,C1410250470,0.3476,0.1403,hold,allow,allow,allow,0
386,CASH_OUT,253913.12,C1790714745,C1184164392,0.2134,0.0846,hold,allow,allow,allow,0
386,TRANSFER,55813.17,C1967890165,C1566822625,0.5718,0.1658,hold,hold,allow,hold,0
386,CASH_OUT,18505.84,C2017557051,C304300337,0.4016,0.1358,hold,allow,allow,allow,0
386,CASH_OUT,50033.99,C58857287,C1423709967,0.1785,0.1089,hold,allow,allow,allow,0
386,TRANSFER,197815.72,C1159520613,C1290979645,0.1235,0.1418,hold,allow,allow,allow,0
387,CASH_OUT,245970.86,C1529702229,C1178104169,0.5956,0.0583,hold,hold,allow,hold,1
387,CASH_OUT,10000000.0,C618976547,C1908782637,0.9549,0.2668,escalate_to_human,escalate_to_human,escalate_to_human,escalate_to_human,1
388,CASH_OUT,2641674.43,C1787722017,C837578141,0.9848,0.2136,escalate_to_human,escalate_to_human,escalate_to_human,escalate_to_human,1
388,TRANSFER,236388.4,C907729353,C82050695,0.5032,0.1015,hold,hold,allow,hold,1
390,CASH_OUT,1084144.37,C1515227045,C1377230144,0.9243,0.1695,escalate_to_human,escalate_to_human,escalate_to_human,escalate_to_human,1
390,TRANSFER,638693.49,C2028086379,C1948809039,0.5516,0.0772,hold,hold,allow,hold,1
391,CASH_OUT,4559921.56,C1705309294,C560881857,0.9997,0.2108,escalate_to_human,escalate_to_human,escalate_to_human,escalate_to_human,1
393,TRANSFER,6670985.34,C940062745,C1364469877,0.1781,0.2511,escalate_to_human,allow,allow,allow,0
393,TRANSFER,503554.47,C1228266646,C998180615,0.2082,0.0561,hold,allow,allow,allow,0
393,TRANSFER,410203.88,C270521551,C1166834207,0.1478,0.0604,hold,allow,allow,allow,0
393,TRANSFER,374146.14,C2016532060,C1836945304,0.1735,0.0572,hold,allow,allow,allow,0
393,TRANSFER,4023187.63,C1027712617,C1792862690,0.118,0.2173,escalate_to_human,allow,allow,allow,0
393,TRANSFER,1534096.25,C758391605,C521905470,0.1438,0.1382,hold,allow,allow,allow,0
393,CASH_OUT,602733.52,C2136592386,C834434308,0.2421,0.0951,hold,allow,allow,allow,0
393,TRANSFER,2130057.89,C1006922096,C324437700,0.1927,0.1708,hold,allow,allow,allow,0
393,CASH_OUT,96627.7,C1633435571,C352025003,0.1191,-0.0457,hold,allow,allow,allow,0
393,TRANSFER,8204390.45,C1675625354,C102227621,0.2526,0.266,escalate_to_human,allow,allow,allow,0
393,TRANSFER,3062732.32,C2139495922,C922945060,0.1726,0.1947,escalate_to_human,allow,allow,allow,0
393,CASH_OUT,604222.61,C84558025,C723232128,0.2025,0.0951,hold,allow,allow,allow,0
393,TRANSFER,2978088.8,C1307034902,C922475045,0.1485,0.1947,escalate_to_human,allow,allow,allow,0
393,TRANSFER,368321.11,C672858351,C1906667825,0.2727,0.0575,hold,allow,allow,allow,0
393,TRANSFER,3172618.96,C857672624,C736323238,0.1083,0.2052,escalate_to_human,allow,allow,allow,0
393,TRANSFER,3299818.21,C2086240044,C826506643,0.3215,0.2056,escalate_to_human,allow,allow,allow,0
393,TRANSFER,297274.54,C630725742,C866898714,0.1586,0.0547,hold,allow,allow,allow,0
393,TRANSFER,3239147.12,C1926991797,C113655582,0.3315,0.2052,escalate_to_human,allow,allow,allow,0
393,CASH_OUT,613914.81,C1078311691,C843712523,0.4504,0.0995,hold,allow,allow,allow,0
393,TRANSFER,141770.2,C934472306,C1686163955,0.2727,0.0675,hold,allow,allow,allow,0
393,TRANSFER,3256005.57,C1482946123,C1197926196,0.3365,0.2056,escalate_to_human,allow,allow,allow,0
393,TRANSFER,383940.86,C1819042114,C6091838,0.1731,0.0581,hold,allow,allow,allow,0
393,TRANSFER,8145175.97,C916448510,C1284323392,0.2477,0.266,escalate_to_human,allow,allow,allow,0
393,TRANSFER,7162011.07,C605092601,C1942748414,0.2326,0.2547,escalate_to_human,allow,allow,allow,0
393,TRANSFER,3306987.35,C964200313,C1673777079,0.3017,0.2056,escalate_to_human,allow,allow,allow,0
393,TRANSFER,7494082.31,C1904922681,C1033210853,0.2128,0.2583,escalate_to_human,allow,allow,allow,0
393,TRANSFER,3185116.7,C699245729,C1132754645,0.1926,0.2052,escalate_to_human,allow,allow,allow,0
393,CASH_OUT,2957.79,C1785433444,C1946259523,0.1676,0.1143,hold,allow,allow,allow,0
393,TRANSFER,1017733.49,C1034293225,C509631413,0.2554,0.0972,hold,allow,allow,allow,0
393,CASH_OUT,27062.99,C1808492187,C168826108,0.4215,0.0232,hold,allow,allow,allow,0
393,TRANSFER,2137881.85,C1198381337,C1807113959,0.4554,0.1708,hold,allow,allow,allow,0
393,CASH_OUT,90779.02,C1761933686,C292297132,0.2629,-0.0418,hold,allow,allow,allow,0
393,TRANSFER,3285903.62,C221454294,C1495275252,0.4158,0.2056,escalate_to_human,allow,allow,allow,0
393,TRANSFER,2269042.22,C410207914,C1310073020,0.1286,0.1753,hold,allow,allow,allow,0
394,CASH_OUT,16297.73,C1666902972,C721748573,0.1538,0.02,hold,allow,allow,allow,0
394,TRANSFER,1452064.03,C1052909948,C593074365,0.178,0.106,hold,allow,allow,allow,0
394,CASH_OUT,442738.09,C49349813,C709021673,0.6246,-0.0058,hold,hold,allow,hold,0
394,TRANSFER,1462454.8,C1305321250,C2070759450,0.342,0.1064,hold,allow,allow,allow,0
394,TRANSFER,114244.28,C1877479289,C998663186,0.2084,0.043,hold,allow,allow,allow,0
394,CASH_OUT,9242.96,C768791473,C1244729794,0.1637,0.0481,hold,allow,allow,allow,0
394,TRANSFER,472719.27,C1246635172,C1388649833,0.3469,0.0248,hold,allow,allow,allow,0
394,CASH_OUT,2209.53,C1358837811,C1685760895,0.1286,0.1088,hold,allow,allow,allow,0
394,TRANSFER,490758.35,C361927274,C758606354,0.1141,0.0249,hold,allow,allow,allow,0
394,TRANSFER,1458579.91,C12537602,C1946681285,0.1733,0.1064,hold,allow,allow,allow,0
394,CASH_OUT,365167.75,C1825024658,C534347764,0.3071,-0.0413,hold,allow,allow,allow,0
394,TRANSFER,2138276.52,C165291914,C764911483,0.3121,0.1507,hold,allow,allow,allow,0
394,TRANSFER,141295.36,C1187116450,C1376844055,0.2033,0.0353,hold,allow,allow,allow,0
394,CASH_OUT,110530.24,C886278940,C1798425737,0.2183,-0.0771,hold,allow,allow,allow,0
394,TRANSFER,5412439.67,C1962903989,C1779997608,0.1388,0.2204,escalate_to_human,allow,allow,allow,0
394,CASH_OUT,95348.56,C1184369855,C1332931349,0.1489,-0.0747,hold,allow,allow,allow,0
394,TRANSFER,70651.23,C44594097,C752440138,0.1092,0.0635,hold,allow,allow,allow,0
394,CASH_OUT,364934.03,C961471597,C1615873553,0.1588,-0.0413,hold,allow,allow,allow,0
394,CASH_OUT,9085.86,C217720370,C1320473324,0.1537,0.0478,hold,allow,allow,allow,0
394,CASH_OUT,442743.31,C244420922,C1073033187,0.6246,-0.0058,hold,hold,allow,hold,0
394,TRANSFER,345053.91,C1742434092,C1759145559,0.1041,0.024,hold,allow,allow,allow,0
394,CASH_OUT,110546.98,C2125643838,C193315400,0.1388,-0.0771,hold,allow,allow,allow,0
394,CASH_OUT,442820.2,C1159161065,C583501785,0.307,-0.0056,hold,allow,allow,allow,0
394,TRANSFER,140625.08,C2121744912,C282106506,0.2282,0.0353,hold,allow,allow,allow,0
394,TRANSFER,473764.38,C450714867,C558312068,0.1089,0.0248,hold,allow,allow,allow,0
394,TRANSFER,71535.34,C1142973989,C795608406,0.5665,0.0628,hold,hold,allow,hold,0
394,CASH_OUT,5718.95,C1794279964,C1957524873,0.1982,0.0719,hold,allow,allow,allow,0
394,TRANSFER,2687360.95,C308136737,C1149715853,0.1983,0.1703,escalate_to_human,allow,allow,allow,0
394,TRANSFER,1461394.16,C167672511,C1476191345,0.4265,0.1064,hold,allow,allow,allow,0
394,TRANSFER,142961.64,C1000737706,C124208668,0.2827,0.0353,hold,allow,allow,allow,0
394,TRANSFER,1451086.09,C1102028388,C429023687,0.2721,0.106,hold,allow,allow,allow,0
394,TRANSFER,765741.79,C1847616252,C2147296556,0.3121,0.0377,hold,allow,allow,allow,0
394,CASH_OUT,2273.15,C10010388,C1070285563,0.2774,0.1088,hold,allow,allow,allow,0
394,TRANSFER,489685.52,C92869008,C1256696710,0.2033,0.0249,hold,allow,allow,allow,0
395,CASH_OUT,48367.11,C702789805,C544061044,0.4314,-0.0453,hold,allow,allow,allow,0
395,TRANSFER,472678.17,C1357136790,C1167029703,0.4411,0.0079,hold,allow,allow,allow,0
395,TRANSFER,342867.54,C220852073,C165335827,0.1587,0.0056,hold,allow,allow,allow,0
395,TRANSFER,997763.08,C56354871,C445865769,0.2182,0.0459,hold,allow,allow,allow,0
395,CASH_OUT,11387.82,C1361334395,C2110170394,0.1835,0.0281,hold,allow,allow,allow,0
395,CASH_OUT,72552.76,C1638944226,C242089617,0.2381,-0.0752,hold,allow,allow,allow,0
395,CASH_OUT,96620.44,C1225389340,C145361558,0.1041,-0.0863,hold,allow,allow,allow,0
395,CASH_OUT,425004.34,C1994058446,C1129670590,0.2531,-0.0343,hold,allow,allow,allow,0
395,CASH_OUT,369447.79,C721833821,C116079381,0.114,-0.0532,hold,allow,allow,allow,0
395,CASH_OUT,12287.54,C2034582320,C926447927,0.1238,0.0243,hold,allow,allow,allow,0
395,CASH_OUT,594585.19,C1221925791,C821758097,0.471,0.0637,hold,allow,allow,allow,0
395,TRANSFER,509294.58,C2113946962,C924515201,0.1286,0.009,hold,allow,allow,allow,0
395,TRANSFER,12380.19,C634774533,C2009373037,0.3766,0.1218,hold,allow,allow,allow,0
395,CASH_OUT,466340.77,C1288441631,C877672543,0.322,-0.0094,hold,allow,allow,allow,0
395,CASH_OUT,72562.81,C831097094,C612179276,0.1042,-0.0752,hold,allow,allow,allow,0
396,TRANSFER,1535141.05,C1325642074,C501983161,0.2182,0.0898,hold,allow,allow,allow,0
396,TRANSFER,2141388.34,C200902896,C1855617185,0.4758,0.1378,hold,allow,allow,allow,0
396,TRANSFER,884150.97,C2131822611,C84334916,0.1536,0.0296,hold,allow,allow,allow,0
396,CASH_OUT,14197.46,C338288303,C1329619784,0.243,0.0029,hold,allow,allow,allow,0
396,TRANSFER,93790.91,C1731788665,C1690698284,0.1487,0.0302,hold,allow,allow,allow,0
396,TRANSFER,106489.74,C1153798181,C816392156,0.144,0.0227,hold,allow,allow,allow,0
396,TRANSFER,1285684.93,C794825677,C943304720,0.2233,0.0689,hold,allow,allow,allow,0
396,TRANSFER,3923651.3,C2056864735,C1305052965,0.1685,0.1868,escalate_to_human,allow,allow,allow,0
396,CASH_OUT,93463.06,C421649675,C682797966,0.1093,-0.0895,hold,allow,allow,allow,0
396,TRANSFER,1128610.95,C2128218524,C1626696181,0.1885,0.051,hold,allow,allow,allow,0
396,TRANSFER,627917.61,C286134181,C1185665433,0.2429,0.0064,hold,allow,allow,allow,0
396,TRANSFER,238.13,C1384941676,C1637141408,0.6116,0.16,hold,hold,allow,hold,0
396,TRANSFER,1534737.87,C2093220861,C974133498,0.2677,0.0898,hold,allow,allow,allow,0
396,TRANSFER,98793.68,C398277472,C971826027,0.3416,0.0267,hold,allow,allow,allow,0
396,TRANSFER,1128947.47,C75125610,C641077507,0.1142,0.051,hold,allow,allow,allow,0
396,CASH_OUT,90204.44,C1994929025,C652789173,0.3815,-0.0847,hold,allow,allow,allow,0
396,CASH_OUT,252381.62,C677289991,C59861222,0.1686,-0.0916,hold,allow,allow,allow,0
396,CASH_OUT,321463.17,C213583877,C827728772,0.5899,-0.0783,hold,hold,allow,hold,0
396,TRANSFER,115.84,C189654246,C1776419871,0.3376,0.16,hold,allow,allow,allow,0
396,TRANSFER,1129005.54,C157712804,C1827037909,0.1142,0.051,hold,allow,allow,allow,0
396,CASH_OUT,566581.98,C702825559,C860639474,0.3679,0.035,hold,allow,allow,allow,0
396,TRANSFER,185119.09,C339612056,C823423672,0.1042,0.0046,hold,allow,allow,allow,0
396,TRANSFER,1285264.45,C1325962038,C1680177404,0.2431,0.0689,hold,allow,allow,allow,0
397,TRANSFER,4097606.61,C1136080015,C445111556,0.1737,0.19,escalate_to_human,allow,allow,allow,0
397,CASH_OUT,96640.34,C457206348,C1179784375,0.6346,-0.0943,hold,hold,allow,hold,0
397,CASH_OUT,149674.73,C1698769169,C140184298,0.3022,-0.098,hold,allow,allow,allow,0
397,CASH_OUT,96606.77,C681096074,C1740503730,0.352,-0.0943,hold,allow,allow,allow,0
397,TRANSFER,126844.42,C679271693,C1877471423,0.3621,0.0176,hold,allow,allow,allow,0
397,TRANSFER,843448.82,C1414819494,C556925262,0.119,0.0245,hold,allow,allow,allow,0
397,CASH_OUT,12245.46,C693372381,C1136429447,0.1437,0.0022,hold,allow,allow,allow,0
397,TRANSFER,64246.45,C1022980141,C2132457875,0.332,0.0436,hold,allow,allow,allow,0
397,CASH_OUT,96589.25,C1568882538,C187611158,0.3074,-0.0943,hold,allow,allow,allow,0
397,CASH_OUT,6396.02,C1491212964,C602544240,0.1884,0.0376,hold,allow,allow,allow,0
397,TRANSFER,185369.59,C1857702551,C38517349,0.1388,0.0037,hold,allow,allow,allow,0
397,TRANSFER,885309.16,C1829223872,C861657093,0.1685,0.0256,hold,allow,allow,allow,0
397,TRANSFER,2133398.17,C1854283346,C1463414843,0.1434,0.1347,hold,allow,allow,allow,0
397,TRANSFER,2274923.95,C262241570,C460174007,0.1983,0.1394,hold,allow,allow,allow,0
397,CASH_OUT,219514.19,C1874116020,C2103235325,0.1485,-0.097,hold,allow,allow,allow,0
397,TRANSFER,781960.67,C211773328,C976685747,0.104,0.018,hold,allow,allow,allow,0
397,TRANSFER,848175.35,C1811646004,C333176886,0.109,0.0262,hold,allow,allow,allow,0
397,TRANSFER,32073.67,C857642301,C1505801466,0.2034,0.0864,hold,allow,allow,allow,0
397,CASH_OUT,566853.55,C1249301388,C1422677625,0.1292,0.0352,hold,allow,allow,allow,0
397,TRANSFER,3016242.44,C1320811888,C1920278726,0.1292,0.1615,escalate_to_human,allow,allow,allow,0
397,TRANSFER,106394.75,C183841497,C389665928,0.144,0.0173,hold,allow,allow,allow,0
397,CASH_OUT,235761.85,C1400266174,C1255881728,0.1487,-0.0972,hold,allow,allow,allow,0
397,TRANSFER,94025.35,C794687908,C659609085,0.1387,0.0252,hold,allow,allow,allow,0
397,CASH_OUT,67049.97,C1851446575,C1099969323,0.2032,-0.0784,hold,allow,allow,allow,0
397,CASH_OUT,371630.61,C1892252580,C1473176607,0.1488,-0.0626,hold,allow,allow,allow,0
397,CASH_OUT,807210.84,C226596596,C2722858,0.5164,0.1045,hold,hold,allow,hold,0
398,CASH_OUT,899133.75,C65754478,C552647336,0.1486,0.1194,hold,allow,allow,allow,0
398,TRANSFER,146781.08,C2003031652,C595264822,0.1735,0.004,hold,allow,allow,allow,0
398,TRANSFER,998926.65,C1558403155,C1444747245,0.1339,0.0397,hold,allow,allow,allow,0
398,TRANSFER,769576.27,C2040353328,C420736160,0.1238,0.0151,hold,allow,allow,allow,0
398,TRANSFER,126845.88,C1897668335,C400155234,0.1188,0.0114,hold,allow,allow,allow,0
398,TRANSFER,446.81,C1977450787,C1834745690,0.2228,0.1533,hold,allow,allow,allow,0
398,CASH_OUT,30850.33,C1562290145,C1738841234,0.3123,-0.0404,hold,allow,allow,allow,0
398,CASH_OUT,30844.15,C1110717003,C247521750,0.124,-0.0404,hold,allow,allow,allow,0
398,CASH_OUT,14014.77,C1001218011,C1884125288,0.1785,-0.0089,hold,allow,allow,allow,0
398,TRANSFER,106445.51,C1733495341,C1581815082,0.1738,0.0121,hold,allow,allow,allow,0
398,TRANSFER,566369.46,C343413616,C1817692692,0.1241,-0.0076,hold,allow,allow,allow,0
398,CASH_OUT,90281.43,C831942627,C838971674,0.1338,-0.0929,hold,allow,allow,allow,0
398,TRANSFER,1794804.9,C389332827,C354069995,0.1833,0.0956,hold,allow,allow,allow,0
398,CASH_OUT,90226.02,C1158897008,C1556580897,0.3366,-0.0929,hold,allow,allow,allow,0
398,TRANSFER,768360.24,C1474345638,C1412473010,0.223,0.0154,hold,allow,allow,allow,0
398,TRANSFER,3981151.83,C858428333,C289108218,0.2133,0.1856,escalate_to_human,allow,allow,allow,0
398,TRANSFER,2415.73,C1234253976,C307357264,0.4516,0.1448,hold,allow,allow,allow,0
399,TRANSFER,482688.94,C201405727,C1259847544,0.1788,-0.0182,hold,allow,allow,allow,0
399,TRANSFER,2138182.03,C953149058,C1272725994,0.278,0.1259,hold,allow,allow,allow,0
399,CASH_OUT,1442075.9,C2135299801,C266594026,0.6965,0.1292,hold,hold,allow,hold,1
399,CASH_OUT,1000812.97,C841376758,C655888805,0.6313,0.1265,hold,hold,allow,hold,0
399,TRANSFER,146939.55,C1584056620,C101288924,0.1883,-0.0023,hold,allow,allow,allow,0
399,TRANSFER,797824.21,C1412962075,C2042715565,0.1288,0.0149,hold,allow,allow,allow,0
399,TRANSFER,93650.92,C2112011135,C33446024,0.1536,0.0166,hold,allow,allow,allow,0
399,TRANSFER,628554.14,C1956814914,C1558591556,0.3965,-0.004,hold,allow,allow,allow,0
399,TRANSFER,213837.56,C2146320115,C1640322643,0.114,-0.01,hold,allow,allow,allow,0
399,TRANSFER,3017421.12,C1811580116,C1223375869,0.1639,0.1553,escalate_to_human,allow,allow,allow,0
399,TRANSFER,2686017.93,C48042567,C520644110,0.2131,0.1495,escalate_to_human,allow,allow,allow,0
399,CASH_OUT,14044.04,C600511699,C1344314693,0.1634,-0.0096,hold,allow,allow,allow,0
399,CASH_OUT,447666.07,C389932044,C2129302058,0.1238,-0.0269,hold,allow,allow,allow,0
399,TRANSFER,924884.68,C1106525024,C70009792,0.1438,0.0241,hold,allow,allow,allow,0
399,TRANSFER,249764.46,C1388846281,C1714695060,0.1291,-0.0129,hold,allow,allow,allow,0
399,TRANSFER,561153.64,C2053386957,C1984570486,0.1736,-0.0127,hold,allow,allow,allow,0
399,CASH_OUT,247996.57,C929651782,C1406999647,0.1338,-0.0963,hold,allow,allow,allow,0
399,CASH_OUT,127.39,C1468025594,C633164454,0.3121,0.1257,hold,allow,allow,allow,0
399,TRANSFER,343189.76,C696888837,C2018677199,0.2423,-0.0179,hold,allow,allow,allow,0
399,CASH_OUT,5778.62,C123804954,C533446789,0.1933,0.0504,hold,allow,allow,allow,0
399,CASH_OUT,224001.1,C1746694872,C1088609054,0.109,-0.0953,hold,allow,allow,allow,0
399,CASH_OUT,224140.32,C182488167,C757322090,0.114,-0.0962,hold,allow,allow,allow,0
399,TRANSFER,847042.41,C397013726,C915204043,0.1043,0.0235,hold,allow,allow,allow,0
399,TRANSFER,70579.8,C962772425,C4126197,0.1339,0.0362,hold,allow,allow,allow,0
399,TRANSFER,446736.05,C2037888533,C1019333952,0.2477,-0.0188,hold,allow,allow,allow,0
399,TRANSFER,223616.83,C411588300,C2116342015,0.2725,-0.0103,hold,allow,allow,allow,0
399,TRANSFER,329984.68,C1746662854,C1082081629,0.1036,-0.0189,hold,allow,allow,allow,0
399,TRANSFER,1825558.72,C1973993714,C1394326181,0.1935,0.0899,hold,allow,allow,allow,0
399,TRANSFER,1826260.33,C41057483,C540623908,0.258,0.0899,hold,allow,allow,allow,0
399,TRANSFER,17430.31,C1515458637,C2024023619,0.1189,0.105,hold,allow,allow,allow,0
399,TRANSFER,886491.19,C974763393,C532064727,0.1391,0.0219,hold,allow,allow,allow,0
400,TRANSFER,2220085.95,C1440527300,C794081010,0.1241,0.1276,hold,allow,allow,allow,0
400,TRANSFER,2200097.76,C1758014112,C1624454952,0.3868,0.1272,hold,allow,allow,allow,0
400,TRANSFER,1745321.01,C11603592,C682738179,0.1139,0.0908,hold,allow,allow,allow,0
400,TRANSFER,2327193.74,C1096291525,C671853276,0.1785,0.1358,hold,allow,allow,allow,0
400,TRANSFER,1789111.52,C530716508,C38141215,0.1241,0.0917,hold,allow,allow,allow,0
400,TRANSFER,2332062.6,C209380032,C989538001,0.1833,0.1358,hold,allow,allow,allow,0
400,TRANSFER,1789384.38,C115212461,C728519556,0.1142,0.0917,hold,allow,allow,allow,0
400,CASH_OUT,321445.6,C1519826392,C1516768155,0.1091,-0.0797,hold,allow,allow,allow,0
400,TRANSFER,2720713.05,C700275981,C757823754,0.1885,0.1532,escalate_to_human,allow,allow,allow,0
400,TRANSFER,126439.99,C1199642783,C261438013,0.2131,0.0106,hold,allow,allow,allow,0
400,TRANSFER,2236487.98,C1848805336,C2018248828,0.119,0.1301,hold,allow,allow,allow,0
400,CASH_OUT,120391.01,C1171209232,C442128210,0.2282,-0.1008,hold,allow,allow,allow,0
400,TRANSFER,69859.39,C917624094,C144698177,0.129,0.0399,hold,allow,allow,allow,0
400,TRANSFER,37745.64,C1226366701,C758499874,0.2132,0.0788,hold,allow,allow,allow,0
400,TRANSFER,70719.91,C439220105,C979300516,0.5252,0.0366,hold,hold,allow,hold,0
400,TRANSFER,2195157.63,C299157304,C581921735,0.3467,0.1272,hold,allow,allow,allow,0
400,TRANSFER,1131190.1,C2044773782,C1652996368,0.114,0.0456,hold,allow,allow,allow,0
400,CASH_OUT,36035.13,C788696907,C1867699372,0.1092,-0.0506,hold,allow,allow,allow,0
401,TRANSFER,386974.75,C337624602,C703152161,0.129,-0.0186,hold,allow,allow,allow,0
401,TRANSFER,3007369.02,C1066319291,C1036121749,0.2778,0.1577,escalate_to_human,allow,allow,allow,0
401,TRANSFER,2111323.28,C979435730,C1732996866,0.104,0.1238,hold,allow,allow,allow,0
401,CASH_OUT,42035.56,C134171973,C853554345,0.2376,-0.0676,hold,allow,allow,allow,0
401,TRANSFER,3049501.0,C1242309401,C1164878300,0.3424,0.1577,escalate_to_human,allow,allow,allow,0
401,CASH_OUT,4481768.26,C1705612559,C1077224856,1.0,0.1674,escalate_to_human,escalate_to_human,escalate_to_human,escalate_to_human,1
401,TRANSFER,846701.82,C218360260,C1325246826,0.1242,0.0243,hold,allow,allow,allow,0
401,TRANSFER,446541.5,C512486655,C1930372854,0.3324,-0.0155,hold,allow,allow,allow,0
401,TRANSFER,1285235.0,C905235488,C1891278001,0.3522,0.0648,hold,allow,allow,allow,0
401,TRANSFER,2104019.11,C959336334,C759316412,0.1537,0.1203,hold,allow,allow,allow,0
401,CASH_OUT,39024.9,C2052208788,C643103625,0.288,-0.0629,hold,allow,allow,allow,0
401,TRANSFER,2216063.61,C341099045,C841091753,0.119,0.1286,hold,allow,allow,allow,0
401,TRANSFER,2694846.48,C447482030,C1424204140,0.2085,0.1528,escalate_to_human,allow,allow,allow,0
401,CASH_OUT,204790.39,C1859175407,C283883881,0.3815,-0.0982,hold,allow,allow,allow,0
401,TRANSFER,2574367.31,C1503492095,C298612891,0.1983,0.1505,escalate_to_human,allow,allow,allow,0
401,CASH_OUT,160358.35,C457531577,C1021499434,0.6343,-0.0993,hold,hold,allow,hold,0
401,CASH_OUT,104958.67,C1343887878,C449832411,0.4263,-0.1022,hold,allow,allow,allow,0
401,TRANSFER,36069.49,C886671203,C1360024017,0.2332,0.0738,hold,allow,allow,allow,0
401,CASH_OUT,204761.52,C1127260046,C2065393431,0.1935,-0.0982,hold,allow,allow,allow,0
401,CASH_OUT,1806516.34,C1142691202,C1363990077,0.8782,0.1365,hold,hold,allow,hold,1
401,CASH_OUT,42051.57,C292266372,C709069093,0.4508,-0.0676,hold,allow,allow,allow,0
401,CASH_OUT,273804.76,C1648446171,C1913216838,0.1685,-0.0954,hold,allow,allow,allow,0
401,CASH_OUT,161934.46,C680264167,C1877365049,0.1439,-0.1003,hold,allow,allow,allow,0
401,CASH_OUT,252398.46,C1612654229,C1111521019,0.1686,-0.0993,hold,allow,allow,allow,0
401,TRANSFER,3016962.6,C1490543124,C859373481,0.5264,0.1577,escalate_to_human,escalate_to_human,allow,escalate_to_human,0
401,TRANSFER,164410.95,C196019546,C1933859675,0.2431,0.0028,hold,allow,allow,allow,0
401,TRANSFER,535760.12,C312736913,C2084157350,0.1835,-0.0104,hold,allow,allow,allow,0
401,TRANSFER,2201449.66,C1478078240,C432912613,0.2181,0.1286,hold,allow,allow,allow,0
401,TRANSFER,1030451.9,C1661507483,C20787830,0.6101,0.0401,hold,hold,allow,hold,0
401,TRANSFER,597501.53,C1976445528,C1472028439,0.1635,-0.0062,hold,allow,allow,allow,0
401,TRANSFER,21988.76,C1024517170,C605592178,0.258,0.0874,hold,allow,allow,allow,0
401,TRANSFER,3104051.05,C2100545914,C1124065544,0.3722,0.1626,escalate_to_human,allow,allow,allow,0
401,CASH_OUT,371650.52,C1021260679,C59493336,0.372,-0.0599,hold,allow,allow,allow,0
401,TRANSFER,1102460.01,C563323647,C235826977,0.2133,0.0424,hold,allow,allow,allow,0
401,CASH_OUT,248089.59,C16500954,C1736540545,0.1636,-0.0977,hold,allow,allow,allow,0
402,TRANSFER,6247503.13,C1438048418,C1429616020,0.109,0.2112,escalate_to_human,allow,allow,allow,0
402,TRANSFER,1143792.74,C1873808896,C1751101641,0.5105,0.0464,hold,hold,allow,hold,0
402,TRANSFER,1129208.09,C915015379,C1318348879,0.1837,0.0448,hold,allow,allow,allow,0
402,TRANSFER,562030.08,C1597350210,C12493445,0.109,-0.0048,hold,allow,allow,allow,0
402,TRANSFER,2202886.19,C1109464950,C1169931594,0.1388,0.1309,hold,allow,allow,allow,0
402,TRANSFER,1141043.96,C55443236,C42834884,0.2428,0.0464,hold,allow,allow,allow,0
402,CASH_OUT,120399.09,C1489845603,C108761265,0.3222,-0.1008,hold,allow,allow,allow,0
402,CASH_OUT,90207.42,C1627460548,C1530298515,0.2674,-0.0962,hold,allow,allow,allow,0
402,CASH_OUT,219498.6,C284420848,C1485439696,0.1784,-0.0935,hold,allow,allow,allow,0
402,TRANSFER,80622.13,C730450437,C149257864,0.1289,0.0252,hold,allow,allow,allow,0
402,TRANSFER,561688.08,C1435634536,C109623558,0.2181,-0.0048,hold,allow,allow,allow,0
402,TRANSFER,2198132.4,C648910919,C1992608037,0.233,0.1309,hold,allow,allow,allow,0
402,TRANSFER,3018817.37,C1029079125,C1643627591,0.149,0.1605,escalate_to_human,allow,allow,allow,0
402,TRANSFER,1105273.34,C217659115,C253475170,0.1935,0.0399,hold,allow,allow,allow,0
402,TRANSFER,3403660.53,C67513147,C493836737,0.1785,0.1695,escalate_to_human,allow,allow,allow,0
402,TRANSFER,561699.58,C1624855525,C1073416532,0.2181,-0.0048,hold,allow,allow,allow,0
402,CASH_OUT,420.43,C213779430,C1737805311,0.1387,0.1127,hold,allow,allow,allow,0
402,TRANSFER,93852.85,C1612676328,C867778383,0.3123,0.0177,hold,allow,allow,allow,0
402,TRANSFER,8569866.02,C1744233205,C1072420510,0.5202,0.2327,escalate_to_human,escalate_to_human,allow,escalate_to_human,0
402,CASH_OUT,407832.57,C1469781310,C1091477477,0.4165,-0.0373,hold,allow,allow,allow,0
402,CASH_OUT,242179.83,C269008783,C947314761,0.1241,-0.0953,hold,allow,allow,allow,0
402,TRANSFER,94994.11,C354391375,C1900635577,0.1537,0.0177,hold,allow,allow,allow,0
402,CASH_OUT,538200.81,C1818186567,C733699255,0.1983,0.0387,hold,allow,allow,allow,0
402,CASH_OUT,447528.44,C291129797,C850854217,0.1835,-0.0132,hold,allow,allow,allow,0
402,TRANSFER,998275.62,C971670433,C1325614671,0.1489,0.0336,hold,allow,allow,allow,0
402,CASH_OUT,16260.16,C994186980,C1070942773,0.1042,-0.0246,hold,allow,allow,allow,0
402,CASH_OUT,400.88,C95535954,C610538628,0.109,0.1127,hold,allow,allow,allow,0
402,CASH_OUT,442780.16,C1641689657,C1706295342,0.1092,-0.015,hold,allow,allow,allow,0
402,CASH_OUT,301556.9,C311247868,C300953800,0.1091,-0.0841,hold,allow,allow,allow,0
402,TRANSFER,3116872.12,C351052867,C2047483413,0.2631,0.1659,escalate_to_human,allow,allow,allow,0
402,CASH_OUT,264965.33,C1517297820,C945800680,0.5157,-0.0912,hold,hold,allow,hold,0
402,TRANSFER,560605.95,C84685150,C1199683449,0.3621,-0.0048,hold,allow,allow,allow,0
402,CASH_OUT,442730.95,C1294186040,C2111371071,0.2334,-0.0152,hold,allow,allow,allow,0
402,CASH_OUT,44732.46,C388969451,C904184383,0.2233,-0.0655,hold,allow,allow,allow,0
402,TRANSFER,1105693.22,C990143645,C1699684327,0.1836,0.0399,hold,allow,allow,allow,0
402,CASH_OUT,222745.46,C483192989,C2116334096,0.2231,-0.0935,hold,allow,allow,allow,0
402,TRANSFER,3380371.0,C460112991,C1061742881,0.119,0.1695,escalate_to_human,allow,allow,allow,0
402,TRANSFER,1102120.66,C1280064866,C77912320,0.4759,0.0399,hold,allow,allow,allow,0
402,TRANSFER,1031238.53,C326614323,C1735336342,0.3522,0.0373,hold,allow,allow,allow,0
402,TRANSFER,447766.28,C1459762812,C269909474,0.3222,-0.0077,hold,allow,allow,allow,0
402,TRANSFER,1949832.47,C1706509640,C325509484,0.1242,0.108,hold,allow,allow,allow,0
402,CASH_OUT,9142.61,C943279705,C2098334579,0.203,0.0064,hold,allow,allow,allow,0
402,TRANSFER,1137459.4,C1905317611,C1339313208,0.109,0.0464,hold,allow,allow,allow,0
402,TRANSFER,19676.94,C673330573,C1525557719,0.1587,0.0971,hold,allow,allow,allow,0
402,TRANSFER,94058.32,C1686241794,C1565955923,0.2078,0.0177,hold,allow,allow,allow,0
402,CASH_OUT,9117.64,C1917272286,C149829587,0.1737,0.0064,hold,allow,allow,allow,0
402,TRANSFER,16689.58,C600454398,C1675889617,0.1482,0.1046,hold,allow,allow,allow,0
403,TRANSFER,1071260.45,C856676267,C805800271,0.1884,0.042,hold,allow,allow,allow,0
403,TRANSFER,2720714.69,C1928797650,C1769867415,0.1338,0.158,escalate_to_human,allow,allow,allow,0
403,CASH_OUT,248012.77,C1885268965,C65012575,0.1142,-0.0842,hold,allow,allow,allow,0
403,CASH_OUT,163198.56,C727554842,C854625819,0.1933,-0.0911,hold,allow,allow,allow,0
403,CASH_OUT,163289.35,C1872554615,C789186842,0.4859,-0.0911,hold,allow,allow,allow,0
403,CASH_OUT,163225.25,C1662210748,C1762408620,0.223,-0.0911,hold,allow,allow,allow,0
403,CASH_OUT,21572.89,C1560866785,C660948343,0.1243,-0.031,hold,allow,allow,allow,0
403,TRANSFER,16495.87,C888518702,C911390356,0.1237,0.1041,hold,allow,allow,allow,0
403,TRANSFER,243.69,C962239787,C2029179435,0.1885,0.159,hold,allow,allow,allow,0
403,TRANSFER,3117636.63,C2076670167,C681505304,0.1439,0.166,escalate_to_human,allow,allow,allow,0
403,TRANSFER,3411973.37,C1234518127,C514995538,0.1289,0.1705,escalate_to_human,allow,allow,allow,0
403,CASH_OUT,101508.74,C1531156678,C1551456884,0.1783,-0.0945,hold,allow,allow,allow,0
403,TRANSFER,1069856.05,C1927618406,C887847504,0.1189,0.0415,hold,allow,allow,allow,0
403,TRANSFER,1371921.28,C1085291130,C1835936469,0.3072,0.0793,hold,allow,allow,allow,0
403,CASH_OUT,161947.99,C1765960546,C2009052316,0.4068,-0.0901,hold,allow,allow,allow,0
403,CASH_OUT,204783.7,C990640851,C262165021,0.3368,-0.0851,hold,allow,allow,allow,0
403,TRANSFER,1417201.65,C1201364254,C2138483450,0.1985,0.0837,hold,allow,allow,allow,0
403,CASH_OUT,67055.59,C2006084689,C1099383821,0.228,-0.0844,hold,allow,allow,allow,0
403,TRANSFER,1072611.59,C1033475429,C1492196970,0.4018,0.042,hold,allow,allow,allow,0
403,TRANSFER,1562810.99,C1250018574,C1961978127,0.1933,0.0907,hold,allow,allow,allow,0
403,TRANSFER,1375096.49,C1253608876,C1730377297,0.1882,0.0785,hold,allow,allow,allow,0
403,TRANSFER,1143582.01,C622000487,C1224571629,0.2032,0.0528,hold,allow,allow,allow,0
403,TRANSFER,295959.43,C1538397870,C13578527,0.129,-0.0041,hold,allow,allow,allow,0
403,TRANSFER,1375880.3,C1860544849,C845821239,0.1684,0.0785,hold,allow,allow,allow,0
403,TRANSFER,105498.74,C1971736830,C398688212,0.104,0.011,hold,allow,allow,allow,0
403,TRANSFER,925885.7,C1144770202,C106595285,0.2083,0.0311,hold,allow,allow,allow,0
403,TRANSFER,1371037.8,C220873625,C168704368,0.3221,0.0793,hold,allow,allow,allow,0
403,TRANSFER,64.66,C642331201,C780131434,0.1238,0.1655,hold,allow,allow,allow,0
404,CASH_OUT,67073.36,C38771343,C1054884444,0.2283,-0.0678,hold,allow,allow,allow,0
404,CASH_OUT,355927.0,C1882744932,C1744983870,0.1684,-0.0392,hold,allow,allow,allow,0
404,TRANSFER,140607.19,C855979940,C1198994959,0.1437,0.0277,hold,allow,allow,allow,0
404,CASH_OUT,217256.24,C337341370,C562498024,0.203,-0.0704,hold,allow,allow,allow,0
404,TRANSFER,634331.91,C1036110922,C126058359,0.1241,0.0275,hold,allow,allow,allow,0
404,TRANSFER,455653.83,C304659890,C1079911820,0.1486,0.0156,hold,allow,allow,allow,0
404,TRANSFER,2321389.66,C239450797,C718018539,0.1191,0.1474,hold,allow,allow,allow,0
404,CASH_OUT,21500.03,C680915476,C1588178715,0.2873,-0.017,hold,allow,allow,allow,0
404,CASH_OUT,891499.44,C1201939404,C962878864,0.1088,0.1207,hold,allow,allow,allow,0
404,TRANSFER,4232990.27,C1073765040,C1201081149,0.3122,0.1971,escalate_to_human,allow,allow,allow,0
404,TRANSFER,456007.22,C1414107158,C576089564,0.2031,0.0163,hold,allow,allow,allow,0
404,TRANSFER,704044.57,C420513901,C897599343,0.1786,0.0301,hold,allow,allow,allow,0
404,TRANSFER,5127105.51,C1787857563,C1848508415,0.3965,0.2109,escalate_to_human,allow,allow,allow,0
404,CASH_OUT,175203.25,C815498804,C770032019,0.104,-0.0821,hold,allow,allow,allow,0
404,CASH_OUT,447501.56,C881157577,C1252108530,0.1339,0.0126,hold,allow,allow,allow,0
404,TRANSFER,19001.72,C1043120677,C213837866,0.1144,0.1113,hold,allow,allow,allow,0
404,TRANSFER,163642.51,C914942185,C1363134035,0.1139,0.0219,hold,allow,allow,allow,0
404,CASH_OUT,10000000.0,C424305014,C761333500,0.9624,0.2178,escalate_to_human,escalate_to_human,escalate_to_human,escalate_to_human,1
404,TRANSFER,535654.06,C598287205,C1217326750,0.124,0.0145,hold,allow,allow,allow,0
404,TRANSFER,10000000.0,C2023224715,C1730830963,0.2177,0.2442,escalate_to_human,allow,allow,allow,1
404,TRANSFER,163854.96,C1369716260,C1179121202,0.1585,0.0219,hold,allow,allow,allow,0
404,TRANSFER,2839076.27,C828357135,C1100137210,0.427,0.1672,escalate_to_human,allow,allow,allow,0
404,CASH_OUT,48373.64,C1921113400,C2053555508,0.2282,-0.0511,hold,allow,allow,allow,0
404,CASH_OUT,840612.42,C1641339814,C312251341,0.1286,0.1125,hold,allow,allow,allow,0
404,CASH_OUT,248054.97,C778998909,C723218873,0.2235,-0.0667,hold,allow,allow,allow,0
404,CASH_OUT,248046.12,C718380266,C1132754645,0.149,-0.0667,hold,allow,allow,allow,0
404,TRANSFER,6640647.65,C1092838394,C911864833,0.7463,0.222,escalate_to_human,escalate_to_human,allow,escalate_to_human,0
404,CASH_OUT,19731.86,C1196950600,C1646113280,0.3418,-0.0069,hold,allow,allow,allow,0
405,TRANSFER,31341.16,C1841352408,C1927830589,0.1982,0.1069,hold,allow,allow,allow,0
405,TRANSFER,20127.54,C879415533,C1040675805,0.2032,0.1215,hold,allow,allow,allow,0
405,TRANSFER,2089513.91,C242261128,C1958506212,0.2228,0.1475,hold,allow,allow,allow,0
405,TRANSFER,19049.49,C227710940,C336100921,0.2678,0.1269,hold,allow,allow,allow,0
405,TRANSFER,1631697.13,C1293356701,C1624239211,0.1184,0.1288,hold,allow,allow,allow,0
405,TRANSFER,32282.79,C2088206673,C769242562,0.3268,0.1061,hold,allow,allow,allow,0
405,TRANSFER,5475722.81,C302356472,C804731631,0.1238,0.2275,escalate_to_human,allow,allow,allow,0
405,TRANSFER,795608.61,C1158383415,C1568485926,0.1637,0.0568,hold,allow,allow,allow,0
405,TRANSFER,17868.24,C329831254,C1185390779,0.1387,0.1286,hold,allow,allow,allow,0
405,TRANSFER,4177588.21,C1089574690,C824521117,0.109,0.209,escalate_to_human,allow,allow,allow,0
405,TRANSFER,121701.76,C636837910,C856672199,0.3372,0.0527,hold,allow,allow,allow,0
405,TRANSFER,17677.42,C264580159,C59841421,0.1238,0.1286,hold,allow,allow,allow,0
405,TRANSFER,2194525.35,C453687292,C195609347,0.4423,0.1575,hold,allow,allow,allow,0
405,CASH_OUT,179468.69,C1497560626,C946357074,0.1139,-0.0475,hold,allow,allow,allow,0
405,CASH_OUT,179763.01,C1151911199,C1209352946,0.2082,-0.0475,hold,allow,allow,allow,0
405,TRANSFER,2823795.03,C1237647313,C288094404,0.1784,0.1836,escalate_to_human,allow,allow,allow,0
405,TRANSFER,251503.4,C1822362482,C1389389056,0.4905,0.0371,hold,allow,allow,allow,0
405,TRANSFER,80216.06,C415213039,C286814896,0.114,0.0605,hold,allow,allow,allow,0
405,TRANSFER,31261.5,C433148819,C1006109076,0.1338,0.1069,hold,allow,allow,allow,0
405,TRANSFER,4981489.29,C996850663,C1877485591,0.2873,0.2202,escalate_to_human,allow,allow,allow,0
405,TRANSFER,590414.42,C1927131267,C1980362311,0.1289,0.04,hold,allow,allow,allow,0
405,TRANSFER,2790248.16,C531335170,C637802620,0.1388,0.1827,escalate_to_human,allow,allow,allow,0
405,TRANSFER,5528541.52,C533440533,C596432965,0.1337,0.2275,escalate_to_human,allow,allow,allow,0
405,TRANSFER,17243.82,C1954510040,C2021192915,0.1387,0.1298,hold,allow,allow,allow,0
405,TRANSFER,2043024.77,C211010749,C1465248096,0.4367,0.1457,hold,allow,allow,allow,0
405,TRANSFER,796285.56,C1585263357,C542895457,0.1786,0.0568,hold,allow,allow,allow,0
405,TRANSFER,35763.12,C744038643,C551554646,0.1141,0.1053,hold,allow,allow,allow,0
405,TRANSFER,2761751.4,C1123277308,C1541599468,0.1388,0.1827,escalate_to_human,allow,allow,allow,0
406,TRANSFER,121523.03,C775173225,C1100202829,0.253,0.0837,hold,allow,allow,allow,0
406,CASH_OUT,202274.57,C687547606,C545291036,0.1289,-0.0111,hold,allow,allow,allow,0
406,TRANSFER,2222529.19,C163893475,C407239737,0.3325,0.1696,hold,allow,allow,allow,0
406,TRANSFER,163440.36,C1967347873,C1237137064,0.1737,0.0737,hold,allow,allow,allow,0
406,TRANSFER,2047543.03,C883666532,C1396618865,0.4712,0.161,hold,allow,allow,allow,0
406,CASH_OUT,77610.06,C821044363,C739673625,0.362,-0.0028,hold,allow,allow,allow,0
406,TRANSFER,1047652.92,C1120364383,C1216524118,0.1834,0.1071,hold,allow,allow,allow,0
406,CASH_OUT,363059.82,C1608678335,C1736806432,0.3369,0.0186,hold,allow,allow,allow,0
406,TRANSFER,32860.07,C1511046170,C866965487,0.1635,0.1282,hold,allow,allow,allow,0
406,TRANSFER,2208427.37,C1519550125,C1166894118,0.4221,0.1696,hold,allow,allow,allow,0
406,TRANSFER,171010.74,C287123705,C1627403249,0.1439,0.0751,hold,allow,allow,allow,0
406,CASH_OUT,77468.99,C32437128,C1440431586,0.124,-0.0028,hold,allow,allow,allow,0
406,CASH_OUT,455261.76,C1023396408,C1443608710,0.1187,0.06,hold,allow,allow,allow,0
406,TRANSFER,591643.18,C1998964408,C637067903,0.273,0.0701,hold,allow,allow,allow,0
406,TRANSFER,2049055.67,C115857739,C1291017078,0.4712,0.161,hold,allow,allow,allow,0
406,CASH_OUT,362383.41,C794693291,C1134408662,0.2329,0.0189,hold,allow,allow,allow,0
406,TRANSFER,106973.29,C693224797,C1573340707,0.3025,0.0812,hold,allow,allow,allow,0
406,CASH_OUT,457062.24,C1111509002,C1512646149,0.1978,0.0608,hold,allow,allow,allow,0
406,CASH_OUT,67055.75,C1099912739,C1474875903,0.1687,0.0013,hold,allow,allow,allow,0
406,TRANSFER,74768.91,C661798070,C2077103803,0.6155,0.0946,hold,hold,allow,hold,0
406,CASH_OUT,416462.17,C1383931151,C642310644,0.1933,0.0404,hold,allow,allow,allow,0
406,TRANSFER,5026692.72,C1122305105,C1830844781,0.2033,0.234,escalate_to_human,allow,allow,allow,0
406,CASH_OUT,641383.66,C996265720,C1355785097,0.1433,0.1305,hold,allow,allow,allow,0
406,TRANSFER,135220.09,C1148289086,C1319937293,0.1785,0.082,hold,allow,allow,allow,0
407,TRANSFER,2085274.39,C1416924629,C1987694854,0.2125,0.1727,hold,allow,allow,allow,1
407,TRANSFER,71484.06,C964013312,C1146507578,0.2774,0.1189,hold,allow,allow,allow,0
407,CASH_OUT,599657.29,C220334212,C1640025480,0.2174,0.1238,hold,allow,allow,allow,0
407,CASH_OUT,456818.08,C1082285093,C284565766,0.1535,0.0712,hold,allow,allow,allow,0
407,TRANSFER,136816.24,C366658290,C1446368625,0.1389,0.102,hold,allow,allow,allow,0
407,TRANSFER,2038778.34,C167192164,C1537628930,0.2477,0.1709,hold,allow,allow,allow,0
407,CASH_OUT,414181.88,C336966043,C64541271,0.1338,0.0474,hold,allow,allow,allow,0
407,TRANSFER,2140296.91,C514917605,C697452731,0.2029,0.1787,hold,allow,allow,allow,0
407,TRANSFER,1350100.91,C539755284,C1384513351,0.2519,0.1455,hold,allow,allow,allow,0
407,TRANSFER,225568.13,C1578943680,C798976269,0.4562,0.0937,hold,allow,allow,allow,0
407,TRANSFER,236847.87,C1130515978,C55219011,0.1183,0.0912,hold,allow,allow,allow,0
407,CASH_OUT,460168.54,C71614202,C348995478,0.1782,0.0724,hold,allow,allow,allow,0
407,TRANSFER,240801.64,C1969277102,C1114332696,0.2282,0.091,hold,allow,allow,allow,0
407,CASH_OUT,202471.29,C830237677,C1959220464,0.5308,0.0073,hold,hold,allow,hold,0
407,TRANSFER,135504.72,C470103150,C106992004,0.2827,0.102,hold,allow,allow,allow,0
407,CASH_OUT,294794.23,C815369619,C24607862,0.2132,0.0078,hold,allow,allow,allow,0
408,TRANSFER,4449283.52,C1837957976,C2057663985,0.1222,0.2598,escalate_to_human,allow,allow,allow,0
408,CASH_OUT,102642.86,C1507515596,C1497178003,0.4613,0.0986,hold,allow,allow,allow,0
408,CASH_OUT,8876.38,C1346381194,C53172858,0.2032,0.1687,hold,allow,allow,allow,0
408,TRANSFER,711500.56,C2101798836,C313721760,0.213,0.1566,hold,allow,allow,allow,0
408,TRANSFER,758256.22,C1385303669,C1698685650,0.3732,0.1569,hold,allow,allow,allow,0
408,TRANSFER,1655497.59,C2144194582,C872233418,0.2344,0.2027,hold,allow,allow,allow,0
408,TRANSFER,767249.72,C2017966367,C1616225332,0.2934,0.1575,hold,allow,allow,allow,0
408,CASH_OUT,117074.61,C1697604450,C709173628,0.1684,0.098,hold,allow,allow,allow,0
408,CASH_OUT,662188.94,C2138599565,C692721554,0.1737,0.1943,hold,allow,allow,allow,0
408,TRANSFER,6577.13,C1489392747,C171427716,0.4999,0.2251,hold,allow,allow,allow,0
408,TRANSFER,2350233.88,C1542199975,C222050079,0.2105,0.2319,hold,allow,allow,allow,0
408,TRANSFER,3061894.73,C1805124400,C1142514881,0.1569,0.2395,escalate_to_human,allow,allow,allow,0
408,TRANSFER,1620376.22,C925187624,C25836202,0.2041,0.2008,hold,allow,allow,allow,0
408,CASH_OUT,8435.29,C283249098,C80375059,0.2577,0.1692,hold,allow,allow,allow,0
408,TRANSFER,727442.75,C1741536161,C1108528654,0.5978,0.1574,hold,hold,allow,hold,0
408,TRANSFER,113480.52,C497790572,C1111629624,0.312,0.1661,hold,allow,allow,allow,0
408,CASH_OUT,693203.49,C391953119,C1998607594,0.2582,0.1958,hold,allow,allow,allow,0
408,TRANSFER,771867.89,C464590173,C436494345,0.2634,0.1575,hold,allow,allow,allow,0
408,CASH_OUT,309375.43,C1475775112,C1752221785,0.6045,0.0958,hold,hold,allow,hold,0
408,TRANSFER,708557.67,C1408343250,C813055581,0.1882,0.1561,hold,allow,allow,allow,0
408,TRANSFER,306840.71,C1834661999,C1823629180,0.1338,0.1488,hold,allow,allow,allow,0
408,CASH_OUT,606509.78,C1762656851,C1089774984,0.1039,0.1811,hold,allow,allow,allow,0
408,CASH_OUT,343576.24,C505959974,C251414431,0.1039,0.1098,hold,allow,allow,allow,0
408,TRANSFER,779574.95,C999005616,C11809441,0.204,0.1589,hold,allow,allow,allow,0
408,CASH_OUT,102375.38,C1851819764,C351677535,0.362,0.0979,hold,allow,allow,allow,0
408,TRANSFER,3297842.57,C130453831,C243194708,0.1667,0.2466,escalate_to_human,allow,allow,allow,0
408,TRANSFER,1951381.37,C1368294518,C1708120011,0.1257,0.2092,hold,allow,allow,allow,0
408,TRANSFER,3393957.4,C777717372,C1790693053,0.132,0.2466,escalate_to_human,allow,allow,allow,0
408,TRANSFER,3129231.55,C394503464,C280688940,0.1817,0.245,escalate_to_human,allow,allow,allow,0
408,TRANSFER,1723304.74,C251951090,C1533624136,0.5426,0.2035,hold,hold,allow,hold,0
408,TRANSFER,1820300.3,C1250143447,C1908828835,0.2797,0.2044,hold,allow,allow,allow,0
409,TRANSFER,2926089.4,C1593908467,C1788205887,0.2387,0.2355,escalate_to_human,allow,allow,allow,0
409,TRANSFER,27120.58,C675024334,C927642682,0.2969,0.1968,hold,allow,allow,allow,0
409,TRANSFER,2427888.3,C947716679,C1882604225,0.1587,0.2284,hold,allow,allow,allow,0
409,TRANSFER,1525247.66,C591246671,C265628961,0.4614,0.1954,hold,allow,allow,allow,0
409,CASH_OUT,102693.66,C948424998,C1224626261,0.3272,0.097,hold,allow,allow,allow,0
409,CASH_OUT,251802.78,C642465014,C2138501530,0.4959,0.0988,hold,allow,allow,allow,0
410,TRANSFER,281439.26,C608125181,C1857424764,0.2679,0.1384,hold,allow,allow,allow,1
410,TRANSFER,871745.76,C1976927795,C1626688758,0.5114,0.1562,hold,hold,allow,hold,1
411,CASH_OUT,1464008.18,C1187974748,C1271941656,0.9639,0.2098,escalate_to_human,escalate_to_human,escalate_to_human,escalate_to_human,1
411,CASH_OUT,1240717.75,C275137828,C989949797,0.9045,0.2043,escalate_to_human,escalate_to_human,escalate_to_human,escalate_to_human,1
412,TRANSFER,2425164.58,C297158532,C1416694658,0.6282,0.208,hold,hold,allow,hold,1
412,CASH_OUT,87438.83,C171722567,C373099363,0.7763,0.0411,hold,hold,allow,hold,1
412,TRANSFER,87438.83,C1204602597,C419461239,0.4176,0.1179,hold,allow,allow,allow,1
413,CASH_OUT,201324.46,C969493758,C1370565601,0.3276,0.0147,hold,allow,allow,allow,0
413,CASH_OUT,117376.93,C153384537,C166846335,0.6415,0.0202,hold,hold,allow,hold,0
413,CASH_OUT,83517.64,C1418822139,C983076862,0.6814,0.03,hold,hold,allow,hold,0
413,CASH_OUT,781.93,C823598101,C1338255129,0.264,0.1796,hold,allow,allow,allow,1
413,TRANSFER,53663.58,C72318929,C1858193213,0.617,0.1258,hold,hold,allow,hold,0
413,TRANSFER,115085.31,C2039186549,C544794295,0.8172,0.1015,hold,hold,allow,hold,1
413,CASH_OUT,203597.16,C698490918,C1813113073,0.3325,0.0143,hold,allow,allow,allow,0
413,CASH_OUT,211029.66,C870428076,C1162496639,0.3624,0.0135,hold,allow,allow,allow,0
413,TRANSFER,786278.72,C1379900917,C491276227,0.4779,0.0939,hold,allow,allow,allow,1
413,CASH_OUT,209302.29,C1186593442,C2137346573,0.3624,0.0136,hold,allow,allow,allow,0
414,TRANSFER,298384.21,C787438846,C851575801,0.5263,0.0764,hold,hold,allow,hold,1
416,CASH_OUT,62452.11,C1719803326,C1921114970,0.3471,0.0033,hold,allow,allow,allow,0
416,TRANSFER,490653.59,C1864382479,C1389292475,0.2235,0.071,hold,allow,allow,allow,0
416,TRANSFER,3641536.01,C1920010450,C1182630993,0.5989,0.2143,escalate_to_human,escalate_to_human,allow,escalate_to_human,0
416,CASH_OUT,104813.75,C1459937662,C1527691368,0.2871,-0.0178,hold,allow,allow,allow,0
416,TRANSFER,165045.56,C1275467061,C1526473794,0.1683,0.0753,hold,allow,allow,allow,0
416,CASH_OUT,1748.36,C1464706838,C1710064802,0.4413,0.1444,hold,allow,allow,allow,0
416,CASH_OUT,280283.57,C1232760104,C2007105170,0.2674,-0.0162,hold,allow,allow,allow,0
416,TRANSFER,499019.26,C1949754124,C687192732,0.1784,0.069,hold,allow,allow,allow,0
416,CASH_OUT,245154.05,C73137607,C122395385,0.466,-0.0225,hold,allow,allow,allow,0
416,CASH_OUT,61395.44,C293288814,C691585857,0.3018,0.0052,hold,allow,allow,allow,0
416,CASH_OUT,134699.67,C1485858334,C32460165,0.3122,-0.0246,hold,allow,allow,allow,0
416,CASH_OUT,61647.9,C633663621,C1249695376,0.3515,0.0057,hold,allow,allow,allow,0
416,TRANSFER,143716.82,C650380771,C4117397,0.5716,0.0793,hold,hold,allow,hold,0
416,CASH_OUT,138093.67,C381092155,C2823538,0.2578,-0.0209,hold,allow,allow,allow,0
416,TRANSFER,145155.92,C1260792803,C1065482280,0.5866,0.0793,hold,hold,allow,hold,0
416,TRANSFER,1204843.89,C1696539882,C1855236660,0.2061,0.1218,hold,allow,allow,allow,0
416,TRANSFER,2278952.72,C754692872,C602977520,0.1815,0.1799,hold,allow,allow,allow,0
416,TRANSFER,40007.35,C727235045,C250589606,0.681,0.1231,hold,hold,allow,hold,0
416,CASH_OUT,101378.22,C574031116,C1315718762,0.3714,-0.015,hold,allow,allow,allow,0
416,CASH_OUT,615585.39,C56340701,C1160675939,0.5192,0.1199,hold,hold,allow,hold,0
416,TRANSFER,98747.4,C1011982697,C1961293909,0.2426,0.0894,hold,allow,allow,allow,0
416,TRANSFER,100162.95,C563035406,C1986655,0.2774,0.0894,hold,allow,allow,allow,0
416,CASH_OUT,247575.4,C895693953,C258184471,0.3073,-0.0232,hold,allow,allow,allow,0
416,TRANSFER,3556939.59,C291665611,C1562182941,0.5989,0.2128,escalate_to_human,escalate_to_human,allow,escalate_to_human,0
416,TRANSFER,137818.93,C801014848,C1375297060,0.5714,0.0808,hold,hold,allow,hold,0
416,TRANSFER,3019699.77,C271621902,C1299567752,0.6531,0.1999,escalate_to_human,escalate_to_human,allow,escalate_to_human,1
420,CASH_OUT,204775.41,C1208444093,C1219263097,0.1289,-0.0959,hold,allow,allow,allow,0
420,CASH_OUT,355885.48,C51347922,C675817418,0.1042,-0.0667,hold,allow,allow,allow,0
421,TRANSFER,10000000.0,C2074382913,C48227187,0.6944,0.2531,escalate_to_human,escalate_to_human,allow,escalate_to_human,1
422,CASH_OUT,2897907.81,C35276012,C824786916,0.99,0.1621,escalate_to_human,escalate_to_human,escalate_to_human,escalate_to_human,1
422,CASH_OUT,407896.7,C509264440,C418808837,0.4016,-0.0505,hold,allow,allow,allow,0
426,TRANSFER,549086.36,C885330937,C213752799,0.2973,-0.0068,hold,allow,allow,allow,0
426,TRANSFER,12090.61,C83942696,C1346008370,0.1785,0.1086,hold,allow,allow,allow,0
426,TRANSFER,139683.09,C46178890,C894398778,0.1288,0.0069,hold,allow,allow,allow,0
426,CASH_OUT,6395.96,C1681834879,C920964948,0.2976,0.0294,hold,allow,allow,allow,0
426,TRANSFER,32613.16,C995836748,C607033510,0.119,0.0728,hold,allow,allow,allow,0
428,TRANSFER,1577117.23,C237389132,C308797259,0.1282,0.1031,hold,allow,allow,allow,0
428,CASH_OUT,67061.48,C440853063,C1575541892,0.3325,-0.0678,hold,allow,allow,allow,0
428,CASH_OUT,21460.78,C2003922217,C1703516746,0.1189,-0.017,hold,allow,allow,allow,0
428,CASH_OUT,592291.38,C1829322340,C1643112559,0.1241,0.0697,hold,allow,allow,allow,0
428,TRANSFER,2786916.52,C268620004,C632916426,0.3675,0.1663,escalate_to_human,allow,allow,allow,0
428,TRANSFER,5687283.04,C1066062791,C120041568,0.2775,0.2138,escalate_to_human,allow,allow,allow,0
429,TRANSFER,16315.11,C1155339840,C1070856103,0.1637,0.1311,hold,allow,allow,allow,0
429,CASH_OUT,837192.23,C1393117725,C525514833,0.1736,0.1303,hold,allow,allow,allow,1
429,TRANSFER,123044.6,C1512343012,C797129044,0.1041,0.0531,hold,allow,allow,allow,0
431,TRANSFER,5565057.6,C48189269,C285778272,0.1191,0.2466,escalate_to_human,allow,allow,allow,0
431,CASH_OUT,202531.75,C395500137,C1737614224,0.501,0.0073,hold,hold,allow,hold,0
431,TRANSFER,164765.67,C1662731835,C305989670,0.1586,0.0946,hold,allow,allow,allow,0
434,CASH_OUT,2040374.55,C1606056333,C2110335244,0.9995,0.2278,escalate_to_human,escalate_to_human,escalate_to_human,escalate_to_human,1
434,TRANSFER,32671.88,C1710865809,C1882736497,0.4868,0.1813,hold,allow,allow,allow,1
434,CASH_OUT,1307156.17,C1140455895,C1640699182,0.9946,0.2135,escalate_to_human,escalate_to_human,escalate_to_human,escalate_to_human,1
436,TRANSFER,5080951.94,C589189906,C1023962161,0.8634,0.2532,escalate_to_human,escalate_to_human,allow,escalate_to_human,0
436,TRANSFER,212053.69,C326714114,C953878049,0.3532,0.0972,hold,allow,allow,allow,0
436,TRANSFER,2519429.74,C1120822915,C1113041375,0.6233,0.2085,escalate_to_human,escalate_to_human,allow,escalate_to_human,0
437,TRANSFER,8006429.04,C1764648235,C894097120,0.9233,0.2712,escalate_to_human,escalate_to_human,escalate_to_human,escalate_to_human,1
437,TRANSFER,367364.8,C1645177442,C1573230375,0.8976,0.0836,hold,hold,allow,hold,1
438,TRANSFER,60274.87,C609191731,C613117727,0.6964,0.117,hold,hold,allow,hold,1
438,TRANSFER,1648547.69,C1184464536,C919670437,0.7613,0.1581,hold,hold,allow,hold,1
439,TRANSFER,203119.08,C1294508143,C1542262415,0.1581,0.0738,hold,allow,allow,allow,1
439,CASH_OUT,299632.22,C185906196,C1903252490,0.1683,-0.0034,hold,allow,allow,allow,0
439,CASH_OUT,90502.17,C1239221190,C294889998,0.495,-0.0008,hold,allow,allow,allow,0
439,CASH_OUT,88174.8,C210824319,C1656473519,0.392,0.0002,hold,allow,allow,allow,0
439,TRANSFER,241247.37,C1472092356,C656579094,0.4175,0.0757,hold,allow,allow,allow,0
439,CASH_OUT,172093.57,C787948148,C1759409484,0.422,-0.0117,hold,allow,allow,allow,0
439,CASH_OUT,125416.86,C70515462,C585375553,0.1436,-0.0073,hold,allow,allow,allow,0
439,TRANSFER,14374.32,C1779390537,C1909289685,0.3074,0.1602,hold,allow,allow,allow,0
439,TRANSFER,291677.31,C335772481,C536444704,0.5956,0.0703,hold,hold,allow,hold,0
439,TRANSFER,946144.94,C487533288,C2103935107,0.4563,0.1047,hold,allow,allow,allow,0
439,TRANSFER,306419.73,C208491415,C2131363055,0.496,0.0707,hold,allow,allow,allow,1
440,CASH_OUT,4339822.23,C1536280530,C150352911,0.9868,0.2051,escalate_to_human,escalate_to_human,escalate_to_human,escalate_to_human,1
440,TRANSFER,4339822.23,C46140680,C1767092108,0.5993,0.2271,escalate_to_human,escalate_to_human,allow,escalate_to_human,1
441,CASH_OUT,1043934.97,C2096913355,C1234389458,0.4898,0.1513,hold,allow,allow,allow,1
442,TRANSFER,473200.26,C375966791,C829285872,0.2278,0.0248,hold,allow,allow,allow,0
442,TRANSFER,142521.2,C1973781145,C1670645557,0.2926,0.0353,hold,allow,allow,allow,0
442,TRANSFER,1827427.07,C248398616,C790536030,0.1489,0.1237,hold,allow,allow,allow,0
442,CASH_OUT,3085.45,C770294842,C1211456762,0.1389,0.1018,hold,allow,allow,allow,1
443,CASH_OUT,1591263.43,C1863182512,C2126274036,0.7364,0.143,hold,hold,allow,hold,1
446,CASH_OUT,2720647.79,C398909840,C1072954107,0.9999,0.1563,escalate_to_human,escalate_to_human,escalate_to_human,escalate_to_human,1
448,TRANSFER,627890.85,C1715924007,C858658681,0.2678,0.001,hold,allow,allow,allow,0
448,CASH_OUT,39022.52,C685037382,C1704260937,0.3672,-0.0562,hold,allow,allow,allow,0
450,TRANSFER,9228514.1,C920327149,C118210084,0.2873,0.2387,escalate_to_human,allow,allow,allow,1
450,CASH_OUT,10000000.0,C1552522980,C2104816494,0.9828,0.2131,escalate_to_human,escalate_to_human,escalate_to_human,escalate_to_human,1
450,TRANSFER,10000000.0,C524119157,C1979637041,0.2958,0.2426,escalate_to_human,allow,allow,allow,1
451,CASH_OUT,67051.13,C1490665269,C728906531,0.2329,-0.0844,hold,allow,allow,allow,0
451,TRANSFER,2335121.59,C1921340072,C1363522551,0.4559,0.1393,hold,allow,allow,allow,0
451,TRANSFER,7792209.97,C522643943,C1576363178,0.173,0.2292,escalate_to_human,allow,allow,allow,0
451,CASH_OUT,248096.34,C1778946518,C1499142229,0.2725,-0.0842,hold,allow,allow,allow,0
451,TRANSFER,16422.11,C738750876,C1329167286,0.2132,0.1041,hold,allow,allow,allow,0
455,TRANSFER,2180740.56,C1528619505,C1444254473,0.3223,0.1801,hold,allow,allow,allow,0
458,CASH_OUT,401321.89,C737257676,C374697682,0.159,0.1036,hold,allow,allow,allow,0
458,CASH_OUT,22140.87,C679560563,C1441581953,0.2873,0.1308,hold,allow,allow,allow,1
458,CASH_OUT,167806.93,C964445001,C1195194203,0.1782,0.08,hold,allow,allow,allow,1
458,CASH_OUT,364412.0,C1575193895,C907101928,0.4867,0.0962,hold,allow,allow,allow,0
458,TRANSFER,1499311.22,C663964549,C1357469124,0.8414,0.1868,hold,hold,allow,hold,0
458,CASH_OUT,178574.84,C1788277529,C384796163,0.119,0.0767,hold,allow,allow,allow,0
458,CASH_OUT,166141.58,C1985391480,C1781282087,0.1733,0.0817,hold,allow,allow,allow,0
458,CASH_OUT,177255.52,C283216427,C1725523273,0.1289,0.0813,hold,allow,allow,allow,0
459,CASH_OUT,4153.02,C1685125917,C1463620824,0.2041,0.1663,hold,allow,allow,allow,1
459,CASH_OUT,46130.88,C1862849619,C1553982195,0.3813,0.0796,hold,allow,allow,allow,1
460,TRANSFER,514984.22,C1188558699,C1539394949,0.7681,0.1005,hold,hold,allow,hold,0
460,TRANSFER,501428.17,C1737306111,C535023946,0.7931,0.1006,hold,hold,allow,hold,0
460,TRANSFER,45132.15,C406091042,C1777364875,0.697,0.1418,hold,hold,allow,hold,0
460,TRANSFER,359919.2,C1208537817,C924270586,0.8724,0.0978,hold,hold,allow,hold,0
461,CASH_OUT,226892.22,C1164331447,C552730791,0.4719,0.0177,hold,allow,allow,allow,0
461,TRANSFER,2255817.65,C734997313,C1551508365,0.8471,0.1893,hold,hold,allow,hold,0
461,CASH_OUT,343169.79,C1826208677,C2146918437,0.7618,0.0447,hold,hold,allow,hold,0
461,CASH_OUT,110234.33,C2138511114,C1593110590,0.7768,0.0215,hold,hold,allow,hold,0
461,CASH_OUT,6273660.45,C107395739,C133285167,0.9999,0.2323,escalate_to_human,escalate_to_human,escalate_to_human,escalate_to_human,1
461,CASH_OUT,57793.89,C1991919986,C1224168502,0.3967,0.0465,hold,allow,allow,allow,0
461,TRANSFER,830991.53,C1642150548,C1757788418,0.6415,0.0997,hold,hold,allow,hold,1
461,TRANSFER,57443.28,C745334477,C1348355402,0.6618,0.1231,hold,hold,allow,hold,0
461,CASH_OUT,31054.68,C1929277404,C1889118188,0.7777,0.0693,hold,hold,allow,hold,0
462,CASH_OUT,46190.9,C160168142,C1459561697,0.4973,0.0425,hold,allow,allow,allow,1
462,TRANSFER,4342582.37,C1976332867,C1903233179,0.8079,0.2316,escalate_to_human,escalate_to_human,allow,escalate_to_human,1
462,TRANSFER,1433038.32,C1474789260,C991335856,0.8773,0.1413,hold,hold,allow,hold,1
463,TRANSFER,279826.54,C1042499011,C1660783549,0.4169,0.0733,hold,allow,allow,allow,1
463,CASH_OUT,1168274.14,C383746092,C794646915,0.9141,0.1695,escalate_to_human,escalate_to_human,escalate_to_human,escalate_to_human,1
464,CASH_OUT,880975.83,C97407183,C665978376,0.6714,0.16,hold,hold,allow,hold,1
465,CASH_OUT,2577489.07,C1475261726,C1054474053,0.9845,0.1829,escalate_to_human,escalate_to_human,escalate_to_human,escalate_to_human,1
466,TRANSFER,155264.68,C375529170,C1026516769,0.2677,0.0363,hold,allow,allow,allow,0
469,CASH_OUT,96542.63,C702916396,C200673477,0.1835,-0.0943,hold,allow,allow,allow,0
469,TRANSFER,6484526.8,C2041942844,C1100722756,0.2482,0.2226,escalate_to_human,allow,allow,allow,1
469,CASH_OUT,96601.68,C874427845,C247017931,0.3471,-0.0943,hold,allow,allow,allow,0
469,CASH_OUT,114889.8,C567232848,C1798388182,0.2679,-0.0968,hold,allow,allow,allow,0
469,TRANSFER,127262.11,C1277173056,C179222441,0.2877,0.0176,hold,allow,allow,allow,0
469,TRANSFER,8130252.99,C2046119019,C1994146683,0.1836,0.2426,escalate_to_human,allow,allow,allow,0
469,CASH_OUT,857247.17,C1210669929,C988394892,0.1335,0.1109,hold,allow,allow,allow,0
471,TRANSFER,633156.14,C1201966166,C974781443,0.3821,-0.0032,hold,allow,allow,allow,0
471,CASH_OUT,152332.06,C986501933,C321964454,0.1042,-0.0988,hold,allow,allow,allow,0
471,TRANSFER,344188.28,C445046039,C995826795,0.2469,-0.0183,hold,allow,allow,allow,0
474,TRANSFER,3525615.54,C1771610302,C1373883123,0.109,0.1736,escalate_to_human,allow,allow,allow,0
474,CASH_OUT,1499869.54,C285314242,C345891541,0.5955,0.129,hold,hold,allow,hold,1
474,TRANSFER,32654.34,C218619192,C1710767255,0.124,0.0728,hold,allow,allow,allow,0
474,CASH_OUT,1165171.47,C1827869035,C372062896,0.5658,0.1155,hold,hold,allow,hold,1
474,TRANSFER,1036222.15,C1888423829,C1910939779,0.1288,0.0373,hold,allow,allow,allow,0
476,CASH_OUT,36034.33,C2031049667,C619842476,0.5105,-0.0387,hold,hold,allow,hold,0
476,TRANSFER,1413781.2,C1295481965,C395438871,0.2825,0.0939,hold,allow,allow,allow,0
476,CASH_OUT,6745.57,C1093452615,C1401721023,0.1387,0.0383,hold,allow,allow,allow,0
476,TRANSFER,5226836.91,C1579276623,C1839656095,0.3817,0.2109,escalate_to_human,allow,allow,allow,0
477,CASH_OUT,9639524.7,C560583390,C1975522590,0.9896,0.2258,escalate_to_human,escalate_to_human,escalate_to_human,escalate_to_human,1
478,TRANSFER,1393128.91,C1733189476,C1341333075,0.1733,0.1319,hold,allow,allow,allow,0
478,TRANSFER,73568.11,C70002573,C1522487874,0.4257,0.0966,hold,allow,allow,allow,0
478,TRANSFER,461059.98,C686418760,C1614553027,0.4066,0.0704,hold,allow,allow,allow,0
478,TRANSFER,6048615.79,C771745230,C1194765336,0.3232,0.238,escalate_to_human,allow,allow,allow,0
478,TRANSFER,2874356.83,C1276602753,C1258717041,0.1781,0.1943,escalate_to_human,allow,allow,allow,0
478,TRANSFER,104561.34,C1595457898,C338481477,0.1438,0.0812,hold,allow,allow,allow,0
478,TRANSFER,73745.2,C1185733549,C637304481,0.4258,0.0966,hold,allow,allow,allow,0
479,TRANSFER,75409.84,C856293582,C1639319169,0.1634,0.1142,hold,allow,allow,allow,0
479,TRANSFER,171193.14,C1466458931,C753772335,0.595,0.096,hold,hold,allow,hold,0
481,CASH_OUT,1710180.37,C670354135,C577804571,0.9682,0.229,escalate_to_human,escalate_to_human,escalate_to_human,escalate_to_human,1
481,CASH_OUT,548677.33,C676285921,C1205336218,0.2731,0.1684,hold,allow,allow,allow,1
481,CASH_OUT,832811.84,C1897651048,C372865996,0.6883,0.2061,hold,hold,allow,hold,1
482,CASH_OUT,1059347.56,C1625110990,C1705027319,0.9193,0.2078,escalate_to_human,escalate_to_human,escalate_to_human,escalate_to_human,1
482,TRANSFER,132438.82,C677179162,C520559752,0.3022,0.1515,hold,allow,allow,allow,1
482,TRANSFER,37831.15,C1162461767,C1883074444,0.611,0.1789,hold,hold,allow,hold,1
483,TRANSFER,65293.34,C907742414,C779659095,0.3624,0.1397,hold,allow,allow,allow,0
483,CASH_OUT,124755.04,C2051395372,C426689683,0.3561,0.0578,hold,allow,allow,allow,0
483,TRANSFER,85164.54,C653470609,C272614911,0.3871,0.1327,hold,allow,allow,allow,0
483,CASH_OUT,146324.01,C1696635579,C831671966,0.5505,0.0522,hold,hold,allow,hold,0
483,TRANSFER,3488355.65,C1713336918,C1279746199,0.8324,0.233,escalate_to_human,escalate_to_human,allow,escalate_to_human,1
483,TRANSFER,83360.94,C1108034333,C964659072,0.3871,0.1322,hold,allow,allow,allow,0
483,CASH_OUT,153995.07,C1950210396,C816037757,0.4605,0.0559,hold,allow,allow,allow,0
483,CASH_OUT,140536.39,C659138136,C970902276,0.4161,0.0522,hold,allow,allow,allow,0
483,TRANSFER,25451.6,C1127402541,C1787987445,0.5721,0.1807,hold,hold,allow,hold,0
483,CASH_OUT,172747.96,C179451327,C210138650,0.4957,0.0507,hold,allow,allow,allow,0
483,CASH_OUT,169622.91,C656716993,C1349235344,0.3415,0.0505,hold,allow,allow,allow,0
483,CASH_OUT,150330.74,C672229550,C751643067,0.5003,0.0535,hold,hold,allow,hold,0
484,CASH_OUT,156220.74,C389614238,C643171110,0.586,0.0416,hold,hold,allow,hold,1
485,CASH_OUT,2755588.11,C164780972,C380842084,0.9949,0.2035,escalate_to_human,escalate_to_human,escalate_to_human,escalate_to_human,1
485,CASH_OUT,3351304.78,C1558861751,C939990653,0.99,0.2111,escalate_to_human,escalate_to_human,escalate_to_human,escalate_to_human,1
485,TRANSFER,2755588.11,C600644430,C1183535106,0.6683,0.2034,escalate_to_human,escalate_to_human,allow,escalate_to_human,1
485,TRANSFER,1425802.24,C899490900,C1200745570,0.833,0.1464,hold,hold,allow,hold,1
485,TRANSFER,53107.96,C1398662623,C840864986,0.6169,0.1258,hold,hold,allow,hold,1
486,TRANSFER,143500.62,C1190315879,C1109288229,0.7013,0.0883,hold,hold,allow,hold,1
486,TRANSFER,4505012.56,C1899244815,C1848485369,0.8079,0.2325,escalate_to_human,escalate_to_human,allow,escalate_to_human,1
487,TRANSFER,1205760.86,C1553540945,C758612821,0.1581,0.1261,hold,allow,allow,allow,1
487,TRANSFER,278527.6,C718552754,C1287725332,0.4168,0.0733,hold,allow,allow,allow,0
487,CASH_OUT,163366.84,C1844440953,C1972832877,0.109,-0.0079,hold,allow,allow,allow,0
487,TRANSFER,95539.69,C1665521716,C945427872,0.3371,0.0961,hold,allow,allow,allow,0
487,CASH_OUT,123865.27,C1234009800,C946971381,0.1633,-0.0076,hold,allow,allow,allow,0
487,TRANSFER,109799.71,C2014735304,C2119626317,0.611,0.092,hold,hold,allow,hold,0
487,TRANSFER,1647212.97,C159279112,C716403028,0.6808,0.1538,hold,hold,allow,hold,0
487,CASH_OUT,519153.0,C1710776702,C790967286,0.4425,0.0816,hold,allow,allow,allow,0
487,TRANSFER,45327.7,C721757537,C573210183,0.3132,0.1189,hold,allow,allow,allow,0
487,CASH_OUT,179699.15,C1733708822,C1378036787,0.5507,-0.0119,hold,hold,allow,hold,0
487,TRANSFER,833730.87,C1636668329,C713472262,0.5894,0.093,hold,hold,allow,hold,0
487,TRANSFER,175327.95,C959341199,C1441120704,0.2228,0.0784,hold,allow,allow,allow,0
487,CASH_OUT,882637.83,C1094519972,C1202883151,0.8991,0.1658,hold,hold,allow,hold,1
487,CASH_OUT,120219.47,C1644750368,C64127641,0.188,-0.0108,hold,allow,allow,allow,0
487,TRANSFER,265254.75,C1423153140,C1960946309,0.3423,0.0746,hold,allow,allow,allow,0
487,TRANSFER,724071.53,C192128410,C307733950,0.2727,0.0836,hold,allow,allow,allow,0
487,CASH_OUT,365392.45,C451041467,C1377016515,0.6053,0.0212,hold,hold,allow,hold,0
487,CASH_OUT,291963.47,C1979739704,C621864352,0.1235,-0.0041,hold,allow,allow,allow,0
487,CASH_OUT,345718.97,C820606588,C1064002819,0.5357,0.0166,hold,hold,allow,hold,0
488,TRANSFER,27696.89,C928616706,C911339546,0.5607,0.143,hold,hold,allow,hold,1
489,CASH_OUT,7515624.63,C319141085,C1942668370,0.9895,0.2301,escalate_to_human,escalate_to_human,escalate_to_human,escalate_to_human,1
490,TRANSFER,2968.94,C88656924,C1520134592,0.1141,0.1639,hold,allow,allow,allow,0
490,TRANSFER,142753.28,C937144798,C71359870,0.2827,0.0353,hold,allow,allow,allow,0
490,TRANSFER,1479.65,C1503556883,C817718168,0.2079,0.1639,hold,allow,allow,allow,0
490,TRANSFER,765438.19,C753867795,C427067936,0.3171,0.0377,hold,allow,allow,allow,0
490,TRANSFER,765444.06,C479542493,C517745424,0.3171,0.0377,hold,allow,allow,allow,0
490,CASH_OUT,1048388.34,C1366299519,C1848657199,0.4067,0.1339,hold,allow,allow,allow,1
490,CASH_OUT,152326.47,C1420177613,C1034267928,0.2627,-0.0777,hold,allow,allow,allow,0
491,CASH_OUT,1265033.25,C994518144,C469694911,0.6702,0.133,hold,hold,allow,hold,1
491,CASH_OUT,1122827.94,C1274959638,C870195127,0.6254,0.1299,hold,hold,allow,hold,1
492,CASH_OUT,152340.69,C811900895,C1232357345,0.1535,-0.0942,hold,allow,allow,allow,0
493,TRANSFER,2694872.3,C1786861004,C534779865,0.4164,0.157,escalate_to_human,allow,allow,allow,0
493,CASH_OUT,96497.72,C115307498,C1985574736,0.1141,-0.0943,hold,allow,allow,allow,0
495,CASH_OUT,224215.99,C576613318,C997452790,0.114,-0.0962,hold,allow,allow,allow,0
498,CASH_OUT,1028515.56,C1139006593,C116028327,0.6715,0.1155,hold,hold,allow,hold,1
500,TRANSFER,4223799.87,C2111298041,C189866844,0.3321,0.1971,escalate_to_human,allow,allow,allow,0
500,TRANSFER,703678.01,C2140375390,C1976678831,0.1833,0.0301,hold,allow,allow,allow,0
500,TRANSFER,5190619.95,C1247063672,C1209352946,0.3916,0.2109,escalate_to_human,allow,allow,allow,0
500,TRANSFER,4031479.44,C2062430122,C680344850,0.1536,0.1914,escalate_to_human,allow,allow,allow,0
500,TRANSFER,163404.48,C223013488,C1597663506,0.119,0.0219,hold,allow,allow,allow,0
500,CASH_OUT,21570.36,C409484516,C1982081550,0.5701,-0.017,hold,hold,allow,hold,0
500,TRANSFER,2340263.31,C321010406,C1477089094,0.1981,0.1509,hold,allow,allow,allow,0
500,CASH_OUT,101863.07,C39177131,C1188566403,0.3321,-0.0823,hold,allow,allow,allow,0
500,CASH_OUT,456418.71,C1781335581,C746916715,0.1041,0.0153,hold,allow,allow,allow,0
501,CASH_OUT,6183238.55,C1949843837,C392599315,0.9948,0.2035,escalate_to_human,escalate_to_human,escalate_to_human,escalate_to_human,1
502,CASH_OUT,1673066.07,C386160700,C1099214627,0.8626,0.1637,hold,hold,allow,hold,1
503,TRANSFER,114497.49,C382918371,C824558136,0.2674,0.1003,hold,allow,allow,allow,0
503,TRANSFER,2875592.9,C2127161361,C133846024,0.1385,0.2033,escalate_to_human,allow,allow,allow,0
503,CASH_OUT,854065.31,C1383859392,C431850862,0.1689,0.1544,hold,allow,allow,allow,1
503,CASH_OUT,993088.06,C1414793795,C1137450827,0.5824,0.1593,hold,hold,allow,hold,1
503,CASH_OUT,77599.44,C1981965846,C54207072,0.1289,0.0184,hold,allow,allow,allow,0
504,CASH_OUT,3018810.85,C1000484178,C895750711,0.6873,0.2429,escalate_to_human,escalate_to_human,allow,escalate_to_human,1
505,CASH_OUT,4553004.39,C485487495,C49397017,0.8492,0.2485,escalate_to_human,escalate_to_human,allow,escalate_to_human,1
505,TRANSFER,3863.13,C1508221599,C1490211965,0.746,0.2282,hold,hold,allow,hold,0
505,TRANSFER,1021.77,C1065089780,C19673416,0.6911,0.2331,hold,hold,allow,hold,0
505,TRANSFER,115332.43,C1179103687,C2087365203,0.6304,0.1613,hold,hold,allow,hold,0
505,TRANSFER,675069.32,C2051554287,C1216678484,0.4363,0.1446,hold,allow,allow,allow,0
505,TRANSFER,146746.0,C1055506484,C147087744,0.1885,0.1549,hold,allow,allow,allow,0
506,TRANSFER,10000000.0,C260657856,C801890101,0.8483,0.2944,escalate_to_human,escalate_to_human,allow,escalate_to_human,1
507,TRANSFER,269476.09,C1998191223,C1458219596,0.582,0.1209,hold,hold,allow,hold,1
507,CASH_OUT,7239986.95,C116882584,C2083647720,0.9999,0.2633,escalate_to_human,escalate_to_human,escalate_to_human,escalate_to_human,1
508,CASH_OUT,350233.08,C2139196557,C1438967690,0.7819,0.0621,hold,hold,allow,hold,1
509,CASH_OUT,62584.11,C1628088434,C698478412,0.387,0.0408,hold,allow,allow,allow,0
509,TRANSFER,50688.81,C717925683,C1592715581,0.6221,0.1279,hold,hold,allow,hold,0
509,TRANSFER,418871.89,C1504021552,C1271314586,0.1496,0.0844,hold,allow,allow,allow,1
509,TRANSFER,23413.67,C2101272000,C255541655,0.6076,0.1624,hold,hold,allow,hold,1
509,CASH_OUT,148149.58,C145402216,C400540023,0.7563,0.0204,hold,hold,allow,hold,0
509,CASH_OUT,94685.31,C1196524579,C1439800732,0.6621,0.0215,hold,hold,allow,hold,0
509,TRANSFER,98901.47,C1609392301,C861973448,0.6516,0.1033,hold,hold,allow,hold,0
509,TRANSFER,40836.05,C434841874,C1134131764,0.7621,0.1395,hold,hold,allow,hold,1
509,CASH_OUT,88190.31,C1165859675,C285961172,0.7568,0.0259,hold,hold,allow,hold,0
509,CASH_OUT,228918.58,C823285728,C121404705,0.447,0.0177,hold,allow,allow,allow,0
509,CASH_OUT,156938.5,C1552865064,C382804378,0.6613,0.024,hold,hold,allow,hold,0
510,TRANSFER,844348.52,C1554179748,C1181413990,0.5855,0.0951,hold,hold,allow,hold,1
510,TRANSFER,550231.35,C1633390625,C1517406910,0.5917,0.0782,hold,hold,allow,hold,1
510,CASH_OUT,550231.35,C1985542113,C121844862,0.7816,0.1098,hold,hold,allow,hold,1
511,CASH_OUT,2491.85,C1646554602,C120002331,0.1834,0.143,hold,allow,allow,allow,1
511,CASH_OUT,1367070.94,C1861046549,C1305620964,0.9542,0.1736,escalate_to_human,escalate_to_human,escalate_to_human,escalate_to_human,1
512,TRANSFER,127120.88,C139582618,C574551822,0.4863,0.0857,hold,allow,allow,allow,1
514,CASH_OUT,219563.5,C1451716774,C150644850,0.109,-0.0739,hold,allow,allow,allow,0
514,TRANSFER,1013608.67,C1960719690,C1151988366,0.1237,0.065,hold,allow,allow,allow,0
514,CASH_OUT,104955.14,C1812675524,C103729159,0.1736,-0.0757,hold,allow,allow,allow,0
514,TRANSFER,1533044.72,C254400033,C602287093,0.119,0.1116,hold,allow,allow,allow,0
514,CASH_OUT,369421.87,C1679167593,C1156605990,0.1884,-0.0393,hold,allow,allow,allow,0
514,TRANSFER,4019390.35,C2142818219,C657051357,0.1188,0.1982,escalate_to_human,allow,allow,allow,0
514,CASH_OUT,110485.07,C608087880,C473831861,0.3769,-0.0771,hold,allow,allow,allow,0
514,TRANSFER,4065359.59,C1048119075,C1802560760,0.1932,0.1996,escalate_to_human,allow,allow,allow,0
514,TRANSFER,155744.17,C334424426,C494434582,0.3469,0.0359,hold,allow,allow,allow,0
514,CASH_OUT,466611.45,C70416511,C2117069171,0.1833,0.0077,hold,allow,allow,allow,0
514,TRANSFER,487230.85,C670830418,C1237354074,0.2033,0.0244,hold,allow,allow,allow,0
514,TRANSFER,488461.83,C1509759088,C251572486,0.347,0.0244,hold,allow,allow,allow,0
514,CASH_OUT,852083.48,C153255931,C1974435551,0.2127,0.1255,hold,allow,allow,allow,0
518,CASH_OUT,104948.05,C2072660662,C1001503281,0.1288,-0.097,hold,allow,allow,allow,0
518,TRANSFER,632792.61,C1739261298,C1567540740,0.129,0.0011,hold,allow,allow,allow,0
520,CASH_OUT,160355.52,C398532615,C1978586088,0.3617,-0.0993,hold,allow,allow,allow,0
520,CASH_OUT,5469910.99,C1741031215,C1048619563,1.0,0.199,escalate_to_human,escalate_to_human,escalate_to_human,escalate_to_human,1
520,CASH_OUT,2871898.5,C381354324,C825395175,0.9899,0.1601,escalate_to_human,escalate_to_human,escalate_to_human,escalate_to_human,1
522,TRANSFER,3529203.13,C1312312874,C139603931,0.109,0.1736,escalate_to_human,allow,allow,allow,0
522,TRANSFER,3023847.84,C721602779,C1475498688,0.149,0.1605,escalate_to_human,allow,allow,allow,0
522,TRANSFER,548182.82,C2099221938,C1817722861,0.4163,-0.0068,hold,allow,allow,allow,0
522,TRANSFER,3510393.98,C1716027497,C1325974167,0.1487,0.1722,escalate_to_human,allow,allow,allow,0
522,CASH_OUT,6775.49,C608775375,C716142268,0.223,0.0269,hold,allow,allow,allow,0
522,TRANSFER,2346761.17,C1046936398,C1580934710,0.1487,0.1422,hold,allow,allow,allow,0
522,TRANSFER,139650.14,C769167839,C1342240602,0.1288,0.009,hold,allow,allow,allow,0
522,CASH_OUT,12276.37,C609098027,C2122667309,0.1488,-0.0104,hold,allow,allow,allow,0
522,TRANSFER,3438367.97,C1722385136,C224940186,0.2976,0.1704,escalate_to_human,allow,allow,allow,0
522,CASH_OUT,174925.59,C350329115,C1918423022,0.2181,-0.098,hold,allow,allow,allow,0
522,TRANSFER,2129545.0,C318875530,C1379166669,0.1683,0.1296,hold,allow,allow,allow,0
522,TRANSFER,3031282.18,C938718673,C2141769331,0.1291,0.1605,escalate_to_human,allow,allow,allow,0
522,TRANSFER,140060.74,C1412412141,C863151961,0.1933,0.0069,hold,allow,allow,allow,0
522,TRANSFER,2847.37,C1162977966,C1244200882,0.2631,0.1494,hold,allow,allow,allow,0
522,TRANSFER,2088760.2,C2088629213,C411488610,0.1683,0.1213,hold,allow,allow,allow,0
522,TRANSFER,4091599.03,C1167827023,C869532340,0.1438,0.1865,escalate_to_human,allow,allow,allow,0
522,TRANSFER,4064922.62,C334896131,C2145121206,0.114,0.1855,escalate_to_human,allow,allow,allow,0
524,TRANSFER,448062.64,C1189589821,C2024836608,0.3814,0.0154,hold,allow,allow,allow,0
524,CASH_OUT,161954.95,C1579795170,C1731493383,0.1339,-0.08,hold,allow,allow,allow,0
524,CASH_OUT,859035.02,C2035655406,C214124538,0.1583,0.1203,hold,allow,allow,allow,0
524,TRANSFER,1413152.9,C461366663,C1751862597,0.2775,0.0939,hold,allow,allow,allow,0
524,TRANSFER,1418341.95,C1015995984,C2112757359,0.6246,0.0927,hold,hold,allow,hold,0
525,CASH_OUT,38126.96,C533920847,C673227437,0.3517,0.0046,hold,allow,allow,allow,0
525,TRANSFER,158737.86,C320369967,C284843690,0.4512,0.0446,hold,allow,allow,allow,0
525,TRANSFER,2239897.89,C2069043164,C1750510478,0.5864,0.1597,hold,hold,allow,hold,0
525,TRANSFER,20167.5,C1806544386,C1072365876,0.1834,0.1215,hold,allow,allow,allow,0
525,TRANSFER,2037119.4,C608986460,C1868618389,0.1239,0.1457,hold,allow,allow,allow,0
525,CASH_OUT,179658.82,C1588056453,C1678032781,0.362,-0.0475,hold,allow,allow,allow,0
525,TRANSFER,1386001.81,C1472740685,C1309412007,0.1584,0.1131,hold,allow,allow,allow,0
525,TRANSFER,21249.41,C906689012,C145188153,0.114,0.1194,hold,allow,allow,allow,0
525,CASH_OUT,363233.05,C1422564616,C1697221521,0.1686,-0.0071,hold,allow,allow,allow,0
525,TRANSFER,123086.55,C615137085,C1894334873,0.1041,0.0531,hold,allow,allow,allow,0
525,CASH_OUT,38216.61,C1409642708,C1179262893,0.119,0.0044,hold,allow,allow,allow,0
525,CASH_OUT,217471.94,C247992034,C842564329,0.1191,-0.039,hold,allow,allow,allow,0
525,TRANSFER,1335689.88,C1664182317,C1848517284,0.2427,0.1091,hold,allow,allow,allow,0
525,TRANSFER,235989.49,C1492744377,C723399104,0.1191,0.0369,hold,allow,allow,allow,0
526,CASH_OUT,641006.99,C897378997,C1241934533,0.1433,0.1305,hold,allow,allow,allow,0
526,TRANSFER,171342.84,C1614565150,C591818840,0.2728,0.0751,hold,allow,allow,allow,0
526,TRANSFER,76197.76,C197586549,C428782237,0.4119,0.0895,hold,allow,allow,allow,0
526,TRANSFER,158648.22,C443058588,C1549486231,0.1439,0.075,hold,allow,allow,allow,0
526,TRANSFER,71614.13,C65614284,C81078483,0.5452,0.0974,hold,hold,allow,hold,0
526,TRANSFER,239488.88,C1781927595,C1725785730,0.3169,0.0725,hold,allow,allow,allow,0
527,CASH_OUT,202416.25,C913157632,C580844095,0.5456,0.0086,hold,hold,allow,hold,0
527,TRANSFER,381992.3,C1785996441,C1325787999,0.1141,0.0805,hold,allow,allow,allow,0
527,TRANSFER,135272.68,C1671822293,C738473663,0.5605,0.102,hold,hold,allow,hold,0
527,TRANSFER,170722.87,C196199925,C72049677,0.3718,0.096,hold,allow,allow,allow,0
527,TRANSFER,33002.25,C1210117406,C1423391584,0.104,0.1441,hold,allow,allow,allow,0
527,TRANSFER,172953.08,C2008550229,C1791837848,0.2776,0.0947,hold,allow,allow,allow,0
528,CASH_OUT,116413.82,C1573875849,C1620075407,0.1684,0.0988,hold,allow,allow,allow,0
528,CASH_OUT,116680.48,C1349219679,C191326779,0.1684,0.098,hold,allow,allow,allow,0
529,TRANSFER,1349245.26,C871606789,C1118874848,0.5363,0.1864,hold,hold,allow,hold,0
530,CASH_OUT,25159.34,C259011387,C253001482,0.2674,0.1296,hold,allow,allow,allow,0
530,TRANSFER,148680.12,C1687894218,C943795253,0.2527,0.1479,hold,allow,allow,allow,1
530,TRANSFER,387773.97,C1894511289,C780914963,0.3734,0.1371,hold,allow,allow,allow,1
530,TRANSFER,618350.4,C411147083,C369951146,0.7714,0.1344,hold,hold,allow,hold,0
530,CASH_OUT,306206.2,C23585361,C685668954,0.1487,0.0816,hold,allow,allow,allow,0
530,CASH_OUT,45128.8,C292304943,C711513454,0.3072,0.1065,hold,allow,allow,allow,0
530,CASH_OUT,129258.82,C1857748820,C1894897045,0.2824,0.0826,hold,allow,allow,allow,0
530,CASH_OUT,146796.87,C1607730150,C1947207566,0.5802,0.0795,hold,hold,allow,hold,0
530,CASH_OUT,148680.12,C547292617,C1499118681,0.4462,0.0803,hold,allow,allow,allow,1
530,TRANSFER,228157.09,C2106668136,C2134149481,0.1485,0.1402,hold,allow,allow,allow,0
530,CASH_OUT,398711.68,C1554476444,C1448973297,0.159,0.1017,hold,allow,allow,allow,1
530,CASH_OUT,150957.93,C792361935,C722672720,0.4014,0.0812,hold,allow,allow,allow,0
530,TRANSFER,874680.3,C1413789510,C1932595407,0.5314,0.1562,hold,hold,allow,hold,0
530,CASH_OUT,377509.65,C1274645773,C422510099,0.4968,0.0967,hold,allow,allow,allow,0
530,CASH_OUT,317362.77,C75787384,C1611808280,0.2081,0.0866,hold,allow,allow,allow,0
530,TRANSFER,448725.78,C1592523572,C700877846,0.1445,0.1359,hold,allow,allow,allow,0
530,TRANSFER,748123.73,C1891238337,C1737218431,0.3873,0.1437,hold,allow,allow,allow,0
530,TRANSFER,400345.25,C590299254,C1521291005,0.2986,0.1402,hold,allow,allow,allow,0
531,CASH_OUT,232544.84,C682057822,C877922368,0.3669,0.0531,hold,allow,allow,allow,0
531,CASH_OUT,3547485.43,C1192862458,C1255659415,0.9899,0.2328,escalate_to_human,escalate_to_human,escalate_to_human,escalate_to_human,1
531,TRANSFER,126356.54,C975259911,C286042613,0.7964,0.1313,hold,hold,allow,hold,0
531,CASH_OUT,120651.74,C1371805098,C885032330,0.351,0.0545,hold,allow,allow,allow,0
531,CASH_OUT,346972.41,C1945581021,C880423272,0.646,0.0711,hold,hold,allow,hold,0
531,CASH_OUT,1664.65,C2466190,C171666946,0.189,0.1838,hold,allow,allow,allow,0
532,CASH_OUT,168598.54,C1774588909,C984890197,0.5063,0.0376,hold,hold,allow,hold,0
532,CASH_OUT,248758.0,C785445300,C1190332895,0.6755,0.0468,hold,hold,allow,hold,0
532,CASH_OUT,254719.63,C1634365603,C192491518,0.4921,0.0457,hold,allow,allow,allow,1
532,CASH_OUT,217084.87,C220434945,C1514731780,0.4172,0.0337,hold,allow,allow,allow,0
532,CASH_OUT,147408.44,C1978987335,C1626348169,0.6959,0.04,hold,hold,allow,hold,0
532,TRANSFER,56719.67,C633322811,C1909018980,0.6369,0.1351,hold,hold,allow,hold,0
532,TRANSFER,448795.46,C749188371,C1741697141,0.1645,0.0992,hold,allow,allow,allow,0
533,CASH_OUT,400517.07,C391166048,C1123547777,0.2291,0.056,hold,allow,allow,allow,1
534,TRANSFER,56652.61,C1914533892,C740113090,0.5417,0.1195,hold,hold,allow,hold,0
534,CASH_OUT,1390332.39,C1515790640,C1288810506,0.9895,0.1773,escalate_to_human,escalate_to_human,escalate_to_human,escalate_to_human,1
534,TRANSFER,348278.1,C1651105366,C1623610754,0.6869,0.0768,hold,hold,allow,hold,0
534,CASH_OUT,76244.61,C811684711,C1767847681,0.2476,0.0248,hold,allow,allow,allow,0
534,CASH_OUT,259922.82,C2059354573,C2102803475,0.2129,0.0085,hold,allow,allow,allow,0
534,CASH_OUT,252002.28,C338107005,C1245626112,0.3271,0.0048,hold,allow,allow,allow,0
534,TRANSFER,492896.75,C1728027611,C1170151190,0.573,0.0804,hold,hold,allow,hold,1
534,TRANSFER,166135.83,C442459262,C2095689186,0.5064,0.0835,hold,hold,allow,hold,0
534,CASH_OUT,144591.86,C1097086525,C1264821815,0.652,0.0043,hold,hold,allow,hold,0
534,CASH_OUT,333196.51,C414284895,C329491489,0.6317,0.0204,hold,hold,allow,hold,0
534,CASH_OUT,54510.28,C1074670543,C1448603193,0.317,0.0405,hold,allow,allow,allow,0
534,CASH_OUT,166096.57,C851530805,C674879794,0.5421,0.0065,hold,hold,allow,hold,0
534,TRANSFER,136245.39,C98283050,C1232672480,0.6364,0.0891,hold,hold,allow,hold,1
534,CASH_OUT,62038.71,C401467589,C208927789,0.3168,0.0342,hold,allow,allow,allow,0
534,TRANSFER,221168.84,C377404913,C1832649072,0.4071,0.0801,hold,allow,allow,allow,0
534,CASH_OUT,178481.74,C740586276,C1526527305,0.4916,0.0039,hold,allow,allow,allow,0
534,CASH_OUT,52282.23,C49114855,C58987196,0.3171,0.0456,hold,allow,allow,allow,0
534,CASH_OUT,204760.55,C1293084589,C1982312586,0.3275,0.0001,hold,allow,allow,allow,0
534,CASH_OUT,257766.88,C1227066395,C1588006211,0.2327,0.0081,hold,allow,allow,allow,0
538,CASH_OUT,2136099.59,C615843583,C634573611,0.9743,0.1618,escalate_to_human,escalate_to_human,escalate_to_human,escalate_to_human,1
538,CASH_OUT,3061.11,C1155700167,C1141426459,0.1041,0.1014,hold,allow,allow,allow,0
538,CASH_OUT,27048.85,C1993126605,C923653889,0.1536,-0.0059,hold,allow,allow,allow,0
538,TRANSFER,142254.26,C846225136,C428273925,0.3223,0.0353,hold,allow,allow,allow,0
538,CASH_OUT,204779.35,C606279378,C2072544438,0.2082,-0.0796,hold,allow,allow,allow,0
540,TRANSFER,846642.71,C517796072,C1696619738,0.3225,0.03,hold,allow,allow,allow,0
540,TRANSFER,1323525.25,C493924445,C1491949332,0.2776,0.0753,hold,allow,allow,allow,0
540,TRANSFER,3909796.97,C2107361726,C1605764154,0.1834,0.1868,escalate_to_human,allow,allow,allow,0
540,TRANSFER,884904.74,C1743039121,C570252985,0.1932,0.0296,hold,allow,allow,allow,0
540,CASH_OUT,3707342.38,C633635438,C1640217168,0.995,0.1705,escalate_to_human,escalate_to_human,escalate_to_human,escalate_to_human,1
542,TRANSFER,489038.0,C949242071,C1707644728,0.1886,-0.0143,hold,allow,allow,allow,0
542,CASH_OUT,72585.43,C574684825,C1046241296,0.1041,-0.0865,hold,allow,allow,allow,0
542,TRANSFER,106418.02,C1912271101,C386947490,0.1738,0.0121,hold,allow,allow,allow,0
542,CASH_OUT,355924.4,C352144238,C1673530251,0.2775,-0.0705,hold,allow,allow,allow,0
543,CASH_OUT,2558618.27,C2020129633,C1104272087,0.995,0.1552,escalate_to_human,escalate_to_human,escalate_to_human,escalate_to_human,1
544,CASH_OUT,39318.88,C1369890817,C1104821183,0.109,-0.0573,hold,allow,allow,allow,0
544,TRANSFER,2096594.99,C301549770,C550760910,0.2824,0.1189,hold,allow,allow,allow,0
544,TRANSFER,2195775.99,C2038346557,C828004898,0.3566,0.1272,hold,allow,allow,allow,0
544,TRANSFER,1102055.9,C1200333002,C647732156,0.1324,0.0429,hold,allow,allow,allow,0
544,TRANSFER,36097.37,C1366515404,C1641070559,0.2134,0.078,hold,allow,allow,allow,0
544,CASH_OUT,353346.05,C1830614523,C877558987,0.1288,-0.0687,hold,allow,allow,allow,0
545,TRANSFER,3848861.33,C1682614924,C610557280,0.1686,0.1812,escalate_to_human,allow,allow,allow,0
545,TRANSFER,212285.25,C1402688118,C1339179775,0.1934,-0.0046,hold,allow,allow,allow,0
545,TRANSFER,3012988.72,C1780277366,C1140042241,0.3773,0.1577,escalate_to_human,allow,allow,allow,0
546,TRANSFER,185247.53,C991784918,C813701633,0.2231,-0.0049,hold,allow,allow,allow,0
546,TRANSFER,1031439.84,C2026319069,C355213456,0.3075,0.0373,hold,allow,allow,allow,0
546,TRANSFER,94964.96,C1215976651,C974994403,0.1537,0.0177,hold,allow,allow,allow,0
546,TRANSFER,703291.1,C1454936195,C1719902713,0.2283,0.0098,hold,allow,allow,allow,0
546,CASH_OUT,25766.08,C2011588243,C1609080464,0.1538,-0.0454,hold,allow,allow,allow,0
546,TRANSFER,548731.73,C1272683090,C2124759451,0.3073,-0.0068,hold,allow,allow,allow,0
547,TRANSFER,94418.47,C274958670,C1725460554,0.1585,0.016,hold,allow,allow,allow,0
547,TRANSFER,94579.09,C1617518587,C1608940194,0.1191,0.016,hold,allow,allow,allow,0
547,CASH_OUT,1139983.15,C992997855,C506708945,0.6313,0.1139,hold,hold,allow,hold,1
548,TRANSFER,212542.29,C1308718823,C1684801757,0.1683,0.0161,hold,allow,allow,allow,0
548,TRANSFER,2066310.79,C826104508,C498937709,0.5507,0.1319,hold,hold,allow,hold,0
548,CASH_OUT,39338.35,C990383805,C1956038444,0.1537,-0.0439,hold,allow,allow,allow,0
548,CASH_OUT,19269.16,C62092264,C1987176320,0.3071,-0.0059,hold,allow,allow,allow,0
548,CASH_OUT,67005.49,C1160844483,C1445650886,0.124,-0.0678,hold,allow,allow,allow,0
548,TRANSFER,4023608.8,C87352538,C1451597255,0.1486,0.1914,escalate_to_human,allow,allow,allow,0
548,TRANSFER,2757793.95,C2101210023,C570692582,0.3676,0.1663,escalate_to_human,allow,allow,allow,0
549,TRANSFER,21662.5,C1776253219,C1312022060,0.1733,0.119,hold,allow,allow,allow,1
549,CASH_OUT,461442.52,C1093216808,C713783990,0.1091,0.0384,hold,allow,allow,allow,1
550,CASH_OUT,353767.63,C1455623137,C28373338,0.2778,0.0173,hold,allow,allow,allow,0
550,TRANSFER,461224.11,C1680974950,C285719519,0.4214,0.0704,hold,allow,allow,allow,0
550,CASH_OUT,68152.42,C1147661049,C1533319870,0.2528,0.0005,hold,allow,allow,allow,0
550,CASH_OUT,38075.85,C553248076,C1190483233,0.1089,0.0325,hold,allow,allow,allow,0
550,TRANSFER,457231.71,C1862352467,C1853096342,0.1979,0.0704,hold,allow,allow,allow,0
550,TRANSFER,235485.58,C1702829865,C653507652,0.5844,0.0723,hold,hold,allow,hold,0
550,TRANSFER,1384511.52,C414763111,C1187546103,0.2767,0.1319,hold,allow,allow,allow,0
551,TRANSFER,170116.64,C438867547,C654221888,0.3122,0.096,hold,allow,allow,allow,0
551,CASH_OUT,1669143.57,C101677237,C1078128267,0.8626,0.1736,hold,hold,allow,hold,1
552,CASH_OUT,692743.57,C1891204803,C1400173995,0.2582,0.1958,hold,allow,allow,allow,1
554,CASH_OUT,10000000.0,C291823113,C1546786985,0.9549,0.2731,escalate_to_human,escalate_to_human,escalate_to_human,escalate_to_human,1
555,CASH_OUT,423822.91,C667294943,C594314814,0.1343,0.0977,hold,allow,allow,allow,0
555,CASH_OUT,256612.5,C1506920429,C1008976301,0.3623,0.0547,hold,allow,allow,allow,0
555,CASH_OUT,234831.85,C2066172844,C1387963406,0.3769,0.055,hold,allow,allow,allow,0
556,CASH_OUT,544352.53,C1198732254,C617614244,0.7174,0.1343,hold,hold,allow,hold,1
557,CASH_OUT,839077.79,C1046755509,C758775934,0.8694,0.165,hold,hold,allow,hold,1
557,CASH_OUT,643052.88,C1834671253,C598267252,0.7523,0.1478,hold,hold,allow,hold,1
557,CASH_OUT,3571807.73,C458467003,C837210602,0.99,0.2151,escalate_to_human,escalate_to_human,escalate_to_human,escalate_to_human,1
557,CASH_OUT,776303.43,C264646287,C1422542191,0.6789,0.1627,hold,hold,allow,hold,1
558,CASH_OUT,2190762.32,C1784567244,C730906537,0.9997,0.1936,escalate_to_human,escalate_to_human,escalate_to_human,escalate_to_human,1
559,CASH_OUT,175290.91,C1912599931,C1678235218,0.3524,-0.0107,hold,allow,allow,allow,1
559,TRANSFER,127564.33,C315492632,C1866365124,0.6664,0.0892,hold,hold,allow,hold,1
559,CASH_OUT,127564.33,C471097879,C312345,0.1237,-0.0114,hold,allow,allow,allow,1
563,CASH_OUT,25753.95,C59358903,C938497238,0.2281,-0.0093,hold,allow,allow,allow,0
563,TRANSFER,925162.65,C1345683278,C1848270947,0.1882,0.036,hold,allow,allow,allow,0
563,TRANSFER,488202.93,C1555649658,C35420740,0.1091,0.0086,hold,allow,allow,allow,0
563,TRANSFER,3936058.18,C711139229,C272390233,0.1884,0.186,escalate_to_human,allow,allow,allow,0
563,TRANSFER,45410.91,C821597896,C1813570002,0.1337,0.0721,hold,allow,allow,allow,0
565,TRANSFER,3011016.16,C392759338,C330435114,0.1043,0.1615,escalate_to_human,allow,allow,allow,0
565,TRANSFER,128216.68,C247023329,C1531925390,0.3275,0.0176,hold,allow,allow,allow,0
565,TRANSFER,6454041.6,C996661622,C1696063242,0.2482,0.2216,escalate_to_human,allow,allow,allow,0
565,TRANSFER,1787215.88,C2144977479,C496632386,0.1239,0.1016,hold,allow,allow,allow,0
565,CASH_OUT,222740.07,C1737817766,C1897400949,0.1141,-0.0964,hold,allow,allow,allow,0
566,TRANSFER,846628.8,C2016506131,C1938058675,0.2929,0.0258,hold,allow,allow,allow,0
566,TRANSFER,309.59,C1867828916,C1857357533,0.5803,0.1538,hold,hold,allow,hold,0
566,TRANSFER,80239.18,C147525620,C1183209517,0.1091,0.0261,hold,allow,allow,allow,0
567,CASH_OUT,1893451.73,C1062517629,C1434665173,0.8937,0.1373,hold,hold,allow,hold,1
567,TRANSFER,223202.72,C725802689,C472315926,0.2329,-0.0103,hold,allow,allow,allow,0
567,CASH_OUT,5775.52,C1159698130,C755794867,0.1933,0.0504,hold,allow,allow,allow,0
568,TRANSFER,32521.24,C949980051,C1466673689,0.2081,0.0796,hold,allow,allow,allow,1
570,TRANSFER,1031670.75,C766986264,C1618307593,0.1983,0.0373,hold,allow,allow,allow,0
570,TRANSFER,12460.85,C615234451,C873193870,0.2379,0.1086,hold,allow,allow,allow,0
570,TRANSFER,561667.45,C1232020309,C905678567,0.228,-0.0048,hold,allow,allow,allow,0
570,TRANSFER,18805.55,C1308098131,C947930583,0.1387,0.0971,hold,allow,allow,allow,0
571,TRANSFER,2088118.38,C1828926667,C723534314,0.1187,0.124,hold,allow,allow,allow,0
571,TRANSFER,16265.09,C502600933,C777212049,0.109,0.1041,hold,allow,allow,allow,0
571,TRANSFER,295856.56,C1981878880,C585106052,0.1439,-0.0041,hold,allow,allow,allow,0
571,TRANSFER,185209.24,C52983418,C1136071155,0.1438,-0.0003,hold,allow,allow,allow,0
571,TRANSFER,105693.21,C1969643585,C849704466,0.1635,0.011,hold,allow,allow,allow,0
571,CASH_OUT,67050.89,C422727388,C437747500,0.2428,-0.0844,hold,allow,allow,allow,0
573,TRANSFER,216334.54,C1393634183,C802283437,0.1388,0.0395,hold,allow,allow,allow,0
573,TRANSFER,164450.45,C1212043655,C609696734,0.2878,0.0434,hold,allow,allow,allow,0
573,TRANSFER,159120.15,C1271863715,C1750011855,0.3322,0.0446,hold,allow,allow,allow,0
573,TRANSFER,12229.49,C1800571446,C593695384,0.2475,0.1351,hold,allow,allow,allow,0
573,TRANSFER,218875.46,C22694748,C100359329,0.1239,0.0375,hold,allow,allow,allow,0
573,CASH_OUT,175267.25,C1752235367,C1011162875,0.3076,-0.0492,hold,allow,allow,allow,0
573,CASH_OUT,101532.15,C733360519,C789886952,0.1042,-0.0493,hold,allow,allow,allow,0
574,CASH_OUT,68123.18,C2039086724,C2135554591,0.2429,0.0005,hold,allow,allow,allow,0
574,CASH_OUT,6762.24,C504884507,C641404448,0.1236,0.0844,hold,allow,allow,allow,0
576,CASH_OUT,884821.37,C1865310403,C1762365059,0.504,0.2136,hold,hold,allow,hold,1
576,TRANSFER,1286199.29,C4595474,C1094367797,0.15,0.1906,hold,allow,allow,allow,0
576,CASH_OUT,104160.44,C347144978,C108326031,0.1338,0.0969,hold,allow,allow,allow,0
577,TRANSFER,681525.62,C1600390479,C909892782,0.2924,0.1455,hold,allow,allow,allow,1
577,TRANSFER,241925.17,C878032536,C633824706,0.4416,0.1497,hold,allow,allow,allow,0
577,CASH_OUT,155151.17,C155714988,C2050675330,0.2623,0.0948,hold,allow,allow,allow,0
577,TRANSFER,3415.5,C1981944452,C1719676155,0.741,0.2306,hold,hold,allow,hold,0
577,CASH_OUT,17728.0,C923960480,C1324172826,0.5952,0.1506,hold,hold,allow,hold,0
577,TRANSFER,1230501.54,C1477130590,C797686882,0.1733,0.1864,hold,allow,allow,allow,0
578,CASH_OUT,4961014.03,C1742941865,C1310890311,0.9999,0.2443,escalate_to_human,escalate_to_human,escalate_to_human,escalate_to_human,1
578,TRANSFER,736677.36,C699869751,C1904435627,0.4023,0.145,hold,allow,allow,allow,1
578,TRANSFER,237927.24,C1291373101,C1409280387,0.3875,0.1429,hold,allow,allow,allow,0
580,CASH_OUT,229545.78,C1941330891,C1899397566,0.442,0.0361,hold,allow,allow,allow,0
580,TRANSFER,119114.37,C395781986,C396895362,0.7672,0.117,hold,hold,allow,hold,0
580,TRANSFER,546756.55,C1591886545,C746121472,0.7581,0.1005,hold,hold,allow,hold,0
580,CASH_OUT,208198.85,C1219734787,C1248497805,0.3226,0.0318,hold,allow,allow,allow,0
580,CASH_OUT,177009.57,C2109349309,C974838002,0.4267,0.0394,hold,allow,allow,allow,0
580,CASH_OUT,105861.07,C1311418994,C294852221,0.6717,0.0408,hold,hold,allow,hold,1
581,CASH_OUT,2562459.56,C1439743203,C1986745369,0.9798,0.204,escalate_to_human,escalate_to_human,escalate_to_human,escalate_to_human,1
581,TRANSFER,801763.51,C1070533651,C1336603610,0.5175,0.0984,hold,hold,allow,hold,1
582,CASH_OUT,101881.69,C1448762683,C550669879,0.7215,0.0131,hold,hold,allow,hold,0
582,TRANSFER,184529.01,C950179524,C33068996,0.3672,0.0813,hold,allow,allow,allow,0
582,CASH_OUT,194189.31,C2119039415,C614059949,0.3174,0.0027,hold,allow,allow,allow,0
582,CASH_OUT,149927.75,C827849453,C1359817643,0.7318,0.0071,hold,hold,allow,hold,0
582,TRANSFER,35390.39,C462024430,C1995005964,0.7168,0.1384,hold,hold,allow,hold,0
582,CASH_OUT,56066.49,C1849425677,C1796130996,0.3219,0.0408,hold,allow,allow,allow,0
582,CASH_OUT,208017.95,C1587673091,C555908481,0.3573,-0.0005,hold,allow,allow,allow,0
582,CASH_OUT,33769.81,C776017840,C1466598805,0.6332,0.0603,hold,hold,allow,hold,0
582,CASH_OUT,110012.08,C1631134879,C2042314152,0.7616,0.0099,hold,hold,allow,hold,0
582,CASH_OUT,524360.5,C991121982,C714684664,0.6819,0.0902,hold,hold,allow,hold,0
582,CASH_OUT,8845.02,C1867260797,C1874245605,0.3588,0.1103,hold,allow,allow,allow,0
582,CASH_OUT,279220.28,C416661767,C1918136421,0.1882,0.01,hold,allow,allow,allow,0
582,TRANSFER,567244.76,C1173922212,C1790751456,0.5565,0.0819,hold,hold,allow,hold,0
582,CASH_OUT,305308.8,C1057124458,C1290601415,0.2282,0.0097,hold,allow,allow,allow,0
582,CASH_OUT,161347.49,C1245272868,C47351846,0.5421,0.0087,hold,hold,allow,hold,0
582,TRANSFER,6106149.52,C2033700175,C655923955,0.9279,0.2491,escalate_to_human,escalate_to_human,escalate_to_human,escalate_to_human,1
583,CASH_OUT,759701.03,C1817565028,C1623972064,0.7031,0.1538,hold,hold,allow,hold,1
585,TRANSFER,366976.58,C1287815238,C755972482,0.2281,0.0575,hold,allow,allow,allow,0
586,TRANSFER,1013004.78,C975258057,C1140953272,0.1089,0.065,hold,allow,allow,allow,0
586,CASH_OUT,248059.97,C1835374362,C93536303,0.2584,-0.0731,hold,allow,allow,allow,0
586,TRANSFER,72386.53,C1607751109,C96857154,0.298,0.0624,hold,allow,allow,allow,0
586,CASH_OUT,10000000.0,C701712936,C704752055,0.9924,0.2263,escalate_to_human,escalate_to_human,escalate_to_human,escalate_to_human,1
586,TRANSFER,9435624.71,C2132392774,C936988066,0.5761,0.2598,escalate_to_human,escalate_to_human,allow,escalate_to_human,0
587,TRANSFER,2724481.57,C1614379525,C56530252,0.377,0.1608,escalate_to_human,allow,allow,allow,0
587,TRANSFER,6073780.23,C705170192,C1646362974,0.1635,0.2141,escalate_to_human,allow,allow,allow,0
587,TRANSFER,1539743.48,C1648020563,C2099422862,0.1635,0.0982,hold,allow,allow,allow,0
588,TRANSFER,764176.96,C587634203,C1271928468,0.2031,0.0186,hold,allow,allow,allow,0
589,TRANSFER,92288.42,C1585230465,C2020203835,0.1039,0.0242,hold,allow,allow,allow,0
589,TRANSFER,224648.48,C467490159,C1445433543,0.1438,0.0005,hold,allow,allow,allow,0
589,CASH_OUT,566810.45,C1618179149,C125645216,0.1441,0.0352,hold,allow,allow,allow,0
590,CASH_OUT,90211.07,C1350790187,C559440662,0.619,-0.0929,hold,hold,allow,hold,0
590,CASH_OUT,164491.58,C575619273,C1127292544,0.1188,-0.0999,hold,allow,allow,allow,0
590,CASH_OUT,101523.83,C649559293,C1301323443,0.1042,-0.0975,hold,allow,allow,allow,0
590,TRANSFER,94383.47,C1219464608,C1561886863,0.2921,0.0194,hold,allow,allow,allow,0
590,TRANSFER,769021.8,C635365089,C1577377561,0.1636,0.0154,hold,allow,allow,allow,0
590,TRANSFER,769236.45,C87657619,C866295782,0.1537,0.0151,hold,allow,allow,allow,0
590,TRANSFER,212327.79,C198560175,C1394400343,0.1937,-0.0025,hold,allow,allow,allow,0
590,TRANSFER,332290.08,C936800596,C297298814,0.1041,-0.0146,hold,allow,allow,allow,0
592,TRANSFER,70766.34,C622852142,C1657583401,0.5104,0.0366,hold,hold,allow,hold,0
592,CASH_OUT,204779.32,C1903826629,C1395948334,0.3372,-0.1012,hold,allow,allow,allow,0
592,CASH_OUT,101528.9,C552004668,C919286326,0.1288,-0.0975,hold,allow,allow,allow,0
592,TRANSFER,3065937.03,C1965218770,C1336444766,0.3128,0.158,escalate_to_human,allow,allow,allow,0
594,CASH_OUT,204776.06,C1831211424,C1315339949,0.2429,-0.092,hold,allow,allow,allow,0
594,CASH_OUT,21569.25,C1973637521,C481543418,0.1093,-0.0415,hold,allow,allow,allow,0
594,CASH_OUT,764882.43,C533481519,C242169020,0.1437,0.1,hold,allow,allow,allow,0
594,TRANSFER,2204322.28,C1437107151,C1812513347,0.1389,0.1309,hold,allow,allow,allow,0
594,TRANSFER,31884.38,C942065297,C1664594179,0.1537,0.0732,hold,allow,allow,allow,0
595,CASH_OUT,162004.58,C82596912,C1405325375,0.248,-0.0882,hold,allow,allow,allow,0
595,TRANSFER,12096.25,C119995158,C1125501310,0.2724,0.1074,hold,allow,allow,allow,0
595,CASH_OUT,120396.81,C1259333141,C50180196,0.1885,-0.0972,hold,allow,allow,allow,0
595,TRANSFER,106317.85,C154579349,C923904244,0.4858,0.0113,hold,allow,allow,allow,0
595,TRANSFER,597390.47,C1387334640,C1209982887,0.2378,0.0022,hold,allow,allow,allow,0
596,TRANSFER,5759437.65,C1068803250,C1120989508,0.2825,0.2138,escalate_to_human,allow,allow,allow,0
596,TRANSFER,9668848.4,C1030965873,C995880490,0.2127,0.2407,escalate_to_human,allow,allow,allow,0
596,TRANSFER,5847294.02,C271906552,C1641204883,0.2826,0.2138,escalate_to_human,allow,allow,allow,0
596,TRANSFER,6805374.75,C34659459,C1541326935,0.6471,0.2235,escalate_to_human,escalate_to_human,allow,escalate_to_human,0
596,TRANSFER,7596239.68,C381833358,C951020302,0.188,0.2255,escalate_to_human,allow,allow,allow,0
596,CASH_OUT,9129.72,C392554006,C583606488,0.2232,0.0229,hold,allow,allow,allow,0
596,TRANSFER,126751.32,C1337646543,C763077731,0.1289,0.0304,hold,allow,allow,allow,0
596,CASH_OUT,506923.76,C1566541439,C1744888505,0.109,0.0361,hold,allow,allow,allow,0
596,CASH_OUT,483081.44,C1558147134,C1867295773,0.1091,0.0221,hold,allow,allow,allow,0
596,TRANSFER,5540388.34,C502404229,C165943047,0.2825,0.2133,escalate_to_human,allow,allow,allow,0
596,TRANSFER,4194478.86,C758987282,C1394225544,0.3321,0.1952,escalate_to_human,allow,allow,allow,0
596,CASH_OUT,6392.29,C955719187,C222871866,0.2581,0.0408,hold,allow,allow,allow,0
597,TRANSFER,21688.46,C152483731,C1692962305,0.1982,0.119,hold,allow,allow,allow,0
597,TRANSFER,31838.07,C793861155,C829302604,0.2429,0.1069,hold,allow,allow,allow,0
597,TRANSFER,447075.57,C608956155,C969738127,0.1089,0.0399,hold,allow,allow,allow,0
597,TRANSFER,7590098.11,C990183638,C1113473732,0.2977,0.2399,escalate_to_human,allow,allow,allow,0
597,TRANSFER,591315.81,C2024021330,C1917766518,0.491,0.04,hold,allow,allow,allow,0
599,TRANSFER,114218.74,C937839691,C1090765716,0.208,0.1003,hold,allow,allow,allow,0
599,TRANSFER,1035916.69,C275212652,C1793311093,0.2623,0.122,hold,allow,allow,allow,0
599,TRANSFER,72987.05,C1669572031,C853497439,0.1732,0.118,hold,allow,allow,allow,0
599,TRANSFER,1948338.03,C787251750,C2131232057,0.2827,0.1673,hold,allow,allow,allow,0
599,TRANSFER,226520.01,C1904849436,C385680288,0.1785,0.0937,hold,allow,allow,allow,0
599,TRANSFER,223600.48,C135685814,C799363481,0.3372,0.0937,hold,allow,allow,allow,0
599,CASH_OUT,203123.18,C412346901,C1863702771,0.3671,0.0079,hold,allow,allow,allow,0
600,CASH_OUT,3455440.17,C2035809060,C1375290514,0.6823,0.2459,escalate_to_human,escalate_to_human,allow,escalate_to_human,1
600,TRANSFER,7363709.23,C551820728,C2069632802,0.2323,0.287,escalate_to_human,allow,allow,allow,1
600,CASH_OUT,7363709.23,C1402128249,C734547406,0.7023,0.2737,escalate_to_human,escalate_to_human,allow,escalate_to_human,1
601,CASH_OUT,530332.84,C405791945,C707741594,0.1437,0.1597,hold,allow,allow,allow,0
601,TRANSFER,4709059.93,C1987474104,C1788501346,0.2884,0.2629,escalate_to_human,allow,allow,allow,0
601,TRANSFER,716855.76,C1797372730,C1844437905,0.1981,0.1518,hold,allow,allow,allow,0
601,TRANSFER,566876.75,C767724473,C2095622261,0.2331,0.1453,hold,allow,allow,allow,0
601,TRANSFER,687819.13,C479774653,C1981479171,0.2677,0.1469,hold,allow,allow,allow,0
601,TRANSFER,31304.75,C228538641,C368060027,0.327,0.1912,hold,allow,allow,allow,0
601,TRANSFER,349602.68,C1325264592,C658713524,0.1887,0.1431,hold,allow,allow,allow,0
601,TRANSFER,62868.28,C857271464,C220547764,0.1188,0.1687,hold,allow,allow,allow,0
601,CASH_OUT,102639.73,C74505192,C180821750,0.2575,0.097,hold,allow,allow,allow,0
601,CASH_OUT,510032.45,C2047291940,C1934506991,0.2337,0.1488,hold,allow,allow,allow,0
601,CASH_OUT,257628.25,C1099361111,C1051507981,0.1588,0.0984,hold,allow,allow,allow,0
601,TRANSFER,1252971.47,C371399616,C1842906563,0.1832,0.1897,hold,allow,allow,allow,0
601,TRANSFER,1054244.29,C1474454143,C2096107271,0.2623,0.1738,hold,allow,allow,allow,1
601,CASH_OUT,252396.7,C637707994,C1601763757,0.5059,0.0988,hold,hold,allow,hold,0
601,TRANSFER,355514.85,C353959402,C390327187,0.2187,0.143,hold,allow,allow,allow,0
602,CASH_OUT,366014.33,C373022039,C1901902760,0.4866,0.0966,hold,allow,allow,allow,1
603,TRANSFER,158879.1,C1226871955,C1363273657,0.4519,0.1239,hold,allow,allow,allow,1
603,TRANSFER,1778520.7,C1279323433,C1913190788,0.7756,0.1828,hold,hold,allow,hold,1
603,TRANSFER,39247.74,C1777586207,C1509442679,0.6518,0.1612,hold,hold,allow,hold,1
603,CASH_OUT,158879.1,C1711046896,C1985698288,0.3514,0.0562,hold,allow,allow,allow,1
604,CASH_OUT,4672401.04,C387122223,C378592593,0.9999,0.2308,escalate_to_human,escalate_to_human,escalate_to_human,escalate_to_human,1
605,TRANSFER,1555182.41,C403559722,C999708230,0.8022,0.155,hold,hold,allow,hold,1
607,TRANSFER,135428.39,C212063008,C1363250093,0.4715,0.0839,hold,allow,allow,allow,1
608,TRANSFER,27985.73,C1047942249,C2050212137,0.5606,0.143,hold,hold,allow,hold,1
608,CASH_OUT,105038.3,C1840835389,C1961580113,0.3517,-0.0178,hold,allow,allow,allow,0
608,TRANSFER,10000000.0,C1926590870,C454462706,0.7864,0.2779,escalate_to_human,escalate_to_human,allow,escalate_to_human,1
608,CASH_OUT,248611.96,C1142059336,C119691529,0.1883,-0.0222,hold,allow,allow,allow,0
608,CASH_OUT,135112.15,C1961663754,C1311973546,0.3122,-0.0246,hold,allow,allow,allow,0
608,CASH_OUT,133580.85,C2123681505,C2098400243,0.1584,-0.0248,hold,allow,allow,allow,0
608,TRANSFER,414575.99,C1201976990,C231096990,0.1041,0.0727,hold,allow,allow,allow,0
608,TRANSFER,32968.98,C834403843,C667094784,0.6108,0.1317,hold,hold,allow,hold,0
608,CASH_OUT,100123.58,C1566472589,C236945479,0.4708,-0.0133,hold,allow,allow,allow,0
608,TRANSFER,62415.27,C1880809958,C1590531290,0.1586,0.1029,hold,allow,allow,allow,0
608,CASH_OUT,60747.56,C2087451667,C1561159373,0.2869,0.0027,hold,allow,allow,allow,0
608,TRANSFER,1122914.55,C976035141,C611289738,0.3298,0.1084,hold,allow,allow,allow,0
608,CASH_OUT,167970.4,C1143651785,C1327192590,0.1537,-0.0208,hold,allow,allow,allow,0
608,CASH_OUT,105864.77,C2146879999,C680100840,0.3815,-0.0158,hold,allow,allow,allow,0
611,CASH_OUT,1418168.85,C1964276843,C164163741,0.7819,0.1373,hold,hold,allow,hold,1
612,TRANSFER,7152702.53,C30639129,C1139664439,0.1485,0.2311,escalate_to_human,allow,allow,allow,0
612,TRANSFER,99563.63,C2119671432,C1673626611,0.5102,0.0258,hold,hold,allow,hold,0
612,TRANSFER,886018.83,C1776616688,C1244970082,0.337,0.0296,hold,allow,allow,allow,0
613,CASH_OUT,2155569.91,C2118037553,C1084525983,0.9943,0.1456,escalate_to_human,escalate_to_human,escalate_to_human,escalate_to_human,1
617,CASH_OUT,134491.52,C1311563769,C332237882,0.114,-0.1034,hold,allow,allow,allow,0
617,CASH_OUT,120394.93,C1197589068,C1074756057,0.2926,-0.1041,hold,allow,allow,allow,0
617,CASH_OUT,122079.09,C1947754569,C1037285390,0.2079,-0.1017,hold,allow,allow,allow,0
617,TRANSFER,535621.56,C1106910289,C77465986,0.1439,-0.0104,hold,allow,allow,allow,0
617,CASH_OUT,1398166.84,C338262259,C558846128,0.7569,0.1252,hold,hold,allow,hold,1
621,CASH_OUT,38065.12,C689968272,C60603306,0.203,0.0046,hold,allow,allow,allow,0
621,TRANSFER,2060748.45,C1129518026,C1288050386,0.3775,0.1462,hold,allow,allow,allow,1
624,CASH_OUT,932304.24,C1535615652,C683421609,0.534,0.2136,hold,hold,allow,hold,1
624,TRANSFER,10000000.0,C1874951604,C72573471,0.2629,0.3003,escalate_to_human,allow,allow,allow,1
625,CASH_OUT,6870369.62,C962232328,C1481177013,0.8493,0.2727,escalate_to_human,escalate_to_human,allow,escalate_to_human,1
625,CASH_OUT,20278.62,C1747133660,C1277670542,0.2028,0.1417,hold,allow,allow,allow,1
625,CASH_OUT,249749.05,C1809515003,C1837079929,0.2479,0.0983,hold,allow,allow,allow,1
625,TRANSFER,249749.05,C2136238029,C1843224503,0.4812,0.1503,hold,allow,allow,allow,1
626,CASH_OUT,55740.39,C931224089,C1157817503,0.134,0.104,hold,allow,allow,allow,1
628,CASH_OUT,99165.12,C1168340170,C329394492,0.8964,0.0422,hold,hold,allow,hold,1
629,TRANSFER,892213.56,C203112109,C1034010238,0.7766,0.1053,hold,hold,allow,hold,1
629,TRANSFER,114253.58,C731677275,C1959262781,0.8323,0.1015,hold,hold,allow,hold,1
629,TRANSFER,547672.2,C1661851556,C1014616442,0.7629,0.0832,hold,hold,allow,hold,1
629,TRANSFER,93884.26,C1105988166,C217954795,0.6365,0.1057,hold,hold,allow,hold,1
630,TRANSFER,1357632.14,C702235058,C1769126216,0.8278,0.1379,hold,hold,allow,hold,0
630,CASH_OUT,297089.11,C262898845,C1807391094,0.2232,0.0096,hold,allow,allow,allow,0
630,CASH_OUT,399233.23,C921382547,C1562547273,0.1691,0.039,hold,allow,allow,allow,0
630,TRANSFER,1610098.73,C1332835541,C256362284,0.8461,0.1559,hold,hold,allow,hold,0
630,TRANSFER,326471.83,C101088855,C1012422962,0.3717,0.0781,hold,allow,allow,allow,0
630,CASH_OUT,53972.68,C1122626142,C1561119912,0.317,0.042,hold,allow,allow,allow,0
630,CASH_OUT,99442.88,C539616588,C2029342683,0.7863,0.0143,hold,hold,allow,hold,0
630,TRANSFER,728256.03,C586820687,C925691503,0.4322,0.0861,hold,allow,allow,allow,1
630,CASH_OUT,149381.53,C1141002267,C229476232,0.7318,0.0071,hold,hold,allow,hold,0
631,TRANSFER,3120690.98,C681359586,C536531552,0.831,0.2085,escalate_to_human,escalate_to_human,allow,escalate_to_human,1
631,CASH_OUT,2391612.36,C2115055382,C1884304223,0.9797,0.1955,escalate_to_human,escalate_to_human,escalate_to_human,escalate_to_human,1
637,CASH_OUT,95387.48,C997526638,C93286852,0.2628,-0.0947,hold,allow,allow,allow,0
637,CASH_OUT,95326.74,C1383175339,C1693434003,0.1288,-0.0947,hold,allow,allow,allow,0
638,CASH_OUT,1559540.62,C1776782746,C915520756,0.6754,0.1303,hold,hold,allow,hold,1
644,TRANSFER,5248882.22,C820008788,C1670545931,0.3767,0.2133,escalate_to_human,allow,allow,allow,0
644,TRANSFER,163943.21,C1762256615,C2029631580,0.1833,0.0219,hold,allow,allow,allow,0
644,CASH_OUT,4438931.81,C694579714,C672316377,0.9647,0.1755,escalate_to_human,escalate_to_human,escalate_to_human,escalate_to_human,1
646,TRANSFER,10000000.0,C130070267,C970791522,0.2679,0.2664,escalate_to_human,allow,allow,allow,1
646,TRANSFER,10000000.0,C19004745,C1806199534,0.2679,0.2664,escalate_to_human,allow,allow,allow,1
646,TRANSFER,10000000.0,C24775045,C494244936,0.2679,0.2664,escalate_to_human,allow,allow,allow,1
647,CASH_OUT,1517771.48,C375476201,C1907987459,0.7962,0.1673,hold,hold,allow,hold,1
648,CASH_OUT,1086227.44,C1878954477,C1745741148,0.5588,0.2147,hold,hold,allow,hold,1
648,CASH_OUT,1005346.72,C845487324,C1150675695,0.5839,0.2165,hold,hold,allow,hold,1
649,CASH_OUT,134153.36,C426665534,C299674210,0.1731,0.0909,hold,allow,allow,allow,0
649,CASH_OUT,250865.27,C1216260038,C784153261,0.486,0.0983,hold,allow,allow,allow,0
650,CASH_OUT,1264551.38,C1956698065,C1464410535,0.9393,0.214,escalate_to_human,escalate_to_human,escalate_to_human,escalate_to_human,1
651,CASH_OUT,9996886.64,C887830623,C1319987164,0.9549,0.2668,escalate_to_human,escalate_to_human,escalate_to_human,escalate_to_human,1
651,CASH_OUT,2935952.76,C1884318665,C687662145,0.9999,0.2252,escalate_to_human,escalate_to_human,escalate_to_human,escalate_to_human,1
652,CASH_OUT,762782.66,C1357888616,C1949432790,0.7235,0.1754,hold,hold,allow,hold,1
652,CASH_OUT,2054631.55,C1916867562,C499193602,0.9998,0.2059,escalate_to_human,escalate_to_human,escalate_to_human,escalate_to_human,1
652,TRANSFER,762782.66,C1580037772,C1784796594,0.4679,0.1075,hold,allow,allow,allow,1
653,CASH_OUT,940957.88,C655091661,C1527942932,0.9444,0.1744,escalate_to_human,escalate_to_human,escalate_to_human,escalate_to_human,1
654,TRANSFER,1290224.84,C296753895,C254269192,0.9076,0.1357,escalate_to_human,escalate_to_human,escalate_to_human,escalate_to_human,1
655,TRANSFER,253648.68,C1000036340,C1958275811,0.3923,0.0753,hold,allow,allow,allow,1
656,TRANSFER,129268.77,C1858125138,C206101556,0.5763,0.0845,hold,hold,allow,hold,0
656,CASH_OUT,137595.89,C471217652,C1133405082,0.3172,-0.0216,hold,allow,allow,allow,0
656,TRANSFER,375913.75,C122535043,C1313200747,0.2675,0.071,hold,allow,allow,allow,0
656,TRANSFER,90119.43,C1957206801,C1124650024,0.1287,0.0898,hold,allow,allow,allow,0
656,CASH_OUT,401333.66,C953142192,C775139503,0.1141,0.0163,hold,allow,allow,allow,0
656,TRANSFER,383929.15,C767974017,C1740537874,0.3266,0.0707,hold,allow,allow,allow,0
656,CASH_OUT,135452.99,C886242211,C933375377,0.3122,-0.024,hold,allow,allow,allow,0
656,TRANSFER,17084.22,C1576478673,C609810372,0.5352,0.1549,hold,hold,allow,hold,0
656,TRANSFER,1106295.95,C1855935194,C1475543869,0.1164,0.1068,hold,allow,allow,allow,0
656,CASH_OUT,63266.64,C1460106481,C299236533,0.2281,0.003,hold,allow,allow,allow,0
656,CASH_OUT,25580.69,C544300613,C825938953,0.1128,0.0562,hold,allow,allow,allow,0
656,TRANSFER,407991.07,C1716808737,C1288680154,0.1972,0.0731,hold,allow,allow,allow,0
656,TRANSFER,16673.61,C860888887,C1604313078,0.5352,0.1554,hold,hold,allow,hold,0
656,CASH_OUT,25873.24,C1595927431,C1163580885,0.1327,0.0545,hold,allow,allow,allow,0
656,CASH_OUT,249476.64,C1368475244,C1601171848,0.104,-0.0222,hold,allow,allow,allow,0
656,TRANSFER,2957675.54,C1517305057,C489712935,0.4697,0.1999,escalate_to_human,allow,allow,allow,0
656,TRANSFER,362589.36,C429039773,C2119505399,0.1041,0.0694,hold,allow,allow,allow,0
656,CASH_OUT,637278.87,C2142707407,C394871520,0.4549,0.127,hold,allow,allow,allow,0
656,CASH_OUT,174647.52,C735898710,C816664609,0.1982,-0.023,hold,allow,allow,allow,0
656,TRANSFER,153240.42,C1265430230,C980427417,0.4572,0.0775,hold,allow,allow,allow,0
656,TRANSFER,5349.74,C70903191,C1341550882,0.6848,0.1799,hold,hold,allow,hold,1
656,TRANSFER,418150.59,C1034126394,C7896595,0.1041,0.0727,hold,allow,allow,allow,0
656,TRANSFER,2014319.18,C1381579021,C1533010787,0.1416,0.1614,hold,allow,allow,allow,0
656,CASH_OUT,9468064.05,C1372628002,C1058427074,0.9669,0.2465,escalate_to_human,escalate_to_human,escalate_to_human,escalate_to_human,1
656,CASH_OUT,174909.43,C733052395,C1467681911,0.1832,-0.0228,hold,allow,allow,allow,0
656,CASH_OUT,569.63,C1972014146,C1716395518,0.4015,0.1662,hold,allow,allow,allow,0
656,CASH_OUT,174449.33,C741144471,C810236810,0.2032,-0.023,hold,allow,allow,allow,0
659,CASH_OUT,1467987.57,C1217465014,C1474379579,0.7669,0.1403,hold,hold,allow,hold,1
659,TRANSFER,8645852.36,C637580837,C526291816,0.1784,0.2486,escalate_to_human,allow,allow,allow,0
659,TRANSFER,5541962.45,C318448206,C1813044862,0.1736,0.2121,escalate_to_human,allow,allow,allow,0
659,TRANSFER,8587335.23,C1251912016,C222671270,0.1388,0.2486,escalate_to_human,allow,allow,allow,0
659,TRANSFER,1826837.93,C1548126843,C448123685,0.1538,0.1101,hold,allow,allow,allow,0
661,TRANSFER,345161.7,C1721114319,C1084766156,0.1735,-0.0104,hold,allow,allow,allow,0
661,TRANSFER,98649.71,C1969415917,C775530779,0.3467,0.0217,hold,allow,allow,allow,0
661,TRANSFER,5730960.51,C1923706036,C1150822427,0.3776,0.2133,escalate_to_human,allow,allow,allow,0
661,TRANSFER,45674.83,C1259640910,C25509158,0.1538,0.0682,hold,allow,allow,allow,0
661,CASH_OUT,2140888.35,C1698317518,C1796866708,0.9892,0.1456,escalate_to_human,escalate_to_human,escalate_to_human,escalate_to_human,1
661,TRANSFER,63940.83,C1102716848,C1535322941,0.1585,0.0436,hold,allow,allow,allow,0
661,CASH_OUT,6695070.79,C1967421709,C1677888085,0.995,0.2091,escalate_to_human,escalate_to_human,escalate_to_human,escalate_to_human,1
661,CASH_OUT,266743.69,C680304417,C1665304227,0.1737,-0.0933,hold,allow,allow,allow,0
667,CASH_OUT,506562.3,C1113339692,C659106576,0.1536,0.0208,hold,allow,allow,allow,0
668,TRANSFER,7539165.76,C64015154,C1744865437,0.1932,0.2255,escalate_to_human,allow,allow,allow,1
669,TRANSFER,1416449.19,C1678538394,C1394744956,0.2876,0.1141,hold,allow,allow,allow,0
670,CASH_OUT,443664.22,C585982658,C1844530556,0.2281,0.0566,hold,allow,allow,allow,0
670,TRANSFER,234789.63,C1820934695,C1406038217,0.1585,0.0719,hold,allow,allow,allow,0
670,CASH_OUT,1938347.14,C106058139,C1218665261,0.9342,0.1673,escalate_to_human,escalate_to_human,escalate_to_human,escalate_to_human,1
670,CASH_OUT,38128.9,C1390095901,C1723466645,0.218,0.0325,hold,allow,allow,allow,0
670,TRANSFER,5822073.12,C31989530,C42985690,0.1539,0.238,escalate_to_human,allow,allow,allow,0
670,CASH_OUT,38161.62,C1680884959,C1060407864,0.218,0.0325,hold,allow,allow,allow,0
670,CASH_OUT,10000000.0,C1795726585,C912767355,0.9827,0.2366,escalate_to_human,escalate_to_human,escalate_to_human,escalate_to_human,1
671,CASH_OUT,10000000.0,C546529,C1056895901,0.9826,0.2475,escalate_to_human,escalate_to_human,escalate_to_human,escalate_to_human,1
673,TRANSFER,674185.48,C202609267,C644655635,0.4313,0.1446,hold,allow,allow,allow,0
673,CASH_OUT,9529.8,C1090248186,C262006814,0.1535,0.1651,hold,allow,allow,allow,0
673,CASH_OUT,897875.35,C1479974036,C1078117334,0.8879,0.2126,hold,hold,allow,hold,1
673,CASH_OUT,151302.9,C276434845,C200684192,0.1037,0.0922,hold,allow,allow,allow,0
673,TRANSFER,268947.7,C1690504714,C1177078006,0.1588,0.1482,hold,allow,allow,allow,0
673,TRANSFER,601086.76,C1905297082,C81814576,0.5755,0.1431,hold,hold,allow,hold,0
674,TRANSFER,64083.54,C1212154134,C426812212,0.3325,0.1604,hold,allow,allow,allow,1
674,TRANSFER,932922.6,C612277580,C1507701948,0.797,0.1589,hold,hold,allow,hold,1
674,CASH_OUT,932922.6,C1600632872,C229575855,0.9393,0.2072,escalate_to_human,escalate_to_human,escalate_to_human,escalate_to_human,1
674,CASH_OUT,3288377.47,C1509113687,C579531437,0.9899,0.2388,escalate_to_human,escalate_to_human,escalate_to_human,escalate_to_human,1
674,CASH_OUT,306505.03,C1205102139,C125162058,0.1487,0.0804,hold,allow,allow,allow,1
675,TRANSFER,2772043.9,C48717380,C230089691,0.6628,0.2193,escalate_to_human,escalate_to_human,allow,escalate_to_human,1
675,TRANSFER,402337.04,C1058999940,C1354289642,0.2238,0.12,hold,allow,allow,allow,0
675,CASH_OUT,2772043.9,C1162550194,C27397338,0.9948,0.2252,escalate_to_human,escalate_to_human,escalate_to_human,escalate_to_human,1
675,CASH_OUT,43440.97,C761772957,C2009987911,0.3466,0.0798,hold,allow,allow,allow,1
675,CASH_OUT,45311.53,C7022770,C1840071683,0.3416,0.0793,hold,allow,allow,allow,0
675,TRANSFER,950766.15,C1599964062,C1375613207,0.7822,0.1399,hold,hold,allow,hold,1
675,TRANSFER,10000000.0,C1291955358,C285979005,0.8634,0.2896,escalate_to_human,escalate_to_human,allow,escalate_to_human,1
678,TRANSFER,749316.7,C965198261,C636887341,0.4272,0.0868,hold,allow,allow,allow,1
679,TRANSFER,350095.73,C554898484,C1879344125,0.5366,0.0737,hold,hold,allow,hold,0
679,CASH_OUT,91700.07,C1592363127,C1131220228,0.4749,-0.0031,hold,allow,allow,allow,0
679,TRANSFER,1477282.94,C1937039294,C1520081951,0.6509,0.1423,hold,hold,allow,hold,0
679,CASH_OUT,198383.8,C799430524,C1073905576,0.1483,-0.0097,hold,allow,allow,allow,1
680,TRANSFER,28399.72,C916162513,C1708739,0.5507,0.143,hold,hold,allow,hold,1
681,TRANSFER,371509.92,C307697737,C2018751567,0.3175,0.0572,hold,allow,allow,allow,0
681,TRANSFER,3190437.53,C785466415,C2052959056,0.2521,0.2052,escalate_to_human,allow,allow,allow,0
681,TRANSFER,41373.78,C215901357,C321278124,0.1539,0.11,hold,allow,allow,allow,0
681,TRANSFER,374774.16,C1897603688,C408413300,0.1585,0.0584,hold,allow,allow,allow,0
681,CASH_OUT,90738.48,C917933022,C1002165384,0.1389,-0.0418,hold,allow,allow,allow,0
681,CASH_OUT,361916.83,C334377609,C2067051782,0.2034,-0.0154,hold,allow,allow,allow,0
681,TRANSFER,322.57,C476860887,C1625988105,0.4513,0.1859,hold,allow,allow,allow,0
681,CASH_OUT,509509.02,C1519380687,C11165173,0.1683,0.05,hold,allow,allow,allow,0
681,CASH_OUT,30847.51,C1887792349,C1217161622,0.2282,0.0133,hold,allow,allow,allow,0
681,TRANSFER,3058691.84,C994844687,C1066866257,0.1726,0.1947,escalate_to_human,allow,allow,allow,0
681,TRANSFER,1154019.07,C927522574,C1168414125,0.4537,0.1008,hold,allow,allow,allow,0
681,TRANSFER,5878693.02,C525942019,C879983640,0.1483,0.24,escalate_to_human,allow,allow,allow,0
683,TRANSFER,351151.16,C1222344308,C2066491608,0.1042,0.0021,hold,allow,allow,allow,0
683,CASH_OUT,594535.06,C1300738031,C1747239046,0.5503,0.0637,hold,hold,allow,hold,0
683,TRANSFER,5653928.35,C1036613601,C1388945976,0.1289,0.2136,escalate_to_human,allow,allow,allow,0
683,CASH_OUT,454318.7,C1119807999,C723813024,0.1338,-0.0176,hold,allow,allow,allow,0
684,TRANSFER,5465623.94,C1035537677,C1723206561,0.4518,0.2125,escalate_to_human,allow,allow,allow,0
684,TRANSFER,10000000.0,C1540625100,C1609670189,0.7347,0.2566,escalate_to_human,escalate_to_human,allow,escalate_to_human,0
684,TRANSFER,9173555.28,C756097515,C395954730,0.3806,0.2532,escalate_to_human,allow,allow,allow,0
684,TRANSFER,997964.96,C1189724524,C1160146350,0.2578,0.0412,hold,allow,allow,allow,0
684,TRANSFER,9398572.51,C1850935981,C743456013,0.3909,0.2532,escalate_to_human,allow,allow,allow,0
684,TRANSFER,99942.73,C1607258725,C1006280699,0.1634,0.0258,hold,allow,allow,allow,0
684,TRANSFER,5617952.64,C778477407,C487095271,0.3724,0.2144,escalate_to_human,allow,allow,allow,0
684,TRANSFER,6218949.4,C1094197947,C1851654159,0.2329,0.2149,escalate_to_human,allow,allow,allow,0
684,TRANSFER,459.38,C295421144,C2125715094,0.2184,0.1595,hold,allow,allow,allow,1
684,TRANSFER,12356.26,C143686500,C1258115500,0.2278,0.1169,hold,allow,allow,allow,0
684,TRANSFER,2719814.8,C18749531,C2128189727,0.416,0.1611,escalate_to_human,allow,allow,allow,0
684,TRANSFER,8860561.44,C18129828,C1542343598,0.3459,0.2496,escalate_to_human,allow,allow,allow,0
684,TRANSFER,7083560.28,C1313927937,C366912834,0.1435,0.2311,escalate_to_human,allow,allow,allow,0
684,TRANSFER,10000000.0,C1448243430,C493569448,0.7347,0.2566,escalate_to_human,escalate_to_human,allow,escalate_to_human,0
684,TRANSFER,4126119.93,C625476444,C188307334,0.119,0.1938,escalate_to_human,allow,allow,allow,0
684,TRANSFER,114818.93,C791551232,C636878126,0.1042,0.0201,hold,allow,allow,allow,0
684,TRANSFER,5775183.61,C268254508,C1369639405,0.3724,0.2149,escalate_to_human,allow,allow,allow,0
684,CASH_OUT,120385.91,C853429471,C804678239,0.1836,-0.095,hold,allow,allow,allow,0
686,TRANSFER,93757.21,C780347604,C1267173200,0.451,0.0199,hold,allow,allow,allow,0
686,CASH_OUT,12291.13,C1594001906,C1535010023,0.1436,0.0005,hold,allow,allow,allow,0
686,TRANSFER,628031.14,C468175793,C334454700,0.3521,-0.0008,hold,allow,allow,allow,0
686,TRANSFER,1805418.58,C1358968278,C487654516,0.168,0.0956,hold,allow,allow,allow,0
686,CASH_OUT,1411271.23,C326865678,C445084724,0.7515,0.1278,hold,hold,allow,hold,1
687,CASH_OUT,371639.25,C1046294477,C1121929205,0.2331,-0.058,hold,allow,allow,allow,0
687,TRANSFER,70389.15,C153479404,C2082350870,0.1091,0.0372,hold,allow,allow,allow,0
687,TRANSFER,98177.59,C1917799080,C353314574,0.1884,0.015,hold,allow,allow,allow,0
687,TRANSFER,331580.26,C1990237538,C600142142,0.1587,-0.0189,hold,allow,allow,allow,0
688,CASH_OUT,104937.18,C431279636,C230952500,0.1882,-0.0983,hold,allow,allow,allow,0
688,TRANSFER,38546.28,C918695860,C492616398,0.208,0.075,hold,allow,allow,allow,0
688,CASH_OUT,5777.6,C1297094995,C1806055442,0.1633,0.0428,hold,allow,allow,allow,0
688,CASH_OUT,7442005.19,C507311282,C381971403,0.995,0.2164,escalate_to_human,escalate_to_human,escalate_to_human,escalate_to_human,1
689,CASH_OUT,953615.38,C1034067842,C64488744,0.4168,0.1138,hold,allow,allow,allow,1
690,TRANSFER,3574316.05,C1370421735,C1314506376,0.1041,0.175,escalate_to_human,allow,allow,allow,1
690,TRANSFER,140242.48,C809187685,C1990169122,0.2726,0.0069,hold,allow,allow,allow,0
690,TRANSFER,2141202.51,C185432030,C1007313041,0.2281,0.1296,hold,allow,allow,allow,0
690,TRANSFER,106258.76,C1070743056,C573275881,0.1139,0.013,hold,allow,allow,allow,0
691,CASH_OUT,248129.12,C837541063,C55036221,0.1684,-0.0842,hold,allow,allow,allow,0
691,TRANSFER,106674.39,C191029499,C595137703,0.1485,0.0103,hold,allow,allow,allow,0
692,CASH_OUT,21466.51,C66580827,C370494848,0.1635,-0.017,hold,allow,allow,allow,0
692,TRANSFER,35947.31,C1193357540,C548976984,0.332,0.0809,hold,allow,allow,allow,0
692,CASH_OUT,301588.82,C393304440,C1488327628,0.3521,-0.0559,hold,allow,allow,allow,0
692,CASH_OUT,19714.74,C266040735,C648838295,0.317,-0.0069,hold,allow,allow,allow,0
694,CASH_OUT,10000000.0,C611266537,C305170140,0.9827,0.2366,escalate_to_human,escalate_to_human,escalate_to_human,escalate_to_human,1
694,TRANSFER,10000000.0,C1186192171,C2136471075,0.2679,0.2664,escalate_to_human,allow,allow,allow,1
694,CASH_OUT,68366.61,C94224062,C1998034134,0.2677,0.0005,hold,allow,allow,allow,0
694,TRANSFER,242122.94,C1427396217,C595994985,0.1089,0.0722,hold,allow,allow,allow,0
695,TRANSFER,134647.73,C511626972,C47334062,0.3423,0.102,hold,allow,allow,allow,0
695,TRANSFER,134160.79,C1209346275,C1704854277,0.3077,0.102,hold,allow,allow,allow,0
695,TRANSFER,116450.46,C476269042,C751887847,0.3768,0.1011,hold,allow,allow,allow,0
695,TRANSFER,165631.72,C1538331971,C1716837026,0.1685,0.0955,hold,allow,allow,allow,0
695,TRANSFER,72743.68,C1939582664,C17518187,0.1832,0.1189,hold,allow,allow,allow,0
695,CASH_OUT,353316.56,C357161643,C1350667222,0.2431,0.0281,hold,allow,allow,allow,0
695,TRANSFER,135245.97,C449922834,C119458778,0.5605,0.102,hold,hold,allow,hold,0
696,TRANSFER,343972.5,C265189494,C902415658,0.5947,0.1504,hold,hold,allow,hold,1
698,TRANSFER,1082562.4,C689717539,C658332814,0.6223,0.1641,hold,hold,allow,hold,0
698,TRANSFER,691192.78,C231389187,C1611191351,0.4274,0.1386,hold,allow,allow,allow,0
698,CASH_OUT,20412.55,C466982383,C1458420782,0.2923,0.1273,hold,allow,allow,allow,0
698,CASH_OUT,9097679.75,C622303175,C1544056522,0.9849,0.2727,escalate_to_human,escalate_to_human,escalate_to_human,escalate_to_human,1
698,CASH_OUT,36477.64,C1361891685,C550877518,0.5257,0.11,hold,hold,allow,hold,0
698,TRANSFER,242696.37,C1912224533,C819255829,0.477,0.1418,hold,allow,allow,allow,0
698,TRANSFER,144862.66,C455404934,C1158793154,0.3471,0.1495,hold,allow,allow,allow,0
698,CASH_OUT,2360965.74,C1859539319,C599318565,0.9797,0.2328,escalate_to_human,escalate_to_human,escalate_to_human,escalate_to_human,1
698,TRANSFER,184180.71,C1173801544,C569584264,0.1284,0.1439,hold,allow,allow,allow,0
699,TRANSFER,148714.54,C516969543,C2034859520,0.4772,0.1246,hold,allow,allow,allow,1
699,TRANSFER,37754.83,C2121582092,C173072070,0.6567,0.1644,hold,hold,allow,hold,0
699,CASH_OUT,165316.45,C1012170641,C104789705,0.3265,0.0547,hold,allow,allow,allow,0
700,CASH_OUT,113447.92,C311401803,C1675116144,0.6713,0.041,hold,hold,allow,hold,1
701,TRANSFER,306691.05,C1064966733,C467221336,0.5525,0.0807,hold,hold,allow,hold,1
701,CASH_OUT,91882.6,C1017446599,C1901879882,0.6621,0.0224,hold,hold,allow,hold,1
701,CASH_OUT,496420.67,C1977168836,C1041919109,0.8277,0.0915,hold,hold,allow,hold,1
701,TRANSFER,644314.67,C1396855009,C387448117,0.7575,0.0846,hold,hold,allow,hold,1
701,CASH_OUT,306691.05,C1742581388,C1623138506,0.3981,0.0304,hold,allow,allow,allow,1
701,CASH_OUT,644314.67,C1472339088,C1506042377,0.7523,0.1478,hold,hold,allow,hold,1
702,TRANSFER,10000000.0,C485022724,C1852255407,0.8586,0.2795,escalate_to_human,escalate_to_human,allow,escalate_to_human,1
702,CASH_OUT,573266.42,C1802792293,C203516640,0.7864,0.1151,hold,hold,allow,hold,1
702,CASH_OUT,308778.37,C1694608932,C1283529992,0.2581,0.01,hold,allow,allow,allow,1
702,CASH_OUT,0.0,C1461113533,C1382150537,0.2591,0.187,hold,allow,allow,allow,1
702,TRANSFER,10000000.0,C229313332,C766725973,0.8586,0.2795,escalate_to_human,escalate_to_human,allow,escalate_to_human,1
704,CASH_OUT,1820864.64,C708222638,C106425191,0.8418,0.1779,hold,hold,allow,hold,1
704,TRANSFER,158788.32,C1342183875,C86858954,0.5712,0.0761,hold,hold,allow,hold,1
705,TRANSFER,71647.4,C533338924,C1626266437,0.3031,0.0894,hold,allow,allow,allow,0
705,TRANSFER,36348.84,C1327793205,C1414518038,0.1089,0.115,hold,allow,allow,allow,0
705,TRANSFER,201828.09,C76989589,C215444,0.1091,0.0565,hold,allow,allow,allow,0
710,CASH_OUT,371677.85,C1492190079,C1265208461,0.3175,-0.0613,hold,allow,allow,allow,0
710,CASH_OUT,235849.71,C1714162212,C2058479128,0.233,-0.0965,hold,allow,allow,allow,0
710,CASH_OUT,10000000.0,C415175436,C1774310379,0.9917,0.2187,escalate_to_human,escalate_to_human,escalate_to_human,escalate_to_human,1
711,CASH_OUT,986623.96,C444079490,C2102767053,0.5116,0.1265,hold,hold,allow,hold,1
711,CASH_OUT,2580055.17,C1554550313,C848131266,0.995,0.1552,escalate_to_human,escalate_to_human,escalate_to_human,escalate_to_human,1
714,TRANSFER,704176.59,C1522572002,C1658530480,0.2084,0.0098,hold,allow,allow,allow,0
715,CASH_OUT,224370.4,C788842654,C842573001,0.1835,-0.0847,hold,allow,allow,allow,0
716,CASH_OUT,1897921.7,C400680114,C613935961,0.8938,0.1464,hold,hold,allow,hold,1
718,TRANSFER,70835.09,C54140173,C1070811686,0.1039,0.097,hold,allow,allow,allow,0
718,TRANSFER,10000000.0,C48892155,C281499391,0.2679,0.2664,escalate_to_human,allow,allow,allow,1
719,TRANSFER,119306.06,C1183843461,C1830685403,0.243,0.1015,hold,allow,allow,allow,1
722,TRANSFER,21960.02,C1438426689,C213308373,0.4661,0.1947,hold,allow,allow,allow,1
722,TRANSFER,1158396.74,C2062360147,C1873402307,0.5281,0.1673,hold,hold,allow,hold,1
723,TRANSFER,72955.08,C1722101892,C1880386653,0.3224,0.137,hold,allow,allow,allow,1
723,TRANSFER,1232697.94,C981935704,C786585564,0.5233,0.1652,hold,hold,allow,hold,1
724,TRANSFER,309488.9,C296795076,C658980177,0.4924,0.0969,hold,allow,allow,allow,1
724,CASH_OUT,89845.29,C1281420811,C1827800010,0.6617,0.0411,hold,hold,allow,hold,1
725,TRANSFER,123259.24,C1518086244,C1924072555,0.8276,0.1015,hold,hold,allow,hold,1
725,CASH_OUT,123259.24,C1350230812,C1392776813,0.6613,0.0236,hold,hold,allow,hold,1
726,TRANSFER,185529.91,C1426277806,C753666064,0.3671,0.0809,hold,allow,allow,allow,1
726,CASH_OUT,316882.94,C586226957,C962253473,0.3524,0.0146,hold,allow,allow,allow,1
726,TRANSFER,1539474.57,C1260477552,C1646231147,0.8018,0.1518,hold,hold,allow,hold,1
726,CASH_OUT,765104.94,C1722472158,C2112033670,0.6884,0.1573,hold,hold,allow,hold,1
727,TRANSFER,6377401.2,C1366321878,C1565876576,0.8666,0.2516,escalate_to_human,escalate_to_human,allow,escalate_to_human,1
729,CASH_OUT,1102951.39,C1678410175,C228891434,0.5097,0.1508,hold,hold,allow,hold,1
730,CASH_OUT,10000000.0,C2065498878,C502437065,0.9924,0.2263,escalate_to_human,escalate_to_human,escalate_to_human,escalate_to_human,1
734,CASH_OUT,1810044.85,C491326843,C1833702412,0.9031,0.1368,escalate_to_human,escalate_to_human,escalate_to_human,escalate_to_human,1
736,CASH_OUT,3912252.81,C2015532834,C1094245797,0.9999,0.1673,escalate_to_human,escalate_to_human,escalate_to_human,escalate_to_human,1
740,CASH_OUT,1755647.81,C1724432558,C22170584,0.8882,0.1464,hold,hold,allow,hold,1
