step,type,amount,model_score,is_fraud,flagged_strict,flagged_balanced,flagged_lenient
334,CASH_OUT,165665.43,0.0,0,False,False,False
334,CASH_OUT,56520.48,0.0,0,False,False,False
334,CASH_OUT,181439.66,0.0,0,False,False,False
334,CASH_OUT,153866.06,0.0,0,False,False,False
334,CASH_OUT,190436.35,0.0,0,False,False,False
334,TRANSFER,3091449.0,0.034763145859456474,0,False,False,False
334,TRANSFER,223533.94,0.004976655913755373,0,False,False,False
334,CASH_OUT,124327.06,0.0,0,False,False,False
334,CASH_OUT,279781.51,0.0,0,False,False,False
334,CASH_OUT,2707.21,0.0,0,False,False,False
334,TRANSFER,340689.17,0.0,0,False,False,False
334,CASH_OUT,133831.32,0.0,0,False,False,False
334,CASH_OUT,82527.81,0.0,0,False,False,False
334,TRANSFER,2093416.24,0.16821411062251795,0,True,False,False
334,TRANSFER,343481.14,0.0,0,False,False,False
334,TRANSFER,554501.15,0.0,1,False,False,False
334,TRANSFER,5800925.68,0.15390929887039587,0,True,False,False
334,CASH_OUT,335728.48,0.0,0,False,False,False
335,CASH_OUT,150422.52,0.0,0,False,False,False
335,CASH_OUT,31398.32,0.0,0,False,False,False
335,CASH_OUT,208953.31,0.0,0,False,False,False
335,CASH_OUT,10154.54,0.0,0,False,False,False
335,TRANSFER,5003354.23,0.20325152570339153,0,True,False,False
335,CASH_OUT,156871.61,0.0,0,False,False,False
335,CASH_OUT,157262.14,0.0,0,False,False,False
335,CASH_OUT,249551.08,0.0,0,False,False,False
335,TRANSFER,213056.38,0.0,0,False,False,False
335,CASH_OUT,7511.27,0.0,0,False,False,False
335,CASH_OUT,52868.16,0.0,0,False,False,False
335,CASH_OUT,226798.07,0.13857182473565952,0,True,False,False
335,CASH_OUT,59090.81,0.0,0,False,False,False
335,CASH_OUT,207362.4,0.0,0,False,False,False
335,TRANSFER,1247891.54,0.0,0,False,False,False
335,CASH_OUT,216605.61,0.0,0,False,False,False
336,CASH_OUT,57163.33,0.0,0,False,False,False
336,TRANSFER,5903457.39,0.21225419226947026,1,True,False,False
336,CASH_OUT,237268.88,0.0,0,False,False,False
336,CASH_OUT,964388.1,0.5540273205186179,1,True,True,False
336,TRANSFER,4178909.52,0.12228948607635508,0,True,False,False
336,CASH_OUT,49828.74,0.0,0,False,False,False
336,CASH_OUT,24763.03,0.0,0,False,False,False
336,TRANSFER,964388.1,0.09984236969075169,1,False,False,False
336,CASH_OUT,170038.31,0.0,1,False,False,False
337,CASH_OUT,36795.29,0.12406774135903137,0,True,False,False
337,CASH_OUT,12508.43,0.37649840569482135,0,True,False,False
339,CASH_OUT,1532281.61,0.9436909934961142,1,True,True,True
340,TRANSFER,596127.11,0.8129508923687405,1,True,True,False
340,CASH_OUT,4896179.38,0.9999532488944596,1,True,True,True
341,TRANSFER,127528.92,0.9383451245509246,1,True,True,True
341,CASH_OUT,929787.24,0.9494874292039133,1,True,True,True
342,CASH_OUT,114308.2,0.6862841894302741,1,True,True,False
342,TRANSFER,22402.21,0.6173850189054981,1,True,True,False
343,TRANSFER,101013.32,0.34216378652788704,1,True,False,False
343,CASH_OUT,101013.32,0.3759313993733446,1,True,False,False
345,CASH_OUT,446718.17,0.0,0,False,False,False
345,CASH_OUT,252004.26,0.0,0,False,False,False
345,CASH_OUT,36384.15,0.0,0,False,False,False
345,CASH_OUT,547944.04,0.009902268478510895,0,False,False,False
345,CASH_OUT,447313.51,0.0,0,False,False,False
345,TRANSFER,284088.24,0.0,0,False,False,False
345,CASH_OUT,154661.89,0.0,0,False,False,False
345,CASH_OUT,264806.32,0.0,0,False,False,False
345,CASH_OUT,554268.88,0.0,0,False,False,False
345,TRANSFER,927729.13,0.05459276892082888,1,False,False,False
345,CASH_OUT,418531.91,0.0,0,False,False,False
345,CASH_OUT,165678.81,0.0,0,False,False,False
345,CASH_OUT,259428.24,0.0,0,False,False,False
345,TRANSFER,226130.45,0.0,0,False,False,False
345,CASH_OUT,313217.15,0.0,0,False,False,False
345,TRANSFER,247511.69,0.01483843921629584,0,False,False,False
345,CASH_OUT,167051.06,0.0,0,False,False,False
345,TRANSFER,3061348.48,0.1726378802394862,0,True,False,False
345,CASH_OUT,179867.29,0.0,0,False,False,False
345,TRANSFER,132973.41,0.0,1,False,False,False
345,CASH_OUT,2654.83,0.018943630357485225,0,False,False,False
345,CASH_OUT,222390.65,0.0,0,False,False,False
345,CASH_OUT,133849.06,0.0,0,False,False,False
345,CASH_OUT,58052.93,0.0,0,False,False,False
345,CASH_OUT,430187.63,0.0,0,False,False,False
345,CASH_OUT,102772.6,0.0,0,False,False,False
345,TRANSFER,531805.35,0.004945563729455543,0,False,False,False
345,CASH_OUT,293707.23,0.0,0,False,False,False
345,TRANSFER,3471904.19,0.028969936867246505,0,False,False,False
345,CASH_OUT,116940.32,0.0,1,False,False,False
345,CASH_OUT,158597.22,0.0,0,False,False,False
345,TRANSFER,1804673.39,0.0,0,False,False,False
345,CASH_OUT,378060.8,0.009930638744877335,0,False,False,False
345,TRANSFER,18837.02,0.04960067131278603,0,False,False,False
345,CASH_OUT,68253.7,0.0,0,False,False,False
346,CASH_OUT,271930.42,0.0,0,False,False,False
346,TRANSFER,516355.22,0.0,1,False,False,False
346,CASH_OUT,178078.54,0.0,0,False,False,False
346,CASH_OUT,133687.11,0.0,0,False,False,False
346,CASH_OUT,54175.83,0.0,0,False,False,False
346,CASH_OUT,14969.5,0.0,0,False,False,False
346,CASH_OUT,399772.78,0.0,0,False,False,False
346,CASH_OUT,81721.72,0.0,0,False,False,False
346,CASH_OUT,219597.88,0.08429421950320401,0,False,False,False
346,TRANSFER,1100810.03,0.0,0,False,False,False
346,TRANSFER,776642.18,0.0,0,False,False,False
346,TRANSFER,206543.8,0.0,0,False,False,False
346,TRANSFER,2211035.5,0.004982487480785762,0,False,False,False
346,CASH_OUT,11544.49,0.0,0,False,False,False
346,CASH_OUT,110768.89,0.0,0,False,False,False
346,CASH_OUT,144802.48,0.0,0,False,False,False
346,CASH_OUT,521178.8,0.0,0,False,False,False
346,CASH_OUT,341329.45,0.0,0,False,False,False
346,CASH_OUT,219077.08,0.0,0,False,False,False
346,CASH_OUT,54707.98,0.0,0,False,False,False
346,TRANSFER,877625.94,0.0,0,False,False,False
346,CASH_OUT,57442.31,0.0,0,False,False,False
346,CASH_OUT,328063.99,0.0,0,False,False,False
346,TRANSFER,124116.68,0.0,0,False,False,False
346,CASH_OUT,119832.5,0.0,0,False,False,False
346,TRANSFER,1374592.04,0.0,0,False,False,False
346,CASH_OUT,45614.32,0.0,0,False,False,False
346,CASH_OUT,313245.67,0.0,0,False,False,False
346,TRANSFER,834619.19,0.0,0,False,False,False
346,CASH_OUT,372764.27,0.0,0,False,False,False
346,CASH_OUT,317342.54,0.0,0,False,False,False
346,CASH_OUT,92830.4,0.0,0,False,False,False
346,CASH_OUT,106875.67,0.0,0,False,False,False
346,CASH_OUT,41799.11,0.0,0,False,False,False
346,CASH_OUT,12067.93,0.0,0,False,False,False
346,CASH_OUT,137181.99,0.0,0,False,False,False
346,CASH_OUT,312509.83,0.0,0,False,False,False
346,CASH_OUT,404950.09,0.0,0,False,False,False
346,CASH_OUT,131813.82,0.0,0,False,False,False
346,CASH_OUT,3300.74,0.0,0,False,False,False
346,CASH_OUT,439236.02,0.0,0,False,False,False
346,TRANSFER,1061671.37,0.0,0,False,False,False
346,CASH_OUT,161809.77,0.0,0,False,False,False
346,CASH_OUT,390346.29,0.0,0,False,False,False
346,TRANSFER,688069.24,0.0,0,False,False,False
346,CASH_OUT,89086.99,0.0,0,False,False,False
346,CASH_OUT,592942.52,0.0,0,False,False,False
346,CASH_OUT,136510.84,0.0,0,False,False,False
346,CASH_OUT,74717.85,0.0,0,False,False,False
346,CASH_OUT,29266.01,0.0,0,False,False,False
347,CASH_OUT,143154.11,0.0,0,False,False,False
347,CASH_OUT,178918.36,0.0,0,False,False,False
347,CASH_OUT,212710.91,0.0,0,False,False,False
347,CASH_OUT,299842.19,0.0,0,False,False,False
347,CASH_OUT,131847.58,0.0,0,False,False,False
347,CASH_OUT,529776.95,0.0,0,False,False,False
347,CASH_OUT,95109.25,0.0,0,False,False,False
347,CASH_OUT,11149.99,0.0,0,False,False,False
347,CASH_OUT,209092.28,0.0,0,False,False,False
347,CASH_OUT,149062.74,0.0,0,False,False,False
347,CASH_OUT,285232.88,0.0,0,False,False,False
347,CASH_OUT,3626.41,0.0,0,False,False,False
347,TRANSFER,193423.91,0.0,0,False,False,False
347,CASH_OUT,45773.71,0.0,0,False,False,False
347,CASH_OUT,147061.82,0.0,0,False,False,False
347,CASH_OUT,144182.52,0.0,0,False,False,False
347,CASH_OUT,52699.41,0.0,0,False,False,False
347,CASH_OUT,208595.18,0.0,0,False,False,False
347,CASH_OUT,179345.22,0.0,0,False,False,False
347,CASH_OUT,97165.14,0.0,0,False,False,False
347,CASH_OUT,30526.26,0.0,0,False,False,False
347,CASH_OUT,75966.15,0.0,0,False,False,False
347,TRANSFER,140707.7,0.09933924996455845,0,False,False,False
347,CASH_OUT,7439.57,0.0,0,False,False,False
347,CASH_OUT,239933.3,0.0,0,False,False,False
347,CASH_OUT,238078.9,0.0,0,False,False,False
347,CASH_OUT,98455.12,0.0,0,False,False,False
347,CASH_OUT,190718.45,0.0,0,False,False,False
347,TRANSFER,1165914.29,0.0,0,False,False,False
347,CASH_OUT,179974.87,0.0,0,False,False,False
347,TRANSFER,234080.11,0.0,0,False,False,False
347,CASH_OUT,354452.24,0.0,0,False,False,False
347,CASH_OUT,119842.14,0.0,0,False,False,False
347,CASH_OUT,180713.86,0.0,0,False,False,False
347,CASH_OUT,91687.21,0.0,0,False,False,False
347,CASH_OUT,271327.34,0.0,0,False,False,False
347,CASH_OUT,360434.87,0.0,0,False,False,False
347,CASH_OUT,189645.87,0.0,0,False,False,False
347,CASH_OUT,197516.75,0.0,0,False,False,False
347,CASH_OUT,39193.11,0.0,0,False,False,False
347,CASH_OUT,136055.6,0.0,0,False,False,False
347,CASH_OUT,67291.64,0.0,0,False,False,False
347,CASH_OUT,161632.76,0.0,0,False,False,False
347,CASH_OUT,116881.23,0.0,0,False,False,False
347,CASH_OUT,51409.44,0.0,0,False,False,False
347,CASH_OUT,461842.74,0.0,0,False,False,False
347,CASH_OUT,142414.02,0.0,0,False,False,False
347,TRANSFER,1486051.96,0.0,0,False,False,False
347,CASH_OUT,210885.18,0.0,0,False,False,False
347,CASH_OUT,152488.71,0.0,0,False,False,False
347,CASH_OUT,182164.49,0.0,0,False,False,False
347,CASH_OUT,174226.46,0.0,0,False,False,False
347,CASH_OUT,6950.42,0.0,0,False,False,False
347,CASH_OUT,201646.85,0.0,0,False,False,False
347,CASH_OUT,371379.96,0.0,0,False,False,False
347,TRANSFER,998962.81,0.03472523442540955,0,False,False,False
348,CASH_OUT,229607.93,0.0,0,False,False,False
348,TRANSFER,1407971.62,0.0,0,False,False,False
348,TRANSFER,2747592.4,0.00989935390517134,0,False,False,False
348,CASH_OUT,82113.02,0.0,0,False,False,False
348,CASH_OUT,68620.18,0.0,0,False,False,False
348,CASH_OUT,128433.96,0.0,0,False,False,False
348,CASH_OUT,146039.76,0.0,0,False,False,False
348,CASH_OUT,291264.2,0.0,1,False,False,False
348,CASH_OUT,213665.89,0.0,0,False,False,False
348,CASH_OUT,194982.69,0.0,0,False,False,False
348,CASH_OUT,73820.3,0.0,0,False,False,False
348,CASH_OUT,147524.01,0.0,0,False,False,False
348,CASH_OUT,21264.24,0.0,0,False,False,False
348,TRANSFER,224894.62,0.014865882567523832,0,False,False,False
348,TRANSFER,302457.33,0.0,0,False,False,False
348,TRANSFER,1427750.67,0.0,0,False,False,False
348,CASH_OUT,234096.08,0.0,0,False,False,False
348,CASH_OUT,309181.31,0.0,0,False,False,False
348,TRANSFER,5012547.37,0.054580454030968194,0,False,False,False
348,CASH_OUT,233049.11,0.0,0,False,False,False
348,CASH_OUT,374719.52,0.0,0,False,False,False
348,CASH_OUT,579575.34,0.0,0,False,False,False
348,CASH_OUT,42665.0,0.0,0,False,False,False
348,CASH_OUT,72524.98,0.03959361927651339,0,False,False,False
348,CASH_OUT,50448.25,0.0,0,False,False,False
348,CASH_OUT,158838.33,0.0,0,False,False,False
348,CASH_OUT,258611.22,0.0,0,False,False,False
348,CASH_OUT,61184.2,0.0,0,False,False,False
348,TRANSFER,974458.13,0.0,0,False,False,False
348,CASH_OUT,32502.94,0.0,0,False,False,False
348,CASH_OUT,263717.22,0.0,0,False,False,False
348,CASH_OUT,91929.22,0.0,0,False,False,False
348,CASH_OUT,326117.84,0.0,0,False,False,False
348,CASH_OUT,312930.56,0.0,0,False,False,False
348,TRANSFER,82219.05,0.0,0,False,False,False
348,CASH_OUT,23308.41,0.0,0,False,False,False
348,CASH_OUT,72960.08,0.0,0,False,False,False
348,CASH_OUT,592625.79,0.1041012176118566,0,True,False,False
348,TRANSFER,400014.36,0.0,0,False,False,False
348,CASH_OUT,308696.95,0.0,0,False,False,False
348,CASH_OUT,109720.2,0.0,0,False,False,False
348,CASH_OUT,195044.75,0.0,0,False,False,False
348,CASH_OUT,110473.24,0.12392395906574517,0,True,False,False
348,CASH_OUT,196803.12,0.0,0,False,False,False
348,TRANSFER,3744596.15,0.0,0,False,False,False
348,CASH_OUT,81292.64,0.0,0,False,False,False
348,CASH_OUT,315414.33,0.0,0,False,False,False
348,CASH_OUT,139377.52,0.0,0,False,False,False
348,TRANSFER,199472.55,0.0,0,False,False,False
348,CASH_OUT,233828.59,0.0,0,False,False,False
348,CASH_OUT,172580.68,0.0,0,False,False,False
348,CASH_OUT,36853.45,0.0,0,False,False,False
348,CASH_OUT,94298.84,0.0,0,False,False,False
348,CASH_OUT,450066.72,0.08920661017369402,0,False,False,False
348,CASH_OUT,222880.56,0.0,0,False,False,False
348,TRANSFER,985154.45,0.0,0,False,False,False
348,CASH_OUT,277313.63,0.0,0,False,False,False
348,CASH_OUT,77465.11,0.0,0,False,False,False
349,TRANSFER,3651167.17,0.0,0,False,False,False
349,CASH_OUT,152118.36,0.0,0,False,False,False
349,CASH_OUT,136189.51,0.0,0,False,False,False
349,CASH_OUT,314209.23,0.0,0,False,False,False
349,CASH_OUT,376015.22,0.0,0,False,False,False
349,CASH_OUT,264859.82,0.0,0,False,False,False
349,TRANSFER,1058321.2,0.0,0,False,False,False
349,CASH_OUT,22181.78,0.0,0,False,False,False
349,CASH_OUT,57708.37,0.0,0,False,False,False
349,CASH_OUT,34010.72,0.0,0,False,False,False
349,TRANSFER,165310.54,0.0,0,False,False,False
349,CASH_OUT,18384.52,0.0,0,False,False,False
349,CASH_OUT,263951.1,0.0,0,False,False,False
349,TRANSFER,1564502.03,0.019860094369832163,0,False,False,False
349,CASH_OUT,109303.63,0.0,0,False,False,False
349,CASH_OUT,6258.14,0.0,0,False,False,False
349,CASH_OUT,186495.52,0.0,0,False,False,False
349,CASH_OUT,168555.88,0.0,0,False,False,False
349,CASH_OUT,280595.74,0.0,0,False,False,False
349,CASH_OUT,372822.15,0.0,0,False,False,False
349,CASH_OUT,383286.17,0.0,0,False,False,False
349,CASH_OUT,29142.76,0.0,0,False,False,False
349,TRANSFER,875852.5,0.0,0,False,False,False
349,CASH_OUT,295651.4,0.0,0,False,False,False
349,CASH_OUT,43287.26,0.0,0,False,False,False
349,TRANSFER,2791775.85,0.0,0,False,False,False
349,CASH_OUT,77329.21,0.0,0,False,False,False
349,TRANSFER,172024.2,0.0,0,False,False,False
349,CASH_OUT,44575.61,0.0,0,False,False,False
349,CASH_OUT,78117.76,0.0,0,False,False,False
349,CASH_OUT,55506.8,0.0,0,False,False,False
349,CASH_OUT,39408.77,0.0,0,False,False,False
349,CASH_OUT,435900.84,0.0,0,False,False,False
349,CASH_OUT,423221.65,0.0,0,False,False,False
349,TRANSFER,609004.7,0.0,0,False,False,False
349,CASH_OUT,227465.01,0.0,0,False,False,False
349,CASH_OUT,69904.07,0.0,0,False,False,False
349,CASH_OUT,206883.06,0.0,0,False,False,False
349,TRANSFER,333537.55,0.009882225974561485,0,False,False,False
349,CASH_OUT,3309631.1,1.0,1,True,True,True
349,CASH_OUT,14279.89,0.0,1,False,False,False
349,TRANSFER,14279.89,0.0,1,False,False,False
349,CASH_OUT,219646.43,0.0,0,False,False,False
349,CASH_OUT,524277.02,0.0,0,False,False,False
349,TRANSFER,1775684.39,0.004959842998050199,0,False,False,False
349,CASH_OUT,209708.5,0.0,0,False,False,False
349,CASH_OUT,129650.61,0.0,0,False,False,False
349,CASH_OUT,210102.39,0.0,0,False,False,False
349,CASH_OUT,318690.16,0.0,0,False,False,False
349,CASH_OUT,376096.68,0.0,0,False,False,False
349,CASH_OUT,382596.86,0.0,0,False,False,False
349,CASH_OUT,122605.4,0.0,0,False,False,False
349,CASH_OUT,25037.96,0.0,0,False,False,False
349,CASH_OUT,66130.56,0.0,0,False,False,False
349,CASH_OUT,95756.09,0.0,0,False,False,False
349,CASH_OUT,177423.4,0.0,0,False,False,False
349,CASH_OUT,308066.77,0.0,0,False,False,False
349,CASH_OUT,392775.53,0.0,0,False,False,False
349,CASH_OUT,284736.05,0.0,0,False,False,False
350,CASH_OUT,24705.82,0.0,0,False,False,False
350,CASH_OUT,312707.47,0.0,0,False,False,False
350,CASH_OUT,6060.68,0.0,0,False,False,False
350,CASH_OUT,285410.57,0.0,0,False,False,False
350,TRANSFER,717132.46,0.0,0,False,False,False
350,CASH_OUT,169118.02,0.0,0,False,False,False
350,CASH_OUT,159902.2,0.0,0,False,False,False
350,TRANSFER,3154873.63,0.0,0,False,False,False
350,CASH_OUT,166269.03,0.0,0,False,False,False
350,CASH_OUT,333698.88,0.0,0,False,False,False
350,CASH_OUT,155573.83,0.0,0,False,False,False
350,CASH_OUT,384405.3,0.0,0,False,False,False
350,CASH_OUT,198287.25,0.0,0,False,False,False
350,TRANSFER,1808734.64,0.1631916592795911,0,True,False,False
350,CASH_OUT,177095.6,0.0,0,False,False,False
350,CASH_OUT,353034.86,0.0,0,False,False,False
350,CASH_OUT,319813.1,0.0,0,False,False,False
350,CASH_OUT,114784.45,0.0,0,False,False,False
350,CASH_OUT,497150.71,0.0,0,False,False,False
350,CASH_OUT,53902.05,0.0,0,False,False,False
350,CASH_OUT,206472.6,0.0,0,False,False,False
350,CASH_OUT,149556.73,0.0,0,False,False,False
350,CASH_OUT,136912.57,0.0,0,False,False,False
350,CASH_OUT,99423.1,0.0,0,False,False,False
350,TRANSFER,677334.45,0.0,0,False,False,False
350,CASH_OUT,76264.42,0.0,0,False,False,False
350,CASH_OUT,85211.84,0.0,0,False,False,False
350,TRANSFER,321161.16,0.0,0,False,False,False
350,CASH_OUT,100782.68,0.0,0,False,False,False
350,CASH_OUT,8357.27,0.0,0,False,False,False
350,TRANSFER,26186.21,0.0,0,False,False,False
350,CASH_OUT,129843.49,0.0,0,False,False,False
350,CASH_OUT,42782.14,0.0,0,False,False,False
350,CASH_OUT,394931.47,0.0,0,False,False,False
350,CASH_OUT,119289.13,0.0,0,False,False,False
350,TRANSFER,915313.78,0.0,0,False,False,False
350,CASH_OUT,502593.22,0.0,0,False,False,False
350,CASH_OUT,129862.41,0.0,0,False,False,False
350,CASH_OUT,221051.44,0.0,0,False,False,False
350,CASH_OUT,213041.67,0.0,0,False,False,False
350,CASH_OUT,32913.34,0.0,0,False,False,False
350,TRANSFER,5963850.34,0.11411722380385608,1,True,False,False
350,TRANSFER,418451.41,0.0,0,False,False,False
350,CASH_OUT,517175.38,0.0,0,False,False,False
350,CASH_OUT,224977.98,0.0,0,False,False,False
350,CASH_OUT,311391.58,0.0,0,False,False,False
350,CASH_OUT,270688.77,0.0,0,False,False,False
350,CASH_OUT,115655.86,0.0,0,False,False,False
350,CASH_OUT,328338.74,0.0,0,False,False,False
351,CASH_OUT,245978.08,0.0,0,False,False,False
351,TRANSFER,1202613.13,0.0,0,False,False,False
351,CASH_OUT,76134.7,0.0,0,False,False,False
351,CASH_OUT,67803.06,0.0,0,False,False,False
351,CASH_OUT,527463.63,0.0,0,False,False,False
351,CASH_OUT,36061.21,0.0,0,False,False,False
351,CASH_OUT,202380.16,0.0,0,False,False,False
351,CASH_OUT,326561.92,0.0,0,False,False,False
351,CASH_OUT,151288.03,0.0,0,False,False,False
351,TRANSFER,3147001.8,0.004939128506486308,0,False,False,False
351,CASH_OUT,272915.83,0.0,0,False,False,False
351,CASH_OUT,229682.34,0.0,0,False,False,False
351,CASH_OUT,55353.56,0.0,0,False,False,False
351,CASH_OUT,109544.58,0.0,0,False,False,False
351,CASH_OUT,337099.65,0.0,0,False,False,False
351,CASH_OUT,146179.95,0.0,0,False,False,False
351,CASH_OUT,277135.17,0.0,0,False,False,False
351,CASH_OUT,357966.35,0.0,0,False,False,False
351,CASH_OUT,251933.42,0.0,0,False,False,False
351,CASH_OUT,2143.21,0.0,0,False,False,False
351,TRANSFER,393980.79,0.0,0,False,False,False
351,CASH_OUT,166319.42,0.0,0,False,False,False
351,CASH_OUT,70518.06,0.0,0,False,False,False
351,CASH_OUT,264222.9,0.0,0,False,False,False
351,CASH_OUT,12331.14,0.0,0,False,False,False
351,TRANSFER,777093.51,0.0,0,False,False,False
351,CASH_OUT,430535.16,0.0,0,False,False,False
351,TRANSFER,3492286.42,0.0049781683091654795,0,False,False,False
351,CASH_OUT,33282.93,0.0,0,False,False,False
351,TRANSFER,2275266.17,0.1338384819883597,0,True,False,False
351,CASH_OUT,177590.76,0.0,0,False,False,False
351,CASH_OUT,169143.38,0.0,0,False,False,False
351,CASH_OUT,33908.81,0.0,0,False,False,False
351,CASH_OUT,27104.75,0.0,0,False,False,False
351,CASH_OUT,144318.95,0.0,0,False,False,False
351,TRANSFER,63.8,0.2974433324834369,1,True,False,False
351,CASH_OUT,178344.25,0.0,1,False,False,False
351,TRANSFER,954322.24,0.0,0,False,False,False
351,CASH_OUT,55407.73,0.0,0,False,False,False
351,CASH_OUT,146342.87,0.0,0,False,False,False
351,TRANSFER,1030184.82,0.07449415237344109,0,False,False,False
351,CASH_OUT,117793.06,0.0,0,False,False,False
351,CASH_OUT,124870.44,0.0,0,False,False,False
351,CASH_OUT,90976.52,0.0,0,False,False,False
351,CASH_OUT,143287.12,0.0,0,False,False,False
351,CASH_OUT,161491.99,0.0,0,False,False,False
351,CASH_OUT,44931.74,0.0,0,False,False,False
351,CASH_OUT,146408.19,0.0,0,False,False,False
351,CASH_OUT,14726.08,0.0,0,False,False,False
351,CASH_OUT,9277.14,0.0,0,False,False,False
351,TRANSFER,295480.27,0.009899681651000249,0,False,False,False
351,TRANSFER,527696.85,0.0,0,False,False,False
351,CASH_OUT,115134.53,0.0,0,False,False,False
351,CASH_OUT,67311.35,0.0,0,False,False,False
351,CASH_OUT,308631.22,0.0,0,False,False,False
351,CASH_OUT,148629.13,0.0,0,False,False,False
351,CASH_OUT,265778.43,0.0,0,False,False,False
351,CASH_OUT,154173.43,0.0,0,False,False,False
351,CASH_OUT,184127.73,0.0,0,False,False,False
352,TRANSFER,51541.35,0.0,0,False,False,False
352,CASH_OUT,82617.66,0.0,0,False,False,False
352,TRANSFER,603890.38,0.0,0,False,False,False
352,CASH_OUT,290872.98,0.0,0,False,False,False
352,CASH_OUT,56516.99,0.0,0,False,False,False
352,TRANSFER,1487461.63,0.0,0,False,False,False
352,CASH_OUT,254166.72,0.0,0,False,False,False
352,CASH_OUT,74422.3,0.0,0,False,False,False
352,CASH_OUT,93493.43,0.0,0,False,False,False
352,TRANSFER,871517.25,0.0,0,False,False,False
352,CASH_OUT,56580.11,0.0,0,False,False,False
352,CASH_OUT,247069.41,0.0,0,False,False,False
352,CASH_OUT,384498.73,0.0,0,False,False,False
352,CASH_OUT,248702.73,0.0,0,False,False,False
352,CASH_OUT,248220.08,0.0,0,False,False,False
352,CASH_OUT,171473.95,0.0,0,False,False,False
352,TRANSFER,975622.41,0.003439274992445082,0,False,False,False
352,CASH_OUT,262865.14,0.0,0,False,False,False
352,CASH_OUT,299075.35,0.0,0,False,False,False
352,CASH_OUT,77476.97,0.0,0,False,False,False
352,CASH_OUT,44952.26,0.0,0,False,False,False
352,CASH_OUT,116743.55,0.0,0,False,False,False
352,CASH_OUT,252137.62,0.0,0,False,False,False
352,TRANSFER,1169506.89,0.0,0,False,False,False
352,CASH_OUT,143714.31,0.0,0,False,False,False
352,CASH_OUT,166456.54,0.0,1,False,False,False
352,TRANSFER,7454553.06,0.0,1,False,False,False
352,CASH_OUT,343789.62,0.0,0,False,False,False
352,CASH_OUT,251305.93,0.0,0,False,False,False
352,CASH_OUT,284432.88,0.0,0,False,False,False
352,CASH_OUT,33692.35,0.0,0,False,False,False
352,CASH_OUT,93438.53,0.0,0,False,False,False
352,CASH_OUT,125118.13,0.0,0,False,False,False
352,CASH_OUT,37725.16,0.0,0,False,False,False
352,CASH_OUT,174655.95,0.0,0,False,False,False
352,CASH_OUT,176612.91,0.0,0,False,False,False
352,CASH_OUT,49322.81,0.0,0,False,False,False
352,CASH_OUT,123917.6,0.0,0,False,False,False
352,CASH_OUT,56585.1,0.0,0,False,False,False
352,CASH_OUT,101180.31,0.0,0,False,False,False
352,CASH_OUT,514738.95,0.0,0,False,False,False
352,CASH_OUT,97991.68,0.0,0,False,False,False
352,CASH_OUT,315676.67,0.0,0,False,False,False
352,CASH_OUT,322647.49,0.0,0,False,False,False
352,CASH_OUT,256822.22,0.0,0,False,False,False
352,CASH_OUT,123779.93,0.0,0,False,False,False
352,CASH_OUT,136291.66,0.0,0,False,False,False
352,CASH_OUT,30204.26,0.0,0,False,False,False
352,TRANSFER,933773.37,0.003439274992445082,0,False,False,False
352,CASH_OUT,92359.15,0.0,0,False,False,False
352,CASH_OUT,143216.1,0.0,0,False,False,False
352,CASH_OUT,59016.43,0.0,0,False,False,False
352,CASH_OUT,94435.13,0.0,0,False,False,False
352,CASH_OUT,135276.84,0.0,0,False,False,False
352,TRANSFER,825662.78,0.0,0,False,False,False
352,CASH_OUT,420831.96,0.0,0,False,False,False
352,CASH_OUT,69332.47,0.0,0,False,False,False
352,CASH_OUT,222086.02,0.0,0,False,False,False
352,CASH_OUT,24325.16,0.0,0,False,False,False
353,TRANSFER,2205267.12,0.18336710913432858,0,True,False,False
353,TRANSFER,1320897.55,0.0,0,False,False,False
353,CASH_OUT,228059.59,0.0,0,False,False,False
353,TRANSFER,501741.83,0.0,0,False,False,False
353,CASH_OUT,147303.81,0.0,0,False,False,False
353,CASH_OUT,463802.04,0.0,0,False,False,False
353,CASH_OUT,85629.99,0.0,0,False,False,False
353,CASH_OUT,57446.53,0.0,0,False,False,False
353,TRANSFER,153546.33,0.0,0,False,False,False
353,CASH_OUT,54038.81,0.0,0,False,False,False
353,TRANSFER,190165.44,0.0,0,False,False,False
353,CASH_OUT,110247.23,0.0,0,False,False,False
353,CASH_OUT,5987.09,0.0,0,False,False,False
353,CASH_OUT,171768.17,0.0,0,False,False,False
353,CASH_OUT,195435.68,0.0,0,False,False,False
353,CASH_OUT,208215.31,0.0,0,False,False,False
353,CASH_OUT,224078.17,0.0,0,False,False,False
353,CASH_OUT,31581.21,0.0,0,False,False,False
353,CASH_OUT,95271.34,0.0,0,False,False,False
353,CASH_OUT,182467.93,0.0,0,False,False,False
353,CASH_OUT,48759.76,0.0,0,False,False,False
353,CASH_OUT,157540.69,0.0,0,False,False,False
353,CASH_OUT,218179.81,0.0,0,False,False,False
353,CASH_OUT,207564.33,0.0,0,False,False,False
353,CASH_OUT,110233.51,0.0,0,False,False,False
353,CASH_OUT,109107.39,0.0,0,False,False,False
353,CASH_OUT,129992.32,0.0,0,False,False,False
353,CASH_OUT,188765.37,0.0,0,False,False,False
353,CASH_OUT,139821.33,0.0,0,False,False,False
353,CASH_OUT,455836.25,0.0,0,False,False,False
353,CASH_OUT,353297.98,0.0,0,False,False,False
353,CASH_OUT,113176.69,0.0,0,False,False,False
353,CASH_OUT,136841.54,0.0,0,False,False,False
353,TRANSFER,1822368.93,0.009929184449319417,0,False,False,False
353,CASH_OUT,238677.44,0.0,0,False,False,False
353,CASH_OUT,269674.25,0.0,0,False,False,False
353,CASH_OUT,205491.07,0.0,0,False,False,False
353,CASH_OUT,33026.12,0.0,0,False,False,False
353,CASH_OUT,122810.95,0.0,0,False,False,False
353,TRANSFER,780876.9,0.004940116155647302,0,False,False,False
353,CASH_OUT,167750.96,0.0,0,False,False,False
353,CASH_OUT,64390.92,0.0,0,False,False,False
353,CASH_OUT,156465.81,0.0,0,False,False,False
353,CASH_OUT,56949.26,0.0,0,False,False,False
353,CASH_OUT,256206.74,0.0,0,False,False,False
354,CASH_OUT,284140.77,0.0,0,False,False,False
354,TRANSFER,1439007.02,0.0,0,False,False,False
354,CASH_OUT,19792.3,0.0,0,False,False,False
354,CASH_OUT,106791.15,0.0,0,False,False,False
354,CASH_OUT,59009.17,0.0,0,False,False,False
354,CASH_OUT,30755.01,0.0,0,False,False,False
354,CASH_OUT,187844.8,0.0,0,False,False,False
354,CASH_OUT,102859.83,0.0,0,False,False,False
354,CASH_OUT,234181.55,0.0,0,False,False,False
354,CASH_OUT,162299.15,0.0,0,False,False,False
354,CASH_OUT,217319.43,0.0,0,False,False,False
354,CASH_OUT,27708.61,0.0,0,False,False,False
354,TRANSFER,39854.22,0.0,0,False,False,False
354,CASH_OUT,69459.97,0.0,0,False,False,False
354,TRANSFER,364780.69,0.0,0,False,False,False
354,CASH_OUT,215010.81,0.0,0,False,False,False
354,CASH_OUT,191504.71,0.0,0,False,False,False
354,CASH_OUT,131201.92,0.0,0,False,False,False
354,TRANSFER,1006531.68,0.0,0,False,False,False
354,CASH_OUT,63441.56,0.0,0,False,False,False
354,CASH_OUT,228960.65,0.0,0,False,False,False
354,CASH_OUT,76146.63,0.0,0,False,False,False
354,CASH_OUT,227229.95,0.0,0,False,False,False
354,CASH_OUT,22387.27,0.0,0,False,False,False
354,CASH_OUT,236564.56,0.0,0,False,False,False
354,CASH_OUT,6387.8,0.04953919838861366,0,False,False,False
354,CASH_OUT,66966.31,0.0,0,False,False,False
354,CASH_OUT,171702.34,0.0,0,False,False,False
354,CASH_OUT,17264.0,0.0,0,False,False,False
354,CASH_OUT,59383.81,0.0,0,False,False,False
354,CASH_OUT,6272.17,0.0,0,False,False,False
354,CASH_OUT,95248.31,0.0,0,False,False,False
354,CASH_OUT,71021.52,0.0,0,False,False,False
354,CASH_OUT,147123.93,0.0,0,False,False,False
354,CASH_OUT,361100.76,0.0,0,False,False,False
354,TRANSFER,322395.98,0.0,0,False,False,False
354,CASH_OUT,278924.29,0.0,0,False,False,False
354,CASH_OUT,174535.57,0.0,0,False,False,False
354,CASH_OUT,84961.8,0.0,0,False,False,False
354,CASH_OUT,180849.71,0.0,0,False,False,False
354,TRANSFER,724455.92,0.0,0,False,False,False
354,CASH_OUT,29382.7,0.0,0,False,False,False
354,CASH_OUT,221781.51,0.0,0,False,False,False
354,CASH_OUT,79018.66,0.0,0,False,False,False
354,TRANSFER,274564.76,0.0,0,False,False,False
354,CASH_OUT,158605.17,0.0,0,False,False,False
354,CASH_OUT,170606.45,0.0,0,False,False,False
354,CASH_OUT,102692.57,0.0,0,False,False,False
354,CASH_OUT,223979.28,0.0,0,False,False,False
354,CASH_OUT,500645.27,0.0,0,False,False,False
354,TRANSFER,650788.82,0.0,0,False,False,False
354,TRANSFER,609450.12,0.004948205439063635,0,False,False,False
354,CASH_OUT,70208.49,0.0,0,False,False,False
354,CASH_OUT,59061.93,0.0,0,False,False,False
354,CASH_OUT,20939.6,0.0,0,False,False,False
354,CASH_OUT,309491.81,0.0,0,False,False,False
354,CASH_OUT,257699.56,0.0,0,False,False,False
354,CASH_OUT,148074.05,0.0,0,False,False,False
354,CASH_OUT,32079.1,0.0,0,False,False,False
354,CASH_OUT,181490.79,0.0,0,False,False,False
354,CASH_OUT,242031.58,0.0,0,False,False,False
354,CASH_OUT,31470.93,0.0,0,False,False,False
354,CASH_OUT,226715.22,0.0,0,False,False,False
354,CASH_OUT,159418.11,0.0,0,False,False,False
354,CASH_OUT,358595.54,0.0,0,False,False,False
354,CASH_OUT,83550.38,0.0,0,False,False,False
354,CASH_OUT,405608.03,0.0,0,False,False,False
354,CASH_OUT,446305.94,0.004945752345180048,0,False,False,False
354,CASH_OUT,233114.48,0.0,0,False,False,False
354,TRANSFER,12123.14,0.16360811807289857,0,True,False,False
354,CASH_OUT,203705.79,0.0,0,False,False,False
354,CASH_OUT,80848.94,0.0,0,False,False,False
354,CASH_OUT,109015.58,0.0,0,False,False,False
354,CASH_OUT,284255.9,0.0,0,False,False,False
354,CASH_OUT,70844.87,0.0,0,False,False,False
354,CASH_OUT,223579.11,0.0,0,False,False,False
354,CASH_OUT,328478.27,0.0,0,False,False,False
354,CASH_OUT,54077.74,0.0,0,False,False,False
354,CASH_OUT,126619.47,0.0,0,False,False,False
354,TRANSFER,196827.7,0.0,0,False,False,False
354,TRANSFER,20943.27,0.0,0,False,False,False
354,CASH_OUT,815.37,0.0,0,False,False,False
354,CASH_OUT,153871.58,0.0,0,False,False,False
354,CASH_OUT,139517.37,0.0,0,False,False,False
355,CASH_OUT,108183.75,0.0,0,False,False,False
355,CASH_OUT,35685.02,0.0,0,False,False,False
355,CASH_OUT,45000.16,0.0,0,False,False,False
355,CASH_OUT,35521.54,0.0,0,False,False,False
355,CASH_OUT,146800.87,0.0,0,False,False,False
355,CASH_OUT,304838.41,0.0,0,False,False,False
355,CASH_OUT,193033.97,0.0,0,False,False,False
355,CASH_OUT,20619.75,0.0,0,False,False,False
355,CASH_OUT,301534.13,0.044584370054996,0,False,False,False
355,CASH_OUT,206815.65,0.0,0,False,False,False
355,CASH_OUT,122420.39,0.0,0,False,False,False
355,CASH_OUT,115436.84,0.0,0,False,False,False
355,CASH_OUT,41662.23,0.0,0,False,False,False
355,CASH_OUT,92882.81,0.0,0,False,False,False
355,CASH_OUT,136829.69,0.0,0,False,False,False
355,CASH_OUT,99224.84,0.0,0,False,False,False
355,TRANSFER,5338162.8,0.024764900144648636,1,False,False,False
355,CASH_OUT,74583.84,0.0,0,False,False,False
355,CASH_OUT,7781.23,0.0,0,False,False,False
355,TRANSFER,181627.95,0.0,0,False,False,False
355,CASH_OUT,327861.57,0.0,0,False,False,False
355,TRANSFER,883366.69,0.0,1,False,False,False
355,CASH_OUT,49707.93,0.0,0,False,False,False
355,CASH_OUT,179749.66,0.0,0,False,False,False
355,CASH_OUT,95520.9,0.0,0,False,False,False
355,CASH_OUT,233215.96,0.0,0,False,False,False
355,CASH_OUT,45531.37,0.0,0,False,False,False
355,CASH_OUT,12855.13,0.0,0,False,False,False
355,CASH_OUT,135622.99,0.0,0,False,False,False
355,CASH_OUT,11947.97,0.0,0,False,False,False
355,TRANSFER,1781261.28,0.0,0,False,False,False
355,TRANSFER,702813.36,0.04465209278050261,0,False,False,False
355,CASH_OUT,188920.47,0.0,0,False,False,False
355,CASH_OUT,36608.4,0.0,0,False,False,False
355,TRANSFER,669182.32,0.0,0,False,False,False
355,CASH_OUT,89759.4,0.0,0,False,False,False
355,CASH_OUT,147171.25,0.0,0,False,False,False
355,TRANSFER,524159.91,0.0,0,False,False,False
355,CASH_OUT,128855.69,0.0,0,False,False,False
355,CASH_OUT,158394.13,0.0,0,False,False,False
355,CASH_OUT,4113.34,0.0,0,False,False,False
355,TRANSFER,1542426.93,0.0,0,False,False,False
355,CASH_OUT,85625.01,0.0,0,False,False,False
355,TRANSFER,111024.12,0.0,0,False,False,False
355,TRANSFER,3795.51,0.0,0,False,False,False
355,TRANSFER,1949081.77,0.15881134819107617,0,True,False,False
355,CASH_OUT,97429.28,0.0,0,False,False,False
355,CASH_OUT,507596.21,0.29249404001411616,0,True,False,False
355,CASH_OUT,159525.16,0.0,0,False,False,False
355,CASH_OUT,56386.65,0.0,0,False,False,False
355,TRANSFER,1542305.93,0.0,0,False,False,False
355,CASH_OUT,56266.1,0.0,0,False,False,False
355,CASH_OUT,62466.18,0.0,0,False,False,False
355,CASH_OUT,178417.89,0.0,0,False,False,False
355,CASH_OUT,257968.53,0.0,0,False,False,False
355,CASH_OUT,2808.9,0.0,0,False,False,False
355,CASH_OUT,28657.72,0.0,0,False,False,False
355,CASH_OUT,105547.31,0.0,0,False,False,False
355,CASH_OUT,192579.23,0.0,0,False,False,False
355,CASH_OUT,13060.37,0.0,0,False,False,False
355,CASH_OUT,116767.48,0.0,0,False,False,False
355,CASH_OUT,151135.2,0.0,0,False,False,False
355,TRANSFER,357770.91,0.0,0,False,False,False
355,CASH_OUT,157705.45,0.0,0,False,False,False
355,CASH_OUT,255230.74,0.0,0,False,False,False
355,TRANSFER,2193228.22,0.049524053289937295,0,False,False,False
355,TRANSFER,189306.0,0.0,0,False,False,False
355,CASH_OUT,73197.59,0.0,0,False,False,False
355,CASH_OUT,311135.74,0.0,0,False,False,False
355,CASH_OUT,45311.78,0.0,0,False,False,False
355,CASH_OUT,138874.72,0.0,0,False,False,False
355,CASH_OUT,103632.91,0.0,0,False,False,False
355,CASH_OUT,81566.25,0.0,0,False,False,False
355,CASH_OUT,253685.01,0.0,0,False,False,False
355,CASH_OUT,71644.12,0.0,0,False,False,False
355,CASH_OUT,52849.24,0.0,0,False,False,False
355,CASH_OUT,117549.99,0.0,0,False,False,False
355,TRANSFER,634725.86,0.0,0,False,False,False
355,CASH_OUT,209313.95,0.0,0,False,False,False
355,CASH_OUT,150989.87,0.0,0,False,False,False
355,CASH_OUT,65750.22,0.0,0,False,False,False
356,CASH_OUT,249985.83,0.0,0,False,False,False
356,CASH_OUT,97956.59,0.0,0,False,False,False
356,CASH_OUT,167942.0,0.0,0,False,False,False
356,CASH_OUT,83445.79,0.0,0,False,False,False
356,CASH_OUT,247795.96,0.0,0,False,False,False
356,CASH_OUT,186822.67,0.0,0,False,False,False
356,CASH_OUT,7360.15,0.0,1,False,False,False
356,CASH_OUT,13659.45,0.0,0,False,False,False
356,CASH_OUT,138528.34,0.0,0,False,False,False
356,CASH_OUT,38169.1,0.04463880051479755,0,False,False,False
356,CASH_OUT,18837.87,0.0,0,False,False,False
356,CASH_OUT,120002.49,0.0,0,False,False,False
356,CASH_OUT,2007.46,0.0,0,False,False,False
356,CASH_OUT,33956.57,0.0,0,False,False,False
356,CASH_OUT,11009.44,0.0,0,False,False,False
356,TRANSFER,821398.01,0.0,0,False,False,False
356,TRANSFER,378187.83,0.0,0,False,False,False
356,CASH_OUT,42103.19,0.0,0,False,False,False
356,TRANSFER,256143.93,0.0,0,False,False,False
356,CASH_OUT,239622.0,0.0,0,False,False,False
356,CASH_OUT,50789.35,0.0,0,False,False,False
356,CASH_OUT,56910.67,0.0,0,False,False,False
356,TRANSFER,394815.01,0.0,0,False,False,False
356,CASH_OUT,80017.11,0.0,0,False,False,False
356,CASH_OUT,104588.98,0.0,0,False,False,False
356,CASH_OUT,230749.57,0.0,0,False,False,False
356,TRANSFER,448201.7,0.07423536225788616,0,False,False,False
356,CASH_OUT,167540.76,0.0,0,False,False,False
356,CASH_OUT,113547.28,0.0,0,False,False,False
356,CASH_OUT,209794.45,0.0,0,False,False,False
356,CASH_OUT,376207.1,0.0,0,False,False,False
356,CASH_OUT,139409.21,0.0,0,False,False,False
356,CASH_OUT,66989.6,0.09426392886585261,0,False,False,False
356,CASH_OUT,157674.37,0.0,0,False,False,False
356,CASH_OUT,144967.84,0.0,0,False,False,False
356,CASH_OUT,54623.53,0.0,0,False,False,False
356,CASH_OUT,176983.23,0.0,0,False,False,False
356,CASH_OUT,36603.95,0.0,0,False,False,False
356,CASH_OUT,11775.19,0.0,0,False,False,False
356,CASH_OUT,28922.96,0.0,0,False,False,False
356,CASH_OUT,135066.41,0.0,0,False,False,False
356,CASH_OUT,111555.33,0.0,0,False,False,False
356,TRANSFER,674446.25,0.0,0,False,False,False
356,CASH_OUT,126322.92,0.0,0,False,False,False
356,TRANSFER,71021.11,0.004861794119389675,0,False,False,False
356,TRANSFER,502409.02,0.0,0,False,False,False
356,CASH_OUT,32045.47,0.0,0,False,False,False
356,TRANSFER,755478.1,0.0,0,False,False,False
356,CASH_OUT,114493.31,0.0,0,False,False,False
356,CASH_OUT,2790.5,0.0,0,False,False,False
356,TRANSFER,238457.81,0.0,0,False,False,False
356,TRANSFER,616893.34,0.0,0,False,False,False
356,TRANSFER,2743072.52,0.38246044156471415,0,True,False,False
356,TRANSFER,438886.47,0.0,0,False,False,False
356,CASH_OUT,154597.74,0.0,0,False,False,False
356,CASH_OUT,71441.03,0.0,0,False,False,False
356,TRANSFER,43378.84,0.0,0,False,False,False
356,CASH_OUT,173739.04,0.0,0,False,False,False
356,TRANSFER,50725.01,0.0,0,False,False,False
356,CASH_OUT,50010.85,0.0,0,False,False,False
356,CASH_OUT,45234.35,0.0,0,False,False,False
356,CASH_OUT,1589.16,0.0,0,False,False,False
356,CASH_OUT,219984.51,0.0,0,False,False,False
356,CASH_OUT,331.16,0.0,0,False,False,False
357,CASH_OUT,152955.3,0.0,0,False,False,False
357,CASH_OUT,6568.77,0.0,0,False,False,False
357,TRANSFER,609279.66,0.0,0,False,False,False
357,CASH_OUT,147008.88,0.0,0,False,False,False
357,CASH_OUT,25142.44,0.0,0,False,False,False
357,CASH_OUT,30263.1,0.0,0,False,False,False
357,TRANSFER,636168.38,0.0,0,False,False,False
357,CASH_OUT,163565.51,0.0,0,False,False,False
357,CASH_OUT,9178.6,0.0,0,False,False,False
357,CASH_OUT,160207.28,0.0,0,False,False,False
357,CASH_OUT,268070.58,0.0,0,False,False,False
357,CASH_OUT,321717.43,0.0,0,False,False,False
357,CASH_OUT,110622.17,0.0,0,False,False,False
357,TRANSFER,10000000.0,0.2924356746755411,1,True,False,False
357,TRANSFER,84678.83,0.0,0,False,False,False
357,CASH_OUT,103426.13,0.0,0,False,False,False
357,CASH_OUT,424009.93,0.0,0,False,False,False
357,TRANSFER,653151.55,0.0,1,False,False,False
357,TRANSFER,346036.86,0.0,0,False,False,False
357,CASH_OUT,273963.36,0.0,0,False,False,False
357,CASH_OUT,670250.28,0.014775019207249265,0,False,False,False
358,CASH_OUT,320241.0,0.0,0,False,False,False
358,CASH_OUT,287525.76,0.0,0,False,False,False
358,CASH_OUT,74340.48,0.0,0,False,False,False
358,CASH_OUT,171472.69,0.0,0,False,False,False
358,TRANSFER,376059.27,0.0,1,False,False,False
358,CASH_OUT,65925.9,0.0,0,False,False,False
358,TRANSFER,1060602.71,0.07422881289196509,0,False,False,False
358,TRANSFER,147051.36,0.0,0,False,False,False
358,TRANSFER,13049.53,0.0,0,False,False,False
358,CASH_OUT,135397.17,0.0,0,False,False,False
358,CASH_OUT,128529.87,0.0,0,False,False,False
358,CASH_OUT,100276.46,0.0,0,False,False,False
358,CASH_OUT,29108.09,0.0,0,False,False,False
358,CASH_OUT,238033.23,0.0,0,False,False,False
359,TRANSFER,10000000.0,0.2627891741448083,1,True,False,False
359,CASH_OUT,139209.75,0.0,0,False,False,False
359,TRANSFER,1717388.75,0.004844483595427412,0,False,False,False
359,TRANSFER,479618.78,0.0,0,False,False,False
359,CASH_OUT,72783.97,0.0,0,False,False,False
359,CASH_OUT,85674.17,0.0,0,False,False,False
359,TRANSFER,844823.02,0.0,0,False,False,False
359,CASH_OUT,2056779.24,0.9590844909220878,1,True,True,True
359,CASH_OUT,161699.63,0.0,0,False,False,False
359,TRANSFER,366498.36,0.0,0,False,False,False
360,TRANSFER,250520.26,0.024766032593427374,0,False,False,False
360,CASH_OUT,123019.53,0.0,0,False,False,False
361,TRANSFER,1082308.05,0.2079466242486954,1,True,False,False
361,CASH_OUT,49328.5,0.0,0,False,False,False
361,TRANSFER,48022.95,0.3373949772778001,0,True,False,False
361,CASH_OUT,120783.33,0.009924638312525958,0,False,False,False
361,CASH_OUT,154972.84,0.2622846368737626,0,True,False,False
361,TRANSFER,140807.76,0.12376211972717101,1,True,False,False
361,CASH_OUT,54892.98,0.0,1,False,False,False
361,CASH_OUT,140807.76,0.029579664186409574,1,False,False,False
362,CASH_OUT,1397689.48,0.9894420399706236,1,True,True,True
362,CASH_OUT,10000000.0,0.954872025895086,1,True,True,True
362,CASH_OUT,1139165.57,0.9795276239120914,1,True,True,True
362,TRANSFER,10000000.0,0.8483489022664424,1,True,True,False
362,CASH_OUT,1936403.59,0.9695012037364298,1,True,True,True
363,CASH_OUT,56231.05,0.2470130375785162,1,True,False,False
363,TRANSFER,216534.86,0.29795414023693306,1,True,False,False
363,TRANSFER,1715635.41,0.810511356902015,1,True,True,False
365,CASH_OUT,4841332.26,0.9999471388621075,1,True,True,True
366,TRANSFER,769619.59,0.43212043531543165,1,True,False,False
366,CASH_OUT,500003.56,0.6971668649626481,1,True,True,False
367,TRANSFER,362672.57,0.5419345162137502,1,True,True,False
367,CASH_OUT,520500.14,0.4426269066540863,1,True,False,False
369,TRANSFER,349207.17,0.09413095524401954,0,False,False,False
369,CASH_OUT,376202.76,0.0,0,False,False,False
369,CASH_OUT,87561.84,0.0,0,False,False,False
369,TRANSFER,324756.76,0.0,0,False,False,False
369,CASH_OUT,242748.88,0.0,0,False,False,False
369,CASH_OUT,33240.93,0.0,0,False,False,False
369,CASH_OUT,282100.68,0.0,0,False,False,False
369,CASH_OUT,4782.97,0.0,0,False,False,False
369,CASH_OUT,76331.49,0.024713023442218093,0,False,False,False
369,CASH_OUT,14057.03,0.0,0,False,False,False
369,TRANSFER,1090955.55,0.007801697187450606,0,False,False,False
369,CASH_OUT,59072.74,0.0,0,False,False,False
369,CASH_OUT,131406.89,0.0,0,False,False,False
369,CASH_OUT,143481.29,0.0,0,False,False,False
369,TRANSFER,1154156.85,0.4537472551088533,0,True,False,False
369,CASH_OUT,296369.85,0.004957789472010683,0,False,False,False
369,CASH_OUT,240510.94,0.0,0,False,False,False
369,CASH_OUT,8510.07,0.0,0,False,False,False
369,CASH_OUT,77127.88,0.0,0,False,False,False
369,CASH_OUT,135657.44,0.0,0,False,False,False
369,CASH_OUT,124185.93,0.0,0,False,False,False
369,CASH_OUT,102074.25,0.0,0,False,False,False
369,CASH_OUT,12956.98,0.0,0,False,False,False
369,TRANSFER,1051335.16,0.007801697187450606,0,False,False,False
369,CASH_OUT,458467.96,0.0,0,False,False,False
369,CASH_OUT,144914.41,0.0,0,False,False,False
369,TRANSFER,6375916.55,0.1780470291725227,0,True,False,False
369,CASH_OUT,188169.29,0.0,0,False,False,False
369,CASH_OUT,133810.13,0.0,0,False,False,False
369,TRANSFER,120837.39,0.0,0,False,False,False
369,CASH_OUT,29331.83,0.0,0,False,False,False
369,CASH_OUT,101434.43,0.0,0,False,False,False
369,TRANSFER,3678788.05,0.01904356879613172,0,False,False,False
369,CASH_OUT,39816.04,0.0,0,False,False,False
369,CASH_OUT,7709.41,0.0,0,False,False,False
370,CASH_OUT,57923.18,0.0,0,False,False,False
370,CASH_OUT,172761.9,0.0,0,False,False,False
370,CASH_OUT,20864.36,0.0,0,False,False,False
370,CASH_OUT,71327.3,0.0,0,False,False,False
370,CASH_OUT,145103.1,0.0,0,False,False,False
370,CASH_OUT,111564.01,0.0,0,False,False,False
370,CASH_OUT,170070.21,0.0,0,False,False,False
370,CASH_OUT,169891.65,0.0,0,False,False,False
370,CASH_OUT,157475.08,0.0,0,False,False,False
370,CASH_OUT,150514.7,0.0,0,False,False,False
370,CASH_OUT,75674.79,0.0,0,False,False,False
370,CASH_OUT,122824.12,0.0,0,False,False,False
370,CASH_OUT,452231.77,0.0,0,False,False,False
370,CASH_OUT,172761.39,0.0,0,False,False,False
370,CASH_OUT,151905.53,0.0,0,False,False,False
370,CASH_OUT,353972.78,0.0,0,False,False,False
370,CASH_OUT,161762.98,0.0,0,False,False,False
370,CASH_OUT,526832.42,0.0,0,False,False,False
370,TRANSFER,338580.07,0.0,0,False,False,False
370,CASH_OUT,322825.31,0.0,0,False,False,False
370,CASH_OUT,341932.15,0.0,0,False,False,False
370,CASH_OUT,173133.34,0.0,0,False,False,False
370,CASH_OUT,280112.55,0.0,0,False,False,False
370,CASH_OUT,249077.53,0.0,0,False,False,False
370,CASH_OUT,142797.64,0.0,0,False,False,False
370,CASH_OUT,243324.43,0.0,0,False,False,False
370,CASH_OUT,186330.32,0.0,0,False,False,False
370,CASH_OUT,306361.47,0.0,0,False,False,False
370,CASH_OUT,427828.74,0.0,0,False,False,False
370,TRANSFER,150869.28,0.0,0,False,False,False
370,CASH_OUT,633496.86,0.0049379218385271,0,False,False,False
370,CASH_OUT,149044.01,0.0,0,False,False,False
370,TRANSFER,3016800.4,0.09941653792427518,0,False,False,False
370,CASH_OUT,237209.72,0.0,0,False,False,False
370,TRANSFER,310726.29,0.0,1,False,False,False
370,CASH_OUT,355000.04,0.0,0,False,False,False
370,CASH_OUT,316838.59,0.0,0,False,False,False
370,CASH_OUT,311956.81,0.0,0,False,False,False
370,CASH_OUT,285744.11,0.0,0,False,False,False
370,CASH_OUT,294047.69,0.0,0,False,False,False
370,CASH_OUT,343501.89,0.0,0,False,False,False
370,CASH_OUT,229735.02,0.0,0,False,False,False
370,TRANSFER,1075357.32,0.0,0,False,False,False
370,CASH_OUT,253689.64,0.0,0,False,False,False
370,CASH_OUT,51683.54,0.0,0,False,False,False
370,CASH_OUT,290701.95,0.0,0,False,False,False
370,CASH_OUT,73150.75,0.0,0,False,False,False
370,CASH_OUT,263622.44,0.0,0,False,False,False
371,CASH_OUT,251054.69,0.0,0,False,False,False
371,CASH_OUT,156710.16,0.0,0,False,False,False
371,CASH_OUT,11630.38,0.0,1,False,False,False
371,CASH_OUT,70215.96,0.0,0,False,False,False
371,CASH_OUT,174324.94,0.0,1,False,False,False
371,TRANSFER,678046.76,0.004891930903556804,0,False,False,False
371,CASH_OUT,264028.38,0.0,0,False,False,False
371,CASH_OUT,357015.38,0.0,0,False,False,False
371,CASH_OUT,21653.31,0.0,0,False,False,False
371,CASH_OUT,65750.28,0.0,0,False,False,False
371,CASH_OUT,97461.86,0.0,0,False,False,False
371,TRANSFER,2469475.05,0.0,0,False,False,False
371,CASH_OUT,181543.98,0.0,0,False,False,False
371,CASH_OUT,66637.09,0.0,0,False,False,False
371,CASH_OUT,223358.75,0.0,0,False,False,False
371,CASH_OUT,123569.9,0.0,0,False,False,False
371,CASH_OUT,313477.46,0.0,0,False,False,False
371,TRANSFER,514799.77,0.0,0,False,False,False
371,CASH_OUT,57989.77,0.0,0,False,False,False
371,CASH_OUT,23757.52,0.0,0,False,False,False
371,CASH_OUT,193799.46,0.0,0,False,False,False
371,TRANSFER,100744.01,0.0,0,False,False,False
371,CASH_OUT,165565.81,0.0,0,False,False,False
371,CASH_OUT,337433.35,0.0,0,False,False,False
371,TRANSFER,174324.94,0.0,1,False,False,False
371,CASH_OUT,246766.56,0.0,0,False,False,False
371,CASH_OUT,278423.3,0.0,0,False,False,False
371,CASH_OUT,24178.89,0.0,0,False,False,False
371,CASH_OUT,152932.4,0.0,0,False,False,False
371,CASH_OUT,289223.69,0.0,0,False,False,False
371,CASH_OUT,11497.45,0.0,0,False,False,False
371,CASH_OUT,98126.4,0.0,0,False,False,False
371,TRANSFER,1749594.55,0.0,0,False,False,False
371,CASH_OUT,10482.18,0.0,0,False,False,False
371,CASH_OUT,115959.65,0.0,0,False,False,False
371,CASH_OUT,263044.73,0.0,0,False,False,False
371,CASH_OUT,214338.01,0.0,0,False,False,False
371,CASH_OUT,48569.11,0.0,0,False,False,False
371,CASH_OUT,211856.64,0.0,0,False,False,False
371,CASH_OUT,211974.89,0.0,0,False,False,False
371,CASH_OUT,9940.71,0.0,0,False,False,False
371,CASH_OUT,61322.52,0.0,0,False,False,False
371,CASH_OUT,63633.64,0.0,0,False,False,False
371,TRANSFER,175119.73,0.0,0,False,False,False
371,CASH_OUT,56826.18,0.0,0,False,False,False
371,TRANSFER,325891.45,0.0,0,False,False,False
371,TRANSFER,2485072.36,0.0,0,False,False,False
371,CASH_OUT,89499.33,0.0,0,False,False,False
371,CASH_OUT,35011.43,0.0,0,False,False,False
371,CASH_OUT,103603.54,0.0,0,False,False,False
371,CASH_OUT,25564.41,0.0,0,False,False,False
371,CASH_OUT,34857.81,0.0,0,False,False,False
371,TRANSFER,1015620.01,0.014894187286937652,0,False,False,False
371,CASH_OUT,2426.41,0.0,0,False,False,False
371,CASH_OUT,68152.83,0.0,0,False,False,False
371,TRANSFER,202904.1,0.0,0,False,False,False
371,TRANSFER,1728087.95,0.0,0,False,False,False
371,CASH_OUT,171173.21,0.0,0,False,False,False
371,CASH_OUT,206229.43,0.0,0,False,False,False
371,CASH_OUT,58278.81,0.0,0,False,False,False
371,TRANSFER,357895.85,0.0,0,False,False,False
372,CASH_OUT,87542.06,0.0,0,False,False,False
372,CASH_OUT,182140.68,0.0,0,False,False,False
372,TRANSFER,932236.08,0.0,0,False,False,False
372,CASH_OUT,357600.17,0.0,0,False,False,False
372,CASH_OUT,23947.51,0.0,0,False,False,False
372,CASH_OUT,35326.78,0.0,0,False,False,False
372,CASH_OUT,392007.16,0.0,0,False,False,False
372,TRANSFER,123313.27,0.0,0,False,False,False
372,CASH_OUT,1162.93,0.0,0,False,False,False
372,CASH_OUT,178635.1,0.0,0,False,False,False
372,CASH_OUT,69241.8,0.0,0,False,False,False
372,TRANSFER,1415547.6,0.0,0,False,False,False
372,CASH_OUT,85099.46,0.0,0,False,False,False
372,CASH_OUT,274305.57,0.0,0,False,False,False
372,CASH_OUT,39846.85,0.0,0,False,False,False
372,CASH_OUT,84259.68,0.0,0,False,False,False
372,CASH_OUT,69919.41,0.0,0,False,False,False
372,TRANSFER,2923356.25,0.0,1,False,False,False
372,CASH_OUT,299172.82,0.0,1,False,False,False
372,CASH_OUT,239630.75,0.0,0,False,False,False
372,CASH_OUT,223458.81,0.0,0,False,False,False
372,TRANSFER,1977782.8,0.0,0,False,False,False
372,TRANSFER,295811.4,0.03471009335168311,0,False,False,False
372,CASH_OUT,219090.8,0.0,0,False,False,False
372,CASH_OUT,43311.92,0.0,0,False,False,False
372,TRANSFER,1526383.46,0.0,0,False,False,False
372,TRANSFER,541842.8,0.0,0,False,False,False
372,CASH_OUT,125006.17,0.0,0,False,False,False
372,TRANSFER,1550042.97,0.0,0,False,False,False
372,CASH_OUT,133483.07,0.0,0,False,False,False
372,CASH_OUT,77632.93,0.0,0,False,False,False
372,TRANSFER,367375.82,0.0,0,False,False,False
372,CASH_OUT,72020.8,0.0,0,False,False,False
372,CASH_OUT,88942.24,0.0,0,False,False,False
372,CASH_OUT,130715.58,0.0,0,False,False,False
372,CASH_OUT,109389.25,0.0,0,False,False,False
372,CASH_OUT,50953.28,0.0,0,False,False,False
372,CASH_OUT,207806.93,0.0,0,False,False,False
372,CASH_OUT,10143.51,0.0,0,False,False,False
372,CASH_OUT,265235.2,0.0,0,False,False,False
372,CASH_OUT,49332.82,0.0,0,False,False,False
372,CASH_OUT,40547.96,0.0,0,False,False,False
372,CASH_OUT,193217.51,0.0,0,False,False,False
372,CASH_OUT,92430.17,0.0,0,False,False,False
372,CASH_OUT,76693.37,0.0,0,False,False,False
372,CASH_OUT,81930.73,0.0,0,False,False,False
372,CASH_OUT,151164.35,0.0,0,False,False,False
372,CASH_OUT,229263.96,0.0,0,False,False,False
372,TRANSFER,371684.46,0.0049562107605499485,0,False,False,False
372,CASH_OUT,73156.1,0.0,0,False,False,False
372,CASH_OUT,217614.92,0.0,0,False,False,False
372,CASH_OUT,282671.55,0.0,0,False,False,False
372,TRANSFER,40436.67,0.04945363088304862,0,False,False,False
372,CASH_OUT,47561.3,0.0,0,False,False,False
372,CASH_OUT,158595.47,0.0,0,False,False,False
372,CASH_OUT,300419.68,0.0,0,False,False,False
372,CASH_OUT,446185.39,0.0,0,False,False,False
372,CASH_OUT,160102.16,0.0,0,False,False,False
372,TRANSFER,86508.0,0.0,0,False,False,False
372,CASH_OUT,293943.99,0.0,0,False,False,False
372,CASH_OUT,228277.98,0.0,0,False,False,False
372,TRANSFER,716284.33,0.0,0,False,False,False
372,TRANSFER,2199622.73,0.059455138838182965,0,False,False,False
373,CASH_OUT,306391.74,0.0,0,False,False,False
373,CASH_OUT,36097.72,0.0,0,False,False,False
373,CASH_OUT,415731.79,0.0,0,False,False,False
373,CASH_OUT,96451.66,0.014847157879627947,0,False,False,False
373,CASH_OUT,108035.42,0.0,0,False,False,False
373,CASH_OUT,16273.03,0.004947922286468681,0,False,False,False
373,CASH_OUT,220776.51,0.0,0,False,False,False
373,TRANSFER,1058144.44,0.0,0,False,False,False
373,CASH_OUT,381174.5,0.0,0,False,False,False
373,TRANSFER,18525.44,0.019771974203685407,0,False,False,False
373,CASH_OUT,346110.67,0.0,0,False,False,False
373,CASH_OUT,151675.19,0.0,0,False,False,False
373,TRANSFER,735284.08,0.0,0,False,False,False
373,CASH_OUT,108946.5,0.0,0,False,False,False
373,TRANSFER,175029.81,0.0,0,False,False,False
373,CASH_OUT,210835.86,0.0,0,False,False,False
373,TRANSFER,499519.39,0.0,0,False,False,False
373,CASH_OUT,243213.14,0.0,0,False,False,False
373,CASH_OUT,80572.37,0.0,0,False,False,False
373,CASH_OUT,444411.95,0.0,0,False,False,False
373,CASH_OUT,17741.34,0.0,0,False,False,False
373,CASH_OUT,213621.36,0.0,0,False,False,False
373,CASH_OUT,336376.26,0.0,0,False,False,False
373,CASH_OUT,237433.13,0.0,0,False,False,False
373,CASH_OUT,26272.91,0.0,0,False,False,False
373,CASH_OUT,308438.75,0.0,0,False,False,False
373,CASH_OUT,110873.05,0.0,0,False,False,False
373,CASH_OUT,155561.11,0.0,0,False,False,False
373,CASH_OUT,71969.57,0.0,0,False,False,False
373,TRANSFER,6105252.04,0.4319052091078374,0,True,False,False
373,CASH_OUT,232871.65,0.0,0,False,False,False
373,CASH_OUT,296445.08,0.0,0,False,False,False
373,CASH_OUT,98330.48,0.0,0,False,False,False
373,CASH_OUT,34497.66,0.0,0,False,False,False
373,CASH_OUT,414269.98,0.0,0,False,False,False
373,CASH_OUT,40716.13,0.0,0,False,False,False
373,CASH_OUT,244460.51,0.0,0,False,False,False
373,CASH_OUT,438446.23,0.0,0,False,False,False
373,CASH_OUT,32273.41,0.0,0,False,False,False
373,CASH_OUT,280471.31,0.0,0,False,False,False
373,TRANSFER,701146.08,0.0,0,False,False,False
373,CASH_OUT,243148.67,0.0,0,False,False,False
373,CASH_OUT,468103.62,0.0,0,False,False,False
373,CASH_OUT,27927.44,0.0,0,False,False,False
373,TRANSFER,1325577.17,0.10918632206955506,0,True,False,False
373,CASH_OUT,194934.93,0.0,0,False,False,False
373,CASH_OUT,524072.45,0.0,0,False,False,False
373,CASH_OUT,32630.66,0.0,0,False,False,False
373,CASH_OUT,45122.53,0.0,0,False,False,False
373,CASH_OUT,147145.36,0.0,0,False,False,False
373,CASH_OUT,447049.97,0.03967097003508333,0,False,False,False
373,CASH_OUT,273339.61,0.0,0,False,False,False
373,CASH_OUT,332258.76,0.0,0,False,False,False
373,CASH_OUT,19281.34,0.0,0,False,False,False
373,CASH_OUT,89442.09,0.0,0,False,False,False
373,TRANSFER,493455.35,0.0,0,False,False,False
373,CASH_OUT,82750.0,0.0,1,False,False,False
373,CASH_OUT,425508.95,0.0,0,False,False,False
374,TRANSFER,392435.47,0.0,0,False,False,False
374,CASH_OUT,352750.31,0.0,0,False,False,False
374,TRANSFER,762213.61,0.004977889668648348,0,False,False,False
374,CASH_OUT,65310.27,0.0,0,False,False,False
374,CASH_OUT,329885.0,0.0,0,False,False,False
374,CASH_OUT,141137.94,0.0,0,False,False,False
374,CASH_OUT,11035.56,0.0,0,False,False,False
374,CASH_OUT,135679.79,0.0,0,False,False,False
374,CASH_OUT,128780.32,0.0,0,False,False,False
374,TRANSFER,185640.35,0.06938160101822817,0,False,False,False
374,CASH_OUT,421729.09,0.0,0,False,False,False
374,CASH_OUT,264195.16,0.0,0,False,False,False
374,CASH_OUT,210568.83,0.0,0,False,False,False
374,CASH_OUT,160941.21,0.0,0,False,False,False
374,TRANSFER,300037.06,0.004951637034754627,0,False,False,False
374,CASH_OUT,55955.36,0.0,0,False,False,False
374,CASH_OUT,95356.37,0.07432869647931073,0,False,False,False
374,CASH_OUT,106920.44,0.0,0,False,False,False
374,CASH_OUT,177169.2,0.0,0,False,False,False
374,TRANSFER,564151.6,0.0,0,False,False,False
374,CASH_OUT,259794.1,0.0,0,False,False,False
374,CASH_OUT,289443.87,0.0,0,False,False,False
374,CASH_OUT,186082.07,0.0,0,False,False,False
374,CASH_OUT,347129.06,0.0,0,False,False,False
374,TRANSFER,500261.01,0.0,0,False,False,False
374,CASH_OUT,314042.51,0.0,0,False,False,False
374,TRANSFER,631489.82,0.02972884278537267,0,False,False,False
374,TRANSFER,126491.53,0.2527550829175519,0,True,False,False
374,CASH_OUT,143582.59,0.0,0,False,False,False
374,CASH_OUT,69662.59,0.0,0,False,False,False
374,CASH_OUT,177536.37,0.0,0,False,False,False
374,TRANSFER,1968431.0,0.0,1,False,False,False
374,CASH_OUT,257197.87,0.0,0,False,False,False
374,CASH_OUT,184483.94,0.0,0,False,False,False
374,TRANSFER,611911.73,0.0,0,False,False,False
374,CASH_OUT,7466.12,0.0,1,False,False,False
374,CASH_OUT,164770.1,0.0,0,False,False,False
374,CASH_OUT,207159.01,0.0,0,False,False,False
374,CASH_OUT,126587.54,0.0,0,False,False,False
374,TRANSFER,700523.69,0.0,1,False,False,False
374,CASH_OUT,191675.31,0.0,0,False,False,False
374,CASH_OUT,201534.36,0.0,0,False,False,False
374,CASH_OUT,700523.69,0.0,1,False,False,False
374,CASH_OUT,143332.45,0.0,0,False,False,False
374,TRANSFER,988973.54,0.034616441387677936,0,False,False,False
374,CASH_OUT,66433.57,0.0,0,False,False,False
374,CASH_OUT,123126.13,0.0,0,False,False,False
374,CASH_OUT,255850.17,0.0,0,False,False,False
374,TRANSFER,645677.86,0.0,0,False,False,False
374,CASH_OUT,202295.13,0.0,0,False,False,False
374,CASH_OUT,274650.99,0.0,0,False,False,False
374,CASH_OUT,323585.25,0.0,0,False,False,False
374,CASH_OUT,53538.02,0.0,0,False,False,False
374,CASH_OUT,226642.47,0.0,0,False,False,False
374,CASH_OUT,156973.32,0.0,0,False,False,False
374,CASH_OUT,156742.02,0.0,0,False,False,False
374,CASH_OUT,288975.0,0.0,0,False,False,False
375,CASH_OUT,73582.06,0.0,0,False,False,False
375,CASH_OUT,22387.44,0.0,0,False,False,False
375,TRANSFER,61036.54,0.009932652850794414,0,False,False,False
375,TRANSFER,3329051.14,0.0,0,False,False,False
375,CASH_OUT,196773.3,0.0,0,False,False,False
375,CASH_OUT,299904.85,0.0,0,False,False,False
375,TRANSFER,7530236.74,0.0,0,False,False,False
375,CASH_OUT,35876.03,0.0,0,False,False,False
375,CASH_OUT,4319.7,0.0,0,False,False,False
375,CASH_OUT,145280.55,0.0,0,False,False,False
375,TRANSFER,148100.25,0.03474712150020044,0,False,False,False
375,CASH_OUT,20554.46,0.0,0,False,False,False
375,CASH_OUT,24382.91,0.0,0,False,False,False
375,CASH_OUT,205011.18,0.0,0,False,False,False
375,CASH_OUT,67476.64,0.0,0,False,False,False
375,CASH_OUT,210512.03,0.0,0,False,False,False
375,CASH_OUT,135188.76,0.0,0,False,False,False
375,CASH_OUT,214748.61,0.0,0,False,False,False
375,CASH_OUT,155605.09,0.0,0,False,False,False
375,TRANSFER,3285134.66,0.029784849279731306,0,False,False,False
375,TRANSFER,431138.56,0.0,0,False,False,False
375,CASH_OUT,178725.08,0.0,0,False,False,False
375,CASH_OUT,161407.72,0.0,0,False,False,False
375,CASH_OUT,42779.98,0.0,0,False,False,False
375,CASH_OUT,289657.11,0.0,0,False,False,False
375,TRANSFER,161673.46,0.0,0,False,False,False
375,CASH_OUT,2083.24,0.0,0,False,False,False
375,CASH_OUT,107676.71,0.0,0,False,False,False
375,CASH_OUT,226017.2,0.0,0,False,False,False
375,CASH_OUT,92472.73,0.0,0,False,False,False
375,TRANSFER,77584.1,0.0,0,False,False,False
375,CASH_OUT,352141.54,0.0,0,False,False,False
375,CASH_OUT,104022.13,0.0,0,False,False,False
375,TRANSFER,46890.13,0.0,0,False,False,False
375,CASH_OUT,277099.19,0.0,0,False,False,False
375,CASH_OUT,160253.02,0.0,0,False,False,False
375,CASH_OUT,234009.91,0.0,0,False,False,False
375,CASH_OUT,424813.09,0.0,0,False,False,False
375,CASH_OUT,44902.91,0.0,0,False,False,False
375,CASH_OUT,454728.59,0.0,0,False,False,False
375,CASH_OUT,369091.99,0.0,0,False,False,False
375,TRANSFER,385567.18,0.0,1,False,False,False
375,CASH_OUT,205134.3,0.0,0,False,False,False
375,CASH_OUT,62712.92,0.0,0,False,False,False
375,CASH_OUT,139981.42,0.0,0,False,False,False
375,CASH_OUT,302081.03,0.0,0,False,False,False
375,CASH_OUT,84341.84,0.0,0,False,False,False
375,CASH_OUT,361752.99,0.0,0,False,False,False
376,TRANSFER,965205.97,0.003439274992445082,0,False,False,False
376,CASH_OUT,135148.69,0.0,0,False,False,False
376,CASH_OUT,181146.59,0.0,0,False,False,False
376,CASH_OUT,467331.11,0.0,0,False,False,False
376,TRANSFER,494646.8,0.0,0,False,False,False
376,CASH_OUT,323008.01,0.0,0,False,False,False
376,CASH_OUT,31938.0,0.0,0,False,False,False
376,CASH_OUT,263275.42,0.0,0,False,False,False
376,CASH_OUT,43427.39,0.0,0,False,False,False
376,CASH_OUT,20801.71,0.0,0,False,False,False
376,CASH_OUT,166769.64,0.0,0,False,False,False
376,TRANSFER,138930.43,0.0,0,False,False,False
376,CASH_OUT,213573.88,0.0,0,False,False,False
376,TRANSFER,1365901.41,0.00990821695838534,0,False,False,False
376,CASH_OUT,230320.57,0.0,0,False,False,False
376,CASH_OUT,328448.83,0.0,0,False,False,False
376,CASH_OUT,191381.37,0.0,0,False,False,False
376,CASH_OUT,141948.66,0.0,0,False,False,False
376,CASH_OUT,211252.82,0.0,0,False,False,False
376,CASH_OUT,16931.03,0.0,0,False,False,False
376,CASH_OUT,154596.36,0.0,0,False,False,False
376,CASH_OUT,473960.6,0.0,0,False,False,False
376,TRANSFER,5101166.18,0.0,0,False,False,False
376,CASH_OUT,290867.42,0.0,0,False,False,False
376,TRANSFER,3469135.16,0.05457674067251132,0,False,False,False
376,CASH_OUT,300504.07,0.0,0,False,False,False
376,TRANSFER,378790.48,0.0,0,False,False,False
376,CASH_OUT,52275.13,0.0,0,False,False,False
376,CASH_OUT,132274.9,0.0,0,False,False,False
376,TRANSFER,712690.89,0.0,0,False,False,False
376,CASH_OUT,248258.93,0.0,0,False,False,False
376,TRANSFER,900579.75,0.0,0,False,False,False
376,TRANSFER,3609883.55,0.0,0,False,False,False
376,CASH_OUT,229672.0,0.0,0,False,False,False
376,CASH_OUT,61743.72,0.0,0,False,False,False
376,TRANSFER,117812.52,0.0,0,False,False,False
376,TRANSFER,449032.97,0.0,1,False,False,False
376,TRANSFER,248123.95,0.0,1,False,False,False
376,CASH_OUT,483998.53,0.0,0,False,False,False
376,CASH_OUT,179900.1,0.0,0,False,False,False
376,CASH_OUT,19635.6,0.0,0,False,False,False
376,CASH_OUT,141358.93,0.0,0,False,False,False
376,CASH_OUT,30402.26,0.0,0,False,False,False
376,CASH_OUT,209014.06,0.0,0,False,False,False
376,CASH_OUT,57237.3,0.0,0,False,False,False
376,CASH_OUT,274582.8,0.0,0,False,False,False
376,CASH_OUT,153233.42,0.0,0,False,False,False
377,CASH_OUT,121571.92,0.0,0,False,False,False
377,CASH_OUT,170149.5,0.0,0,False,False,False
377,CASH_OUT,489033.93,0.0943633480877197,1,False,False,False
377,TRANSFER,929839.57,0.0,0,False,False,False
377,CASH_OUT,206779.71,0.0,0,False,False,False
377,CASH_OUT,67253.78,0.0,0,False,False,False
377,CASH_OUT,54211.06,0.0,0,False,False,False
377,TRANSFER,570930.15,0.0,0,False,False,False
377,CASH_OUT,153550.74,0.0,0,False,False,False
377,CASH_OUT,93263.18,0.0,0,False,False,False
377,TRANSFER,303936.68,0.0,0,False,False,False
377,CASH_OUT,472340.3,0.0,0,False,False,False
377,CASH_OUT,221030.56,0.0,0,False,False,False
377,TRANSFER,2344540.14,0.302373163177901,1,True,False,False
377,CASH_OUT,186039.45,0.0,0,False,False,False
377,CASH_OUT,331070.42,0.0,0,False,False,False
377,CASH_OUT,129488.86,0.0,0,False,False,False
377,CASH_OUT,80845.88,0.0,0,False,False,False
377,CASH_OUT,2344540.14,0.9998559635900162,1,True,True,True
377,CASH_OUT,87437.12,0.0,0,False,False,False
377,CASH_OUT,3274.75,0.0,0,False,False,False
377,CASH_OUT,196213.94,0.0,0,False,False,False
377,CASH_OUT,177311.04,0.0,0,False,False,False
377,CASH_OUT,56710.01,0.0,0,False,False,False
377,CASH_OUT,111745.98,0.0,0,False,False,False
377,CASH_OUT,65110.57,0.0,0,False,False,False
377,CASH_OUT,187561.43,0.0,0,False,False,False
377,TRANSFER,192248.0,0.0,0,False,False,False
377,CASH_OUT,179564.17,0.0,0,False,False,False
377,CASH_OUT,185020.81,0.0,0,False,False,False
377,CASH_OUT,263578.88,0.0,0,False,False,False
377,CASH_OUT,22694.98,0.0,0,False,False,False
377,CASH_OUT,412541.04,0.0,0,False,False,False
377,TRANSFER,599740.14,0.014853488508220943,0,False,False,False
377,CASH_OUT,131564.05,0.0,0,False,False,False
377,CASH_OUT,249463.99,0.0,0,False,False,False
377,CASH_OUT,528828.66,0.0,0,False,False,False
377,TRANSFER,745125.91,0.0,0,False,False,False
377,TRANSFER,1413844.09,0.0,0,False,False,False
377,TRANSFER,159061.67,0.0,0,False,False,False
377,CASH_OUT,212116.04,0.0,0,False,False,False
377,CASH_OUT,137093.04,0.0,0,False,False,False
377,TRANSFER,220275.26,0.0,0,False,False,False
377,CASH_OUT,241043.89,0.0,0,False,False,False
377,CASH_OUT,71742.89,0.0,0,False,False,False
377,CASH_OUT,232390.23,0.0,0,False,False,False
378,CASH_OUT,404881.02,0.0,0,False,False,False
378,CASH_OUT,244984.62,0.0,0,False,False,False
378,TRANSFER,110930.74,0.0,0,False,False,False
378,CASH_OUT,313349.46,0.0,0,False,False,False
378,CASH_OUT,131903.28,0.0,0,False,False,False
378,CASH_OUT,131015.41,0.0,0,False,False,False
378,CASH_OUT,201592.26,0.0,0,False,False,False
378,CASH_OUT,263992.32,0.0,0,False,False,False
378,CASH_OUT,257162.69,0.0,0,False,False,False
378,CASH_OUT,111710.87,0.0,0,False,False,False
378,CASH_OUT,297229.71,0.0,0,False,False,False
378,CASH_OUT,14145.75,0.0,0,False,False,False
378,CASH_OUT,185499.08,0.0,0,False,False,False
378,TRANSFER,421397.2,0.0,0,False,False,False
378,CASH_OUT,20985.71,0.0,0,False,False,False
378,TRANSFER,47693.82,0.0,0,False,False,False
378,CASH_OUT,154311.47,0.0,0,False,False,False
378,CASH_OUT,124548.94,0.0,0,False,False,False
378,CASH_OUT,8931.91,0.0,0,False,False,False
378,CASH_OUT,315733.61,0.0,0,False,False,False
378,CASH_OUT,59580.93,0.0,0,False,False,False
378,CASH_OUT,58763.1,0.0,0,False,False,False
378,CASH_OUT,177772.1,0.0,0,False,False,False
378,CASH_OUT,149240.0,0.0,0,False,False,False
378,CASH_OUT,99.23,0.0,0,False,False,False
378,CASH_OUT,61550.86,0.0,0,False,False,False
378,TRANSFER,357420.14,0.0,0,False,False,False
378,CASH_OUT,153491.62,0.0,0,False,False,False
378,TRANSFER,327092.27,0.0,0,False,False,False
378,CASH_OUT,249744.42,0.0,0,False,False,False
378,CASH_OUT,344081.21,0.0,0,False,False,False
378,TRANSFER,414174.54,0.0,0,False,False,False
378,CASH_OUT,144482.33,0.0,0,False,False,False
378,CASH_OUT,49713.23,0.0,0,False,False,False
378,CASH_OUT,28728.05,0.0,0,False,False,False
378,CASH_OUT,64911.52,0.0,0,False,False,False
378,CASH_OUT,175714.21,0.0,0,False,False,False
378,CASH_OUT,133150.42,0.0,0,False,False,False
378,CASH_OUT,192815.77,0.0,1,False,False,False
378,CASH_OUT,199963.58,0.0,0,False,False,False
378,CASH_OUT,131133.02,0.0,0,False,False,False
378,CASH_OUT,17571.75,0.0,0,False,False,False
378,CASH_OUT,515.35,0.004949999365071303,0,False,False,False
378,TRANSFER,804198.25,0.0,0,False,False,False
378,CASH_OUT,266329.69,0.0,0,False,False,False
378,CASH_OUT,164851.26,0.0,0,False,False,False
378,CASH_OUT,50477.91,0.0,0,False,False,False
378,CASH_OUT,123355.14,0.0,0,False,False,False
378,CASH_OUT,194027.93,0.0,0,False,False,False
378,CASH_OUT,94342.8,0.0,0,False,False,False
378,CASH_OUT,120582.86,0.0,0,False,False,False
378,CASH_OUT,19099.57,0.0,0,False,False,False
378,CASH_OUT,68413.71,0.0,0,False,False,False
378,CASH_OUT,267112.4,0.0,0,False,False,False
378,CASH_OUT,110556.53,0.0,0,False,False,False
378,CASH_OUT,82428.93,0.0,0,False,False,False
378,TRANSFER,59150.61,0.0,0,False,False,False
378,TRANSFER,11729.9,0.41693229323397873,0,True,False,False
378,CASH_OUT,69013.09,0.0,0,False,False,False
378,CASH_OUT,126704.17,0.0,0,False,False,False
378,TRANSFER,1728231.01,0.0,0,False,False,False
378,CASH_OUT,156266.68,0.0,0,False,False,False
378,CASH_OUT,307219.16,0.0,0,False,False,False
378,CASH_OUT,150169.09,0.0,0,False,False,False
378,TRANSFER,649414.22,0.0,0,False,False,False
378,CASH_OUT,332357.2,0.0,0,False,False,False
378,TRANSFER,964693.97,0.0,0,False,False,False
378,CASH_OUT,221295.18,0.0,0,False,False,False
378,CASH_OUT,164326.74,0.0,0,False,False,False
378,CASH_OUT,46433.99,0.0,0,False,False,False
378,CASH_OUT,132191.57,0.0,0,False,False,False
378,CASH_OUT,168606.3,0.0,0,False,False,False
378,CASH_OUT,162017.89,0.00994408907049829,0,False,False,False
378,CASH_OUT,161191.93,0.0,0,False,False,False
378,CASH_OUT,162676.46,0.0,0,False,False,False
378,CASH_OUT,57838.38,0.0,0,False,False,False
378,CASH_OUT,8283.8,0.0,0,False,False,False
379,CASH_OUT,112340.98,0.0,0,False,False,False
379,CASH_OUT,59876.06,0.0,0,False,False,False
379,TRANSFER,65313.99,0.0,0,False,False,False
379,CASH_OUT,249028.12,0.0,0,False,False,False
379,CASH_OUT,65629.18,0.0,0,False,False,False
379,CASH_OUT,107190.77,0.0,0,False,False,False
379,CASH_OUT,47456.75,0.0,0,False,False,False
379,CASH_OUT,99333.34,0.0,0,False,False,False
379,CASH_OUT,19328.74,0.0,0,False,False,False
379,CASH_OUT,4364.86,0.0,0,False,False,False
379,CASH_OUT,70756.56,0.0,0,False,False,False
379,CASH_OUT,221780.57,0.0,0,False,False,False
379,CASH_OUT,148057.71,0.0,0,False,False,False
379,TRANSFER,930202.06,0.0,0,False,False,False
379,TRANSFER,630242.44,0.0,0,False,False,False
379,CASH_OUT,255610.56,0.0,0,False,False,False
379,CASH_OUT,244900.58,0.0,0,False,False,False
379,CASH_OUT,102602.64,0.0,0,False,False,False
379,CASH_OUT,160206.03,0.0,0,False,False,False
379,TRANSFER,52523.07,0.0,0,False,False,False
379,CASH_OUT,394069.34,0.0,0,False,False,False
379,TRANSFER,289746.95,0.0,0,False,False,False
379,TRANSFER,17216.14,0.039666203463328206,1,False,False,False
379,CASH_OUT,114268.13,0.0,0,False,False,False
379,CASH_OUT,236744.01,0.0,0,False,False,False
379,CASH_OUT,344591.67,0.0,0,False,False,False
379,CASH_OUT,12121.68,0.0,0,False,False,False
379,CASH_OUT,90428.6,0.0,0,False,False,False
379,CASH_OUT,239329.96,0.0,0,False,False,False
379,CASH_OUT,332298.72,0.0,0,False,False,False
379,CASH_OUT,168675.98,0.0,0,False,False,False
379,CASH_OUT,214491.09,0.0,0,False,False,False
379,CASH_OUT,121866.58,0.0,0,False,False,False
379,CASH_OUT,177629.21,0.0,0,False,False,False
379,CASH_OUT,9794.15,0.0,0,False,False,False
379,CASH_OUT,138020.74,0.0,0,False,False,False
379,CASH_OUT,259302.05,0.0,0,False,False,False
379,CASH_OUT,82052.62,0.0,0,False,False,False
379,CASH_OUT,2983996.6,0.9746894963597164,1,True,True,True
379,CASH_OUT,241481.13,0.0,0,False,False,False
379,TRANSFER,396485.03,0.0,0,False,False,False
379,CASH_OUT,83352.97,0.0,0,False,False,False
379,CASH_OUT,133525.36,0.0,0,False,False,False
379,CASH_OUT,253472.3,0.0,0,False,False,False
379,CASH_OUT,361591.82,0.004973681775985657,0,False,False,False
379,CASH_OUT,242748.57,0.0,0,False,False,False
379,CASH_OUT,31291.07,0.0,0,False,False,False
379,TRANSFER,8589.34,0.05962631172710779,0,False,False,False
379,CASH_OUT,86443.84,0.0,0,False,False,False
379,CASH_OUT,31387.52,0.0,0,False,False,False
379,CASH_OUT,145219.35,0.0,0,False,False,False
379,CASH_OUT,67515.99,0.0,0,False,False,False
379,CASH_OUT,42563.55,0.0,0,False,False,False
379,CASH_OUT,298651.49,0.0,0,False,False,False
379,CASH_OUT,40017.19,0.0,0,False,False,False
379,CASH_OUT,194933.88,0.0,0,False,False,False
379,TRANSFER,780216.51,0.024845975000274155,0,False,False,False
379,CASH_OUT,174059.18,0.0,0,False,False,False
379,CASH_OUT,150651.19,0.0,0,False,False,False
379,CASH_OUT,78325.92,0.0,0,False,False,False
379,CASH_OUT,171991.62,0.0,0,False,False,False
379,CASH_OUT,10555.06,0.0,0,False,False,False
379,CASH_OUT,130640.06,0.0,0,False,False,False
379,CASH_OUT,62322.94,0.0,0,False,False,False
379,CASH_OUT,5130.89,0.0,0,False,False,False
379,CASH_OUT,120864.16,0.0,0,False,False,False
379,TRANSFER,78356.61,0.0,0,False,False,False
379,CASH_OUT,48186.48,0.0,0,False,False,False
379,TRANSFER,1777919.22,0.0,0,False,False,False
379,CASH_OUT,107263.8,0.0,0,False,False,False
379,CASH_OUT,164181.56,0.0,0,False,False,False
379,CASH_OUT,206141.6,0.0,0,False,False,False
379,CASH_OUT,243370.51,0.0,0,False,False,False
379,CASH_OUT,30407.38,0.0,0,False,False,False
379,TRANSFER,309761.0,0.242831360977346,0,True,False,False
379,CASH_OUT,303617.19,0.0,0,False,False,False
379,CASH_OUT,332625.91,0.0,0,False,False,False
379,TRANSFER,196746.33,0.0,0,False,False,False
379,CASH_OUT,244199.48,0.0,0,False,False,False
379,CASH_OUT,223491.14,0.0,0,False,False,False
379,CASH_OUT,233393.42,0.0,0,False,False,False
379,CASH_OUT,325323.58,0.0,0,False,False,False
379,CASH_OUT,104730.09,0.0,0,False,False,False
379,CASH_OUT,17857.29,0.0,0,False,False,False
379,CASH_OUT,99324.32,0.0,0,False,False,False
379,CASH_OUT,87355.05,0.0,0,False,False,False
379,TRANSFER,568069.16,0.0,0,False,False,False
379,CASH_OUT,24141.63,0.0,0,False,False,False
379,CASH_OUT,76385.56,0.0,0,False,False,False
379,CASH_OUT,257206.28,0.0,0,False,False,False
379,CASH_OUT,191014.65,0.0,0,False,False,False
379,CASH_OUT,249776.68,0.0,0,False,False,False
379,CASH_OUT,367987.8,0.0,0,False,False,False
379,CASH_OUT,157556.94,0.0,0,False,False,False
379,CASH_OUT,58444.01,0.0,0,False,False,False
380,CASH_OUT,319976.8,0.0,0,False,False,False
380,CASH_OUT,19409.29,0.0,0,False,False,False
380,CASH_OUT,26077.5,0.0,0,False,False,False
380,CASH_OUT,276260.88,0.0,0,False,False,False
380,CASH_OUT,231968.37,0.0,0,False,False,False
380,TRANSFER,51851.21,0.0,0,False,False,False
380,CASH_OUT,66214.93,0.0,0,False,False,False
380,CASH_OUT,186634.35,0.0,0,False,False,False
380,CASH_OUT,40501.4,0.0,0,False,False,False
380,CASH_OUT,180876.58,0.0,0,False,False,False
380,CASH_OUT,134206.86,0.0,0,False,False,False
380,TRANSFER,1458047.24,0.004637387152906884,0,False,False,False
380,CASH_OUT,111056.19,0.0,0,False,False,False
380,CASH_OUT,330218.85,0.0,1,False,False,False
380,CASH_OUT,27104.51,0.0,0,False,False,False
380,CASH_OUT,292646.15,0.0,0,False,False,False
380,TRANSFER,61375.76,0.0,0,False,False,False
380,TRANSFER,2784.51,0.09434795159465402,1,False,False,False
380,TRANSFER,130256.13,0.0,0,False,False,False
380,CASH_OUT,39092.81,0.0,0,False,False,False
380,CASH_OUT,231290.73,0.0,0,False,False,False
380,CASH_OUT,188055.42,0.0,0,False,False,False
380,CASH_OUT,592673.8,0.18851062493502327,0,True,False,False
380,CASH_OUT,127650.91,0.0,0,False,False,False
380,CASH_OUT,260363.52,0.0,0,False,False,False
380,CASH_OUT,399847.23,0.0,0,False,False,False
380,CASH_OUT,66174.93,0.0,0,False,False,False
380,CASH_OUT,274569.63,0.0,0,False,False,False
380,CASH_OUT,34950.43,0.0,0,False,False,False
380,TRANSFER,799797.88,0.02482891886031668,1,False,False,False
380,TRANSFER,551584.48,0.0,0,False,False,False
380,CASH_OUT,103807.33,0.0,0,False,False,False
380,CASH_OUT,290678.63,0.0,0,False,False,False
380,CASH_OUT,356597.8,0.0,0,False,False,False
380,CASH_OUT,100584.83,0.0,0,False,False,False
380,CASH_OUT,80828.54,0.0,0,False,False,False
380,CASH_OUT,230618.39,0.0,0,False,False,False
380,TRANSFER,1745859.12,0.08437742773571015,0,False,False,False
380,CASH_OUT,104884.02,0.0,0,False,False,False
380,CASH_OUT,282812.35,0.0,0,False,False,False
380,TRANSFER,465009.91,0.0,0,False,False,False
380,CASH_OUT,166879.22,0.0,0,False,False,False
380,CASH_OUT,25505.1,0.0,0,False,False,False
380,TRANSFER,470861.72,0.0,0,False,False,False
380,CASH_OUT,95065.79,0.0,0,False,False,False
380,CASH_OUT,196866.19,0.0,0,False,False,False
380,CASH_OUT,61900.53,0.0,0,False,False,False
380,CASH_OUT,278199.43,0.0,0,False,False,False
380,CASH_OUT,104101.14,0.0,0,False,False,False
380,CASH_OUT,25886.61,0.0,0,False,False,False
380,CASH_OUT,41127.94,0.0,0,False,False,False
380,CASH_OUT,121678.97,0.0,0,False,False,False
380,CASH_OUT,29621.67,0.0,0,False,False,False
380,CASH_OUT,103400.98,0.0,0,False,False,False
380,CASH_OUT,360583.87,0.0,0,False,False,False
380,TRANSFER,1078773.94,0.0,0,False,False,False
380,TRANSFER,1629624.24,0.014250157967419979,0,False,False,False
380,CASH_OUT,100368.54,0.0,0,False,False,False
380,CASH_OUT,24909.22,0.0,0,False,False,False
380,TRANSFER,166322.35,0.004978685833982605,0,False,False,False
380,TRANSFER,701705.27,0.0,0,False,False,False
380,TRANSFER,1190605.61,0.0,0,False,False,False
380,CASH_OUT,269218.25,0.0,0,False,False,False
380,CASH_OUT,356708.02,0.0,0,False,False,False
380,CASH_OUT,64975.46,0.0,0,False,False,False
380,TRANSFER,215234.23,0.0,0,False,False,False
380,CASH_OUT,204017.97,0.0,0,False,False,False
380,CASH_OUT,85965.5,0.0,0,False,False,False
381,CASH_OUT,175924.73,0.0,0,False,False,False
381,CASH_OUT,96604.14,0.0,0,False,False,False
381,CASH_OUT,158990.46,0.0,0,False,False,False
381,CASH_OUT,48323.55,0.0,0,False,False,False
381,TRANSFER,341997.36,0.0,0,False,False,False
381,CASH_OUT,176260.03,0.0,0,False,False,False
381,CASH_OUT,162951.93,0.0,0,False,False,False
381,CASH_OUT,73305.92,0.0,0,False,False,False
381,CASH_OUT,50436.38,0.0,0,False,False,False
381,CASH_OUT,73279.19,0.0,0,False,False,False
381,TRANSFER,68010.61,0.0,0,False,False,False
381,CASH_OUT,15201.49,0.0,0,False,False,False
381,CASH_OUT,30780.62,0.0,0,False,False,False
381,CASH_OUT,62547.12,0.0,0,False,False,False
381,CASH_OUT,118324.43,0.0,0,False,False,False
381,CASH_OUT,356281.82,0.0,0,False,False,False
381,CASH_OUT,150774.59,0.0,0,False,False,False
381,CASH_OUT,81877.73,0.0,0,False,False,False
381,TRANSFER,102256.57,0.0,1,False,False,False
381,TRANSFER,801463.34,0.08914427024707734,0,False,False,False
381,CASH_OUT,212786.58,0.0,0,False,False,False
381,CASH_OUT,414680.27,0.0,0,False,False,False
381,CASH_OUT,51008.97,0.0,0,False,False,False
381,TRANSFER,245884.42,0.0,0,False,False,False
381,CASH_OUT,162839.24,0.0,0,False,False,False
381,TRANSFER,703882.14,0.25790604938397493,1,True,False,False
381,CASH_OUT,16407.08,0.0,0,False,False,False
381,CASH_OUT,109678.42,0.0,0,False,False,False
382,CASH_OUT,358816.62,0.05447990547699411,0,False,False,False
382,TRANSFER,215096.73,0.009949644659614286,0,False,False,False
382,CASH_OUT,42035.06,0.0,0,False,False,False
382,CASH_OUT,197550.78,0.0,0,False,False,False
382,TRANSFER,1429173.05,0.0048460012035429975,0,False,False,False
382,CASH_OUT,212266.95,0.0,0,False,False,False
382,CASH_OUT,88456.51,0.0,0,False,False,False
382,CASH_OUT,145890.59,0.0,0,False,False,False
382,CASH_OUT,67235.12,0.004895161113047629,0,False,False,False
382,CASH_OUT,190236.56,0.0,0,False,False,False
382,CASH_OUT,227910.66,0.0,0,False,False,False
382,CASH_OUT,89229.41,0.0,0,False,False,False
382,CASH_OUT,150115.22,0.0,0,False,False,False
382,CASH_OUT,207078.61,0.0,0,False,False,False
382,CASH_OUT,50957.76,0.0,0,False,False,False
382,CASH_OUT,143620.25,0.0,0,False,False,False
382,TRANSFER,257746.12,0.0,0,False,False,False
382,CASH_OUT,1595587.46,0.8418967999196638,1,True,True,False
382,CASH_OUT,6085.3,0.0,1,False,False,False
382,CASH_OUT,268499.37,0.0,0,False,False,False
382,TRANSFER,84145.93,0.0,0,False,False,False
382,CASH_OUT,39291.2,0.0,0,False,False,False
383,CASH_OUT,305310.56,0.0,0,False,False,False
383,TRANSFER,796241.52,0.07937687506686283,0,False,False,False
383,TRANSFER,150406.91,0.0,1,False,False,False
383,CASH_OUT,4731371.88,0.9698378322905225,1,True,True,True
383,TRANSFER,4104942.7,0.14873544296646565,1,True,False,False
383,TRANSFER,469597.77,0.0,0,False,False,False
383,CASH_OUT,25481.84,0.0,0,False,False,False
383,TRANSFER,177622.2,0.019855784879826126,0,False,False,False
384,CASH_OUT,18755.89,0.02463751927399041,0,False,False,False
384,CASH_OUT,147164.11,0.0,0,False,False,False
384,TRANSFER,56517.37,0.004984546075609125,1,False,False,False
384,CASH_OUT,7863.03,0.32207666093901466,0,True,False,False
384,CASH_OUT,82493.26,0.004991052306392078,0,False,False,False
385,CASH_OUT,228121.55,0.004982678891576893,0,False,False,False
385,CASH_OUT,284687.13,0.004964273659943833,0,False,False,False
386,TRANSFER,266830.81,0.3476110107710432,0,True,False,False
387,CASH_OUT,10000000.0,0.9549362750224512,1,True,True,True
387,CASH_OUT,245970.86,0.5955946118559741,1,True,True,False
388,TRANSFER,236388.4,0.5031620234712699,1,True,True,False
388,CASH_OUT,2641674.43,0.9848429755780218,1,True,True,True
390,TRANSFER,638693.49,0.5516078529636773,1,True,True,False
390,CASH_OUT,1084144.37,0.9242657819163863,1,True,True,True
391,CASH_OUT,4559921.56,0.9996776834757328,1,True,True,True
392,CASH_OUT,92001.22,0.004736838907437168,1,False,False,False
393,CASH_OUT,325956.0,0.0,0,False,False,False
393,CASH_OUT,53794.72,0.0,0,False,False,False
393,CASH_OUT,153018.62,0.0,0,False,False,False
393,CASH_OUT,137539.42,0.0,0,False,False,False
393,CASH_OUT,49748.0,0.0,0,False,False,False
393,CASH_OUT,249006.73,0.0,0,False,False,False
393,TRANSFER,1534096.25,0.14376660024061622,0,True,False,False
393,TRANSFER,772753.6,0.0,0,False,False,False
393,TRANSFER,2811382.21,0.004643485797510657,0,False,False,False
393,CASH_OUT,31400.37,0.0,0,False,False,False
393,CASH_OUT,76242.34,0.0,0,False,False,False
393,CASH_OUT,634404.02,0.03386661165844733,0,False,False,False
393,CASH_OUT,454105.42,0.0,0,False,False,False
393,CASH_OUT,122786.6,0.0,0,False,False,False
393,CASH_OUT,135929.71,0.0,0,False,False,False
393,CASH_OUT,59329.16,0.0,0,False,False,False
393,CASH_OUT,98704.3,0.0,0,False,False,False
393,CASH_OUT,108219.97,0.0,0,False,False,False
393,CASH_OUT,532544.17,0.0,0,False,False,False
393,CASH_OUT,249450.32,0.0,0,False,False,False
393,CASH_OUT,518780.9,0.0,0,False,False,False
393,CASH_OUT,402372.19,0.0,0,False,False,False
393,TRANSFER,769896.64,0.0,0,False,False,False
393,CASH_OUT,115217.78,0.0,0,False,False,False
393,CASH_OUT,114776.72,0.0,0,False,False,False
393,CASH_OUT,604222.61,0.20248846945847862,0,True,False,False
393,CASH_OUT,282231.81,0.0,0,False,False,False
393,TRANSFER,5166904.21,0.049145845456210785,0,False,False,False
393,CASH_OUT,150818.77,0.0,0,False,False,False
393,TRANSFER,890252.34,0.0,0,False,False,False
394,CASH_OUT,303175.98,0.0,0,False,False,False
394,CASH_OUT,43147.63,0.0,0,False,False,False
394,CASH_OUT,150495.94,0.0,0,False,False,False
394,CASH_OUT,94953.58,0.0,0,False,False,False
394,CASH_OUT,631358.82,0.0,0,False,False,False
394,CASH_OUT,163614.49,0.0,0,False,False,False
394,CASH_OUT,359637.5,0.0,0,False,False,False
394,CASH_OUT,274812.45,0.0,0,False,False,False
394,CASH_OUT,122426.33,0.0,0,False,False,False
394,CASH_OUT,37321.62,0.0,0,False,False,False
394,CASH_OUT,38507.11,0.0,0,False,False,False
394,CASH_OUT,164350.02,0.0,0,False,False,False
394,CASH_OUT,51500.76,0.0,0,False,False,False
394,CASH_OUT,483585.61,0.0,0,False,False,False
394,CASH_OUT,116137.99,0.0,0,False,False,False
394,CASH_OUT,223516.07,0.0,0,False,False,False
394,TRANSFER,1712542.7,0.0,0,False,False,False
394,CASH_OUT,206786.58,0.0,0,False,False,False
394,TRANSFER,1825379.29,0.044679182742220824,0,False,False,False
394,CASH_OUT,91238.05,0.0,0,False,False,False
394,CASH_OUT,118684.48,0.0,0,False,False,False
394,CASH_OUT,46562.66,0.0,0,False,False,False
394,CASH_OUT,137721.51,0.0,0,False,False,False
394,CASH_OUT,163061.67,0.0,0,False,False,False
394,TRANSFER,336456.72,0.0,0,False,False,False
394,TRANSFER,2598661.1,0.0049438667262884485,0,False,False,False
394,CASH_OUT,49562.9,0.0,0,False,False,False
394,CASH_OUT,31055.94,0.0,0,False,False,False
394,CASH_OUT,117850.92,0.0,0,False,False,False
394,CASH_OUT,43450.9,0.0,0,False,False,False
394,CASH_OUT,354095.17,0.0,0,False,False,False
394,CASH_OUT,201247.25,0.0,1,False,False,False
394,CASH_OUT,218157.77,0.0,0,False,False,False
394,TRANSFER,1845694.43,0.0,0,False,False,False
394,CASH_OUT,149717.79,0.0,0,False,False,False
394,TRANSFER,1037708.94,0.0,0,False,False,False
394,CASH_OUT,331554.66,0.0,0,False,False,False
394,CASH_OUT,147476.24,0.0,0,False,False,False
394,CASH_OUT,91627.2,0.0,0,False,False,False
394,CASH_OUT,366782.01,0.0,0,False,False,False
394,CASH_OUT,57486.12,0.0,0,False,False,False
394,TRANSFER,890601.75,0.0,0,False,False,False
394,CASH_OUT,232065.42,0.0,0,False,False,False
394,CASH_OUT,36190.55,0.0,0,False,False,False
394,CASH_OUT,43216.8,0.0,0,False,False,False
394,CASH_OUT,530195.46,0.0,0,False,False,False
394,CASH_OUT,743384.71,0.0,0,False,False,False
394,CASH_OUT,164302.65,0.0,0,False,False,False
394,CASH_OUT,142190.62,0.0,0,False,False,False
394,TRANSFER,1351560.06,0.0,0,False,False,False
394,CASH_OUT,359363.77,0.0,0,False,False,False
394,CASH_OUT,336186.24,0.0,0,False,False,False
394,CASH_OUT,153957.66,0.0,0,False,False,False
394,CASH_OUT,461020.51,0.0,0,False,False,False
394,CASH_OUT,226925.14,0.0,0,False,False,False
394,TRANSFER,528498.49,0.0,0,False,False,False
394,CASH_OUT,275238.19,0.0,0,False,False,False
394,CASH_OUT,145503.26,0.0,0,False,False,False
394,CASH_OUT,257641.64,0.0,0,False,False,False
394,CASH_OUT,16297.73,0.15378034171074026,0,True,False,False
394,CASH_OUT,55625.99,0.0,0,False,False,False
394,CASH_OUT,458984.52,0.0,0,False,False,False
394,CASH_OUT,361955.04,0.0,0,False,False,False
394,TRANSFER,234351.34,0.0,0,False,False,False
394,CASH_OUT,339082.95,0.0,0,False,False,False
395,CASH_OUT,15463.36,0.0,0,False,False,False
395,CASH_OUT,252633.03,0.0,0,False,False,False
395,CASH_OUT,347339.56,0.0,0,False,False,False
395,TRANSFER,1164466.67,0.0,0,False,False,False
395,CASH_OUT,436378.6,0.0,0,False,False,False
395,TRANSFER,855941.2,0.0,0,False,False,False
395,CASH_OUT,242652.78,0.0,0,False,False,False
395,CASH_OUT,91418.31,0.0,0,False,False,False
395,TRANSFER,144660.68,0.0,0,False,False,False
395,CASH_OUT,108370.82,0.0,0,False,False,False
395,CASH_OUT,222031.46,0.0,0,False,False,False
395,CASH_OUT,335730.24,0.0,0,False,False,False
395,CASH_OUT,1657.25,0.0,0,False,False,False
395,TRANSFER,335503.73,0.0,0,False,False,False
395,CASH_OUT,85793.85,0.0,0,False,False,False
395,TRANSFER,396840.37,0.0,0,False,False,False
395,CASH_OUT,55657.87,0.0,0,False,False,False
395,CASH_OUT,115286.7,0.0,0,False,False,False
395,CASH_OUT,253574.29,0.0,0,False,False,False
395,CASH_OUT,334867.21,0.0,0,False,False,False
395,CASH_OUT,34616.61,0.0,0,False,False,False
395,CASH_OUT,398857.3,0.0,0,False,False,False
395,TRANSFER,402995.2,0.0,0,False,False,False
395,CASH_OUT,2808.92,0.0,0,False,False,False
395,CASH_OUT,143071.0,0.0,0,False,False,False
395,CASH_OUT,238533.93,0.0,0,False,False,False
395,CASH_OUT,2640.88,0.0,0,False,False,False
395,CASH_OUT,210235.46,0.0,0,False,False,False
395,CASH_OUT,133918.8,0.0,0,False,False,False
395,CASH_OUT,29111.27,0.0,0,False,False,False
395,TRANSFER,489647.83,0.0,0,False,False,False
395,TRANSFER,63845.05,0.0,0,False,False,False
395,CASH_OUT,181646.2,0.0,0,False,False,False
396,CASH_OUT,216328.62,0.0,0,False,False,False
396,TRANSFER,2045374.82,0.0,0,False,False,False
396,CASH_OUT,3546.52,0.0,0,False,False,False
396,CASH_OUT,33305.44,0.0,0,False,False,False
396,TRANSFER,440672.97,0.0,0,False,False,False
396,CASH_OUT,256155.57,0.0,0,False,False,False
396,TRANSFER,503554.38,0.0742544483624032,0,False,False,False
396,CASH_OUT,214525.22,0.0,0,False,False,False
396,CASH_OUT,141158.49,0.0,0,False,False,False
396,CASH_OUT,140764.68,0.0,0,False,False,False
396,CASH_OUT,25175.65,0.0,0,False,False,False
396,CASH_OUT,297442.95,0.0,0,False,False,False
396,CASH_OUT,45331.49,0.0,0,False,False,False
396,TRANSFER,1488.7,0.0,0,False,False,False
396,CASH_OUT,269732.5,0.0,0,False,False,False
396,CASH_OUT,95405.4,0.004957315774245753,0,False,False,False
396,CASH_OUT,165934.6,0.0,0,False,False,False
396,CASH_OUT,198199.74,0.0,0,False,False,False
396,CASH_OUT,187037.09,0.0,0,False,False,False
396,CASH_OUT,141868.43,0.0,0,False,False,False
396,CASH_OUT,113533.41,0.0,0,False,False,False
396,CASH_OUT,138450.11,0.0,0,False,False,False
396,CASH_OUT,105982.4,0.0,0,False,False,False
396,TRANSFER,2186494.13,0.004902286327003564,0,False,False,False
396,CASH_OUT,177947.51,0.0,0,False,False,False
396,CASH_OUT,84438.48,0.0,0,False,False,False
396,TRANSFER,234377.64,0.0,0,False,False,False
396,CASH_OUT,19398.29,0.0,0,False,False,False
396,CASH_OUT,387659.01,0.0,0,False,False,False
396,CASH_OUT,55498.87,0.0,0,False,False,False
396,CASH_OUT,211194.25,0.0,0,False,False,False
396,TRANSFER,729623.73,0.0,0,False,False,False
396,CASH_OUT,310730.1,0.0,0,False,False,False
396,TRANSFER,58536.31,0.0,0,False,False,False
396,CASH_OUT,55328.93,0.0,0,False,False,False
396,CASH_OUT,27832.04,0.0,0,False,False,False
396,CASH_OUT,13568.33,0.0,0,False,False,False
396,TRANSFER,81809.93,0.0,0,False,False,False
396,CASH_OUT,86855.89,0.0,0,False,False,False
396,CASH_OUT,23582.11,0.0,0,False,False,False
396,CASH_OUT,80599.01,0.0,0,False,False,False
396,CASH_OUT,410292.69,0.0,0,False,False,False
396,CASH_OUT,578069.74,0.0,0,False,False,False
396,TRANSFER,516788.1,0.0,0,False,False,False
396,CASH_OUT,87.97,0.004907449089129045,0,False,False,False
396,CASH_OUT,356526.91,0.0,0,False,False,False
396,TRANSFER,968024.47,0.0,0,False,False,False
396,TRANSFER,143367.29,0.0,0,False,False,False
396,CASH_OUT,473100.25,0.0,0,False,False,False
396,TRANSFER,1356982.12,0.0,0,False,False,False
396,CASH_OUT,223197.08,0.0,0,False,False,False
396,CASH_OUT,257645.52,0.0,0,False,False,False
396,CASH_OUT,49056.81,0.0,0,False,False,False
396,CASH_OUT,119057.27,0.0,0,False,False,False
396,CASH_OUT,174018.18,0.0,0,False,False,False
396,CASH_OUT,117544.97,0.0,0,False,False,False
396,CASH_OUT,144060.52,0.0,0,False,False,False
396,CASH_OUT,250457.94,0.0,0,False,False,False
396,CASH_OUT,92396.29,0.0,0,False,False,False
396,CASH_OUT,123764.0,0.0,0,False,False,False
396,TRANSFER,793223.07,0.0,0,False,False,False
396,CASH_OUT,233699.25,0.0,1,False,False,False
396,TRANSFER,553659.47,0.0,0,False,False,False
396,CASH_OUT,50348.08,0.0,0,False,False,False
396,CASH_OUT,278868.61,0.0,0,False,False,False
396,CASH_OUT,90204.44,0.38147166924122006,0,True,False,False
396,CASH_OUT,380762.97,0.0,0,False,False,False
396,CASH_OUT,106813.13,0.0,0,False,False,False
396,TRANSFER,469972.83,0.0,0,False,False,False
396,CASH_OUT,332175.54,0.004981785704014495,0,False,False,False
396,CASH_OUT,249923.07,0.0,0,False,False,False
396,CASH_OUT,80993.07,0.0,0,False,False,False
396,CASH_OUT,121670.72,0.0,0,False,False,False
396,TRANSFER,1802207.2,0.0,0,False,False,False
396,CASH_OUT,37773.97,0.0,0,False,False,False
396,CASH_OUT,119703.06,0.0,0,False,False,False
397,TRANSFER,1400738.29,0.0,0,False,False,False
397,CASH_OUT,16024.19,0.0,0,False,False,False
397,CASH_OUT,213813.77,0.0,0,False,False,False
397,CASH_OUT,116939.61,0.0,0,False,False,False
397,CASH_OUT,159006.52,0.0,0,False,False,False
397,CASH_OUT,146869.9,0.0,0,False,False,False
397,CASH_OUT,465747.79,0.0,0,False,False,False
397,CASH_OUT,16642.01,0.0,0,False,False,False
397,CASH_OUT,3974.64,0.0,0,False,False,False
397,CASH_OUT,117471.25,0.0,0,False,False,False
397,TRANSFER,1680302.64,0.0,0,False,False,False
397,CASH_OUT,177718.12,0.0,0,False,False,False
397,CASH_OUT,212474.44,0.0,0,False,False,False
397,CASH_OUT,483492.14,0.0,0,False,False,False
397,TRANSFER,341411.42,0.0,0,False,False,False
397,CASH_OUT,286298.49,0.0,0,False,False,False
397,CASH_OUT,182249.8,0.0,0,False,False,False
397,CASH_OUT,40060.06,0.0,0,False,False,False
397,CASH_OUT,112179.99,0.0,0,False,False,False
397,CASH_OUT,7926.46,0.0,0,False,False,False
397,CASH_OUT,144213.92,0.0,0,False,False,False
397,CASH_OUT,246731.41,0.0,0,False,False,False
397,TRANSFER,2107997.33,0.0,1,False,False,False
397,CASH_OUT,249984.75,0.0,1,False,False,False
397,CASH_OUT,249692.15,0.0,0,False,False,False
397,CASH_OUT,240022.84,0.0,0,False,False,False
397,CASH_OUT,110108.52,0.0,0,False,False,False
397,CASH_OUT,40433.84,0.0,1,False,False,False
397,CASH_OUT,146316.63,0.0,0,False,False,False
397,CASH_OUT,227822.7,0.0,0,False,False,False
397,TRANSFER,268988.91,0.0,0,False,False,False
397,CASH_OUT,43764.91,0.0,0,False,False,False
397,CASH_OUT,146100.09,0.0,0,False,False,False
397,CASH_OUT,407364.0,0.0,0,False,False,False
397,CASH_OUT,27302.16,0.0,0,False,False,False
397,CASH_OUT,59942.15,0.0,0,False,False,False
397,CASH_OUT,13302.61,0.0,0,False,False,False
397,CASH_OUT,316026.66,0.0,0,False,False,False
397,CASH_OUT,163025.35,0.0,0,False,False,False
397,CASH_OUT,88799.19,0.0,0,False,False,False
397,CASH_OUT,75221.77,0.0,0,False,False,False
397,CASH_OUT,174484.01,0.0,0,False,False,False
397,CASH_OUT,129652.63,0.0,0,False,False,False
397,TRANSFER,69970.26,0.0,0,False,False,False
397,TRANSFER,13640.39,0.0,0,False,False,False
397,TRANSFER,939394.82,0.0,0,False,False,False
397,CASH_OUT,106442.26,0.0,0,False,False,False
397,CASH_OUT,468782.95,0.0,0,False,False,False
397,CASH_OUT,61370.86,0.0,0,False,False,False
397,CASH_OUT,316340.48,0.0,0,False,False,False
397,CASH_OUT,119219.8,0.0,0,False,False,False
397,CASH_OUT,32665.38,0.0,0,False,False,False
397,CASH_OUT,397845.64,0.0,0,False,False,False
397,CASH_OUT,9263.28,0.0,0,False,False,False
397,CASH_OUT,177010.01,0.0,0,False,False,False
397,CASH_OUT,418962.48,0.0,0,False,False,False
397,CASH_OUT,342581.37,0.0,0,False,False,False
398,TRANSFER,1560625.21,0.0,0,False,False,False
398,CASH_OUT,282685.64,0.0,0,False,False,False
398,CASH_OUT,250740.5,0.0,0,False,False,False
398,CASH_OUT,182518.35,0.0,0,False,False,False
398,CASH_OUT,200752.51,0.0,0,False,False,False
398,CASH_OUT,194056.49,0.0,0,False,False,False
398,CASH_OUT,6989.8,0.0,0,False,False,False
398,CASH_OUT,59631.12,0.0,0,False,False,False
398,TRANSFER,258808.91,0.0,0,False,False,False
398,CASH_OUT,113740.17,0.0,0,False,False,False
398,CASH_OUT,509788.15,0.0,0,False,False,False
398,CASH_OUT,105063.6,0.0,0,False,False,False
398,TRANSFER,357263.23,0.0,0,False,False,False
398,CASH_OUT,220800.77,0.0,0,False,False,False
398,CASH_OUT,29517.12,0.0,0,False,False,False
398,CASH_OUT,551425.32,0.0,0,False,False,False
398,CASH_OUT,37835.94,0.0,0,False,False,False
398,CASH_OUT,134993.35,0.0,0,False,False,False
398,CASH_OUT,232016.41,0.0,0,False,False,False
398,CASH_OUT,60437.55,0.0,0,False,False,False
398,CASH_OUT,425298.8,0.03453075594231902,0,False,False,False
398,TRANSFER,2604585.75,0.0,0,False,False,False
398,CASH_OUT,156291.32,0.0,0,False,False,False
398,CASH_OUT,436790.44,0.0,0,False,False,False
398,CASH_OUT,44205.71,0.0,0,False,False,False
398,CASH_OUT,59472.62,0.0,0,False,False,False
398,CASH_OUT,32564.85,0.0,0,False,False,False
398,CASH_OUT,540065.14,0.0,0,False,False,False
398,CASH_OUT,37845.6,0.0,0,False,False,False
398,CASH_OUT,75330.66,0.0,0,False,False,False
398,TRANSFER,3580542.06,0.014814426436264532,1,False,False,False
398,TRANSFER,371771.44,0.0,1,False,False,False
398,CASH_OUT,50722.16,0.0,1,False,False,False
398,TRANSFER,714016.49,0.0,0,False,False,False
398,TRANSFER,2087744.59,0.0,0,False,False,False
398,CASH_OUT,20326.72,0.0,0,False,False,False
398,CASH_OUT,340802.29,0.0,0,False,False,False
398,CASH_OUT,254395.41,0.0,0,False,False,False
398,CASH_OUT,4808.95,0.0,0,False,False,False
398,CASH_OUT,48073.18,0.0,0,False,False,False
398,TRANSFER,1435455.87,0.0,0,False,False,False
398,CASH_OUT,13347.37,0.0,0,False,False,False
398,CASH_OUT,279788.78,0.0,0,False,False,False
398,CASH_OUT,489739.51,0.0,0,False,False,False
398,CASH_OUT,252546.23,0.0,0,False,False,False
398,TRANSFER,525300.94,0.0,0,False,False,False
398,TRANSFER,262277.69,0.0,0,False,False,False
398,CASH_OUT,75180.66,0.0,0,False,False,False
398,CASH_OUT,48277.98,0.0,0,False,False,False
398,CASH_OUT,420947.24,0.0,0,False,False,False
398,CASH_OUT,244574.09,0.0,0,False,False,False
398,CASH_OUT,111351.43,0.0,0,False,False,False
398,CASH_OUT,352155.48,0.0,0,False,False,False
398,CASH_OUT,94538.11,0.0,0,False,False,False
398,CASH_OUT,362227.91,0.0,0,False,False,False
398,CASH_OUT,57681.74,0.0,0,False,False,False
398,CASH_OUT,151433.41,0.0,0,False,False,False
399,CASH_OUT,66564.49,0.0,0,False,False,False
399,CASH_OUT,10084.5,0.0,0,False,False,False
399,CASH_OUT,209080.5,0.0,0,False,False,False
399,CASH_OUT,49282.43,0.0,0,False,False,False
399,CASH_OUT,135777.01,0.0,0,False,False,False
399,TRANSFER,143676.49,0.0,0,False,False,False
399,CASH_OUT,192823.52,0.0,0,False,False,False
399,CASH_OUT,234381.96,0.0,0,False,False,False
399,CASH_OUT,281266.56,0.0,0,False,False,False
399,CASH_OUT,351676.46,0.0,0,False,False,False
399,TRANSFER,1167702.89,0.0,0,False,False,False
399,CASH_OUT,118244.13,0.0,0,False,False,False
399,CASH_OUT,28281.58,0.0,0,False,False,False
399,TRANSFER,955145.8,0.0,0,False,False,False
399,CASH_OUT,229455.34,0.0,0,False,False,False
399,TRANSFER,339965.44,0.0,0,False,False,False
399,TRANSFER,350017.08,0.0,1,False,False,False
399,CASH_OUT,132445.45,0.0,0,False,False,False
399,CASH_OUT,33059.57,0.0,0,False,False,False
399,CASH_OUT,35366.61,0.0,0,False,False,False
399,CASH_OUT,9084.62,0.0,0,False,False,False
399,CASH_OUT,29966.71,0.0,0,False,False,False
399,CASH_OUT,43698.79,0.0,0,False,False,False
399,TRANSFER,797406.82,0.009929968470427061,0,False,False,False
399,CASH_OUT,390864.1,0.0,0,False,False,False
399,CASH_OUT,84485.83,0.0,0,False,False,False
399,CASH_OUT,272243.58,0.0,0,False,False,False
399,CASH_OUT,35853.38,0.0,0,False,False,False
399,CASH_OUT,49818.92,0.0,0,False,False,False
399,CASH_OUT,110946.93,0.0,0,False,False,False
399,CASH_OUT,213238.77,0.0,0,False,False,False
399,TRANSFER,63167.23,0.0,0,False,False,False
399,CASH_OUT,134015.44,0.0,0,False,False,False
399,CASH_OUT,228536.14,0.0,0,False,False,False
399,CASH_OUT,81234.69,0.0,0,False,False,False
399,CASH_OUT,175993.11,0.0,0,False,False,False
399,CASH_OUT,99933.58,0.0,0,False,False,False
399,CASH_OUT,169410.62,0.0,0,False,False,False
399,CASH_OUT,177287.2,0.0,0,False,False,False
399,CASH_OUT,318071.15,0.0,0,False,False,False
399,CASH_OUT,243457.48,0.0,0,False,False,False
399,CASH_OUT,25273.35,0.0,0,False,False,False
399,CASH_OUT,16395.68,0.0,0,False,False,False
399,CASH_OUT,324556.95,0.0,0,False,False,False
399,TRANSFER,905171.61,0.0,0,False,False,False
399,CASH_OUT,131571.12,0.0,0,False,False,False
399,TRANSFER,2359569.9,0.0,0,False,False,False
399,CASH_OUT,315824.85,0.0,0,False,False,False
399,CASH_OUT,407264.53,0.0,0,False,False,False
399,CASH_OUT,77333.29,0.0,0,False,False,False
399,CASH_OUT,491742.93,0.0,0,False,False,False
399,CASH_OUT,49497.17,0.0,0,False,False,False
399,TRANSFER,258852.31,0.0,0,False,False,False
399,CASH_OUT,208300.46,0.0,0,False,False,False
399,CASH_OUT,189376.45,0.0,0,False,False,False
399,TRANSFER,930173.06,0.0,0,False,False,False
399,CASH_OUT,518602.74,0.0,0,False,False,False
399,CASH_OUT,187611.65,0.0,0,False,False,False
399,CASH_OUT,249394.04,0.0,0,False,False,False
399,CASH_OUT,1442075.9,0.6964651095982103,1,True,True,False
399,CASH_OUT,205509.31,0.0,0,False,False,False
399,CASH_OUT,154930.52,0.0,0,False,False,False
399,CASH_OUT,167195.6,0.0,0,False,False,False
399,CASH_OUT,48983.64,0.0,0,False,False,False
399,CASH_OUT,33788.96,0.0,0,False,False,False
399,CASH_OUT,214960.88,0.0,0,False,False,False
399,CASH_OUT,174747.6,0.0,0,False,False,False
399,CASH_OUT,529415.21,0.0,0,False,False,False
399,CASH_OUT,35050.06,0.0,0,False,False,False
399,CASH_OUT,525705.63,0.0,0,False,False,False
399,TRANSFER,1569649.84,0.0,0,False,False,False
399,CASH_OUT,644553.61,0.0,0,False,False,False
399,TRANSFER,1595361.42,0.0,0,False,False,False
400,TRANSFER,370797.69,0.0,0,False,False,False
400,TRANSFER,162953.48,0.0,0,False,False,False
400,CASH_OUT,58918.73,0.0,0,False,False,False
400,CASH_OUT,436757.76,0.0,1,False,False,False
400,TRANSFER,436757.76,0.0,1,False,False,False
400,CASH_OUT,249090.27,0.0,0,False,False,False
400,CASH_OUT,194942.18,0.0,0,False,False,False
400,CASH_OUT,197198.13,0.0,0,False,False,False
400,CASH_OUT,59500.43,0.0,0,False,False,False
400,CASH_OUT,51113.0,0.0,1,False,False,False
400,TRANSFER,779349.31,0.019871886022466652,0,False,False,False
400,TRANSFER,2220085.95,0.12406859581448534,0,True,False,False
400,CASH_OUT,22599.01,0.0,0,False,False,False
400,CASH_OUT,360182.26,0.0,0,False,False,False
400,CASH_OUT,96002.42,0.0,0,False,False,False
400,CASH_OUT,147962.62,0.0,0,False,False,False
400,CASH_OUT,14788.78,0.0,0,False,False,False
400,TRANSFER,228658.18,0.0,0,False,False,False
400,CASH_OUT,36841.04,0.0,0,False,False,False
400,CASH_OUT,178186.35,0.0,0,False,False,False
400,CASH_OUT,353015.67,0.0,0,False,False,False
400,CASH_OUT,22804.92,0.0,0,False,False,False
400,CASH_OUT,473993.93,0.0,0,False,False,False
400,CASH_OUT,23213.39,0.0,0,False,False,False
400,CASH_OUT,88204.04,0.0,0,False,False,False
400,CASH_OUT,50354.25,0.0,0,False,False,False
400,CASH_OUT,280492.62,0.0,0,False,False,False
400,CASH_OUT,23871.12,0.0,0,False,False,False
400,CASH_OUT,24007.07,0.0,0,False,False,False
400,CASH_OUT,107369.94,0.0,0,False,False,False
400,CASH_OUT,292209.64,0.0,0,False,False,False
400,CASH_OUT,41547.9,0.0,0,False,False,False
400,CASH_OUT,57924.71,0.0,0,False,False,False
400,TRANSFER,526308.21,0.0,0,False,False,False
400,CASH_OUT,290369.39,0.0,0,False,False,False
400,CASH_OUT,98396.0,0.0,0,False,False,False
400,TRANSFER,1240517.7,0.0,0,False,False,False
400,TRANSFER,1209419.51,0.0,0,False,False,False
400,CASH_OUT,584224.09,0.0,0,False,False,False
400,CASH_OUT,195805.43,0.0,0,False,False,False
400,CASH_OUT,19266.1,0.0,0,False,False,False
400,CASH_OUT,135840.98,0.0,0,False,False,False
400,CASH_OUT,267723.84,0.0,0,False,False,False
400,CASH_OUT,117485.0,0.0,0,False,False,False
400,TRANSFER,175322.57,0.0,0,False,False,False
400,CASH_OUT,534142.85,0.0,0,False,False,False
400,CASH_OUT,359904.74,0.0,0,False,False,False
400,CASH_OUT,88000.17,0.0,0,False,False,False
400,TRANSFER,600507.71,0.0,0,False,False,False
400,TRANSFER,857637.37,0.0,0,False,False,False
400,CASH_OUT,26371.19,0.0,0,False,False,False
400,CASH_OUT,69809.22,0.0,0,False,False,False
400,CASH_OUT,442855.78,0.0,0,False,False,False
400,CASH_OUT,6113.92,0.019607453665365253,0,False,False,False
400,CASH_OUT,490605.82,0.0,0,False,False,False
400,CASH_OUT,290536.54,0.0,0,False,False,False
400,CASH_OUT,92959.51,0.0,0,False,False,False
400,CASH_OUT,197437.03,0.0,0,False,False,False
400,CASH_OUT,47478.18,0.0,0,False,False,False
400,CASH_OUT,9738.99,0.0,0,False,False,False
400,CASH_OUT,290864.71,0.0,0,False,False,False
400,CASH_OUT,169716.52,0.0,0,False,False,False
400,CASH_OUT,99179.27,0.0,0,False,False,False
400,CASH_OUT,39684.68,0.0,0,False,False,False
400,TRANSFER,1402975.32,0.0,0,False,False,False
401,CASH_OUT,274035.11,0.0,0,False,False,False
401,CASH_OUT,26691.45,0.0,0,False,False,False
401,TRANSFER,1822409.5,0.009929184449319417,0,False,False,False
401,CASH_OUT,117420.95,0.0,0,False,False,False
401,CASH_OUT,93073.14,0.0,0,False,False,False
401,CASH_OUT,177906.67,0.0,0,False,False,False
401,CASH_OUT,147306.69,0.0,0,False,False,False
401,CASH_OUT,4481768.26,0.9999789693140244,1,True,True,True
401,TRANSFER,427312.52,0.0,0,False,False,False
401,CASH_OUT,252603.38,0.0,0,False,False,False
401,TRANSFER,1895565.8,0.0,0,False,False,False
401,CASH_OUT,89840.05,0.0,0,False,False,False
401,CASH_OUT,1806516.34,0.8782223799476206,1,True,True,False
401,CASH_OUT,227974.29,0.0,0,False,False,False
401,TRANSFER,65365.11,0.0,1,False,False,False
401,CASH_OUT,213327.31,0.0,0,False,False,False
401,CASH_OUT,309785.11,0.0,0,False,False,False
401,CASH_OUT,299235.21,0.0,0,False,False,False
401,CASH_OUT,267604.7,0.0,0,False,False,False
401,CASH_OUT,71974.0,0.0,0,False,False,False
401,TRANSFER,5838803.23,0.0,1,False,False,False
401,CASH_OUT,155794.89,0.0,0,False,False,False
401,CASH_OUT,340917.06,0.0,0,False,False,False
401,TRANSFER,457450.18,0.0,0,False,False,False
401,TRANSFER,830566.71,0.004956289677052239,0,False,False,False
401,TRANSFER,606303.33,0.0,0,False,False,False
401,CASH_OUT,94016.55,0.0,0,False,False,False
401,CASH_OUT,207420.13,0.0,0,False,False,False
401,TRANSFER,7749.38,0.0,0,False,False,False
401,CASH_OUT,139151.42,0.0,0,False,False,False
401,CASH_OUT,45508.18,0.0,0,False,False,False
401,CASH_OUT,177897.01,0.0,0,False,False,False
401,CASH_OUT,101444.97,0.0,0,False,False,False
401,CASH_OUT,68265.57,0.0,0,False,False,False
401,CASH_OUT,105792.91,0.0,0,False,False,False
401,TRANSFER,563348.18,0.0,0,False,False,False
401,TRANSFER,1444477.0,0.0,0,False,False,False
401,CASH_OUT,334142.4,0.0,0,False,False,False
401,TRANSFER,525835.27,0.0,0,False,False,False
401,CASH_OUT,66372.86,0.0,0,False,False,False
401,CASH_OUT,428101.35,0.0,0,False,False,False
401,TRANSFER,121330.43,0.0,0,False,False,False
401,TRANSFER,1713560.37,0.004965667477738002,0,False,False,False
401,CASH_OUT,228160.72,0.0,0,False,False,False
401,CASH_OUT,141982.86,0.0,0,False,False,False
401,CASH_OUT,184050.41,0.0,0,False,False,False
401,TRANSFER,923568.07,0.0,0,False,False,False
401,TRANSFER,587368.44,0.0,0,False,False,False
401,CASH_OUT,59176.76,0.0,0,False,False,False
401,CASH_OUT,21404.0,0.0,0,False,False,False
401,CASH_OUT,6841.51,0.0,0,False,False,False
401,CASH_OUT,70575.75,0.0,0,False,False,False
401,CASH_OUT,20153.32,0.0,0,False,False,False
401,TRANSFER,557662.14,0.0,0,False,False,False
401,CASH_OUT,53540.18,0.0,0,False,False,False
401,CASH_OUT,233533.79,0.0,0,False,False,False
401,CASH_OUT,149458.69,0.0,0,False,False,False
401,CASH_OUT,60819.26,0.0,0,False,False,False
401,CASH_OUT,101246.62,0.0,0,False,False,False
402,CASH_OUT,309131.95,0.0,0,False,False,False
402,CASH_OUT,171876.54,0.0,0,False,False,False
402,CASH_OUT,168159.56,0.0,0,False,False,False
402,CASH_OUT,16633.82,0.0,0,False,False,False
402,TRANSFER,256094.41,0.0,0,False,False,False
402,CASH_OUT,268550.56,0.0,0,False,False,False
402,CASH_OUT,103984.27,0.0,0,False,False,False
402,CASH_OUT,311325.54,0.0,0,False,False,False
402,CASH_OUT,307522.3,0.0,0,False,False,False
402,CASH_OUT,82395.51,0.0,0,False,False,False
402,CASH_OUT,101948.77,0.0049798408776111835,0,False,False,False
402,CASH_OUT,91264.98,0.0,0,False,False,False
402,CASH_OUT,256981.42,0.0,0,False,False,False
402,CASH_OUT,121731.41,0.0,0,False,False,False
402,TRANSFER,338193.21,0.0,0,False,False,False
402,CASH_OUT,8165.84,0.0,0,False,False,False
402,CASH_OUT,161099.57,0.0,0,False,False,False
402,CASH_OUT,89464.85,0.0,0,False,False,False
402,CASH_OUT,112176.8,0.0,0,False,False,False
402,CASH_OUT,407832.57,0.4165165646696707,0,True,False,False
402,CASH_OUT,88354.41,0.0,0,False,False,False
402,CASH_OUT,142796.73,0.0,0,False,False,False
402,TRANSFER,1129208.09,0.18370348291571298,0,True,False,False
402,CASH_OUT,60267.59,0.0,0,False,False,False
402,CASH_OUT,219676.09,0.0,0,False,False,False
402,CASH_OUT,125782.72,0.0,0,False,False,False
402,CASH_OUT,102071.18,0.0,0,False,False,False
402,CASH_OUT,165720.52,0.0,0,False,False,False
402,CASH_OUT,213952.8,0.0,0,False,False,False
402,TRANSFER,112267.35,0.0,0,False,False,False
402,CASH_OUT,447528.44,0.18349035973032055,0,True,False,False
402,CASH_OUT,117962.84,0.0,0,False,False,False
402,CASH_OUT,389412.93,0.0,0,False,False,False
402,CASH_OUT,218471.92,0.0,0,False,False,False
402,CASH_OUT,3631.31,0.0,0,False,False,False
402,CASH_OUT,304602.55,0.0,0,False,False,False
402,CASH_OUT,14426.64,0.0,0,False,False,False
402,TRANSFER,384411.94,0.0,0,False,False,False
402,TRANSFER,156132.99,0.019882479221285027,0,False,False,False
402,TRANSFER,804966.75,0.0,0,False,False,False
402,CASH_OUT,609.08,0.0,0,False,False,False
402,CASH_OUT,137002.02,0.0,0,False,False,False
402,CASH_OUT,39475.95,0.0,0,False,False,False
402,CASH_OUT,117847.91,0.0,0,False,False,False
402,CASH_OUT,48756.75,0.0,0,False,False,False
402,CASH_OUT,160412.54,0.0,0,False,False,False
402,TRANSFER,953855.18,0.0,0,False,False,False
402,CASH_OUT,164228.36,0.0,0,False,False,False
402,CASH_OUT,106258.83,0.0,0,False,False,False
402,CASH_OUT,167446.55,0.0,0,False,False,False
402,CASH_OUT,229481.29,0.0,0,False,False,False
402,CASH_OUT,140291.64,0.0,0,False,False,False
402,CASH_OUT,4953.81,0.0,0,False,False,False
402,CASH_OUT,60825.35,0.0,0,False,False,False
402,CASH_OUT,4007.51,0.0,0,False,False,False
402,CASH_OUT,139180.15,0.0,0,False,False,False
402,CASH_OUT,106974.28,0.0,0,False,False,False
402,CASH_OUT,169591.53,0.0,0,False,False,False
402,CASH_OUT,115706.75,0.0,0,False,False,False
402,CASH_OUT,228778.24,0.0,0,False,False,False
402,CASH_OUT,91800.68,0.0,0,False,False,False
402,CASH_OUT,284458.0,0.0,0,False,False,False
402,CASH_OUT,175963.18,0.0,0,False,False,False
402,CASH_OUT,28472.68,0.0,0,False,False,False
402,CASH_OUT,58737.35,0.0,0,False,False,False
402,CASH_OUT,126092.92,0.0,0,False,False,False
402,TRANSFER,1744707.91,0.09421149685761299,0,False,False,False
402,CASH_OUT,178959.72,0.0,0,False,False,False
402,TRANSFER,627043.75,0.0,0,False,False,False
402,CASH_OUT,45283.56,0.0,0,False,False,False
402,CASH_OUT,235375.88,0.0,0,False,False,False
402,CASH_OUT,102112.18,0.0,0,False,False,False
402,CASH_OUT,50314.36,0.0,0,False,False,False
402,TRANSFER,1977783.81,0.0,0,False,False,False
402,TRANSFER,330925.73,0.0,0,False,False,False
402,CASH_OUT,178257.33,0.0,0,False,False,False
402,CASH_OUT,346728.33,0.0,0,False,False,False
402,TRANSFER,810659.67,0.0,0,False,False,False
402,CASH_OUT,16098.85,0.0,0,False,False,False
402,CASH_OUT,19098.47,0.0,0,False,False,False
402,CASH_OUT,171711.33,0.0,0,False,False,False
402,CASH_OUT,166177.75,0.0,0,False,False,False
402,CASH_OUT,60394.24,0.0,0,False,False,False
403,TRANSFER,122091.25,0.0,0,False,False,False
403,TRANSFER,1916457.6,0.0,0,False,False,False
403,CASH_OUT,140832.28,0.0,0,False,False,False
403,CASH_OUT,8421.79,0.0,0,False,False,False
403,TRANSFER,2727617.83,0.024563338313558728,0,False,False,False
403,TRANSFER,294973.98,0.0,0,False,False,False
403,TRANSFER,373348.06,0.0,0,False,False,False
403,CASH_OUT,723.91,0.0,0,False,False,False
403,CASH_OUT,151231.04,0.0,0,False,False,False
403,CASH_OUT,9791.54,0.0,0,False,False,False
403,CASH_OUT,48183.64,0.0,0,False,False,False
403,TRANSFER,1779850.46,0.0,0,False,False,False
403,CASH_OUT,217835.9,0.0,0,False,False,False
403,CASH_OUT,227251.93,0.0,0,False,False,False
403,CASH_OUT,296168.41,0.0,0,False,False,False
403,CASH_OUT,372010.38,0.004908919469447252,0,False,False,False
403,CASH_OUT,13445.87,0.0,0,False,False,False
403,CASH_OUT,18994.34,0.0,0,False,False,False
403,CASH_OUT,84817.93,0.0,0,False,False,False
403,CASH_OUT,560873.66,0.009932146551295307,0,False,False,False
403,CASH_OUT,205210.64,0.0,0,False,False,False
403,TRANSFER,337206.79,0.0,0,False,False,False
403,CASH_OUT,113102.36,0.0,0,False,False,False
403,TRANSFER,191051.89,0.0,0,False,False,False
403,CASH_OUT,16515.63,0.0,0,False,False,False
403,CASH_OUT,85784.29,0.0,0,False,False,False
403,CASH_OUT,294763.02,0.0,0,False,False,False
403,CASH_OUT,213618.27,0.0,0,False,False,False
403,CASH_OUT,399905.87,0.0,0,False,False,False
403,TRANSFER,530463.79,0.0,0,False,False,False
403,CASH_OUT,113020.91,0.0,0,False,False,False
403,CASH_OUT,315357.5,0.0,0,False,False,False
403,CASH_OUT,60470.78,0.0,0,False,False,False
403,CASH_OUT,133287.31,0.0,0,False,False,False
403,CASH_OUT,11355.55,0.0,0,False,False,False
403,CASH_OUT,61340.3,0.0,0,False,False,False
403,CASH_OUT,377306.15,0.0,0,False,False,False
403,CASH_OUT,66202.09,0.0,0,False,False,False
403,CASH_OUT,97368.38,0.0,0,False,False,False
403,CASH_OUT,153483.9,0.0,0,False,False,False
403,CASH_OUT,89218.2,0.0,0,False,False,False
403,CASH_OUT,282796.74,0.0,0,False,False,False
403,CASH_OUT,170040.61,0.0,0,False,False,False
403,CASH_OUT,134473.87,0.009906302735226325,0,False,False,False
403,TRANSFER,855443.12,0.0,0,False,False,False
403,CASH_OUT,9676.32,0.0,0,False,False,False
403,CASH_OUT,71558.21,0.0,0,False,False,False
403,TRANSFER,130873.39,0.0,0,False,False,False
403,CASH_OUT,42417.1,0.0,0,False,False,False
403,CASH_OUT,262080.82,0.0,0,False,False,False
403,TRANSFER,1049360.99,0.0,0,False,False,False
403,CASH_OUT,212277.8,0.0,0,False,False,False
403,CASH_OUT,139118.82,0.0,0,False,False,False
403,TRANSFER,73695.16,0.0,0,False,False,False
403,CASH_OUT,328529.17,0.0,0,False,False,False
403,CASH_OUT,151650.99,0.0,0,False,False,False
403,CASH_OUT,106695.44,0.0,0,False,False,False
403,CASH_OUT,130281.6,0.0,0,False,False,False
403,CASH_OUT,100738.75,0.0,0,False,False,False
403,CASH_OUT,169497.17,0.0,0,False,False,False
403,TRANSFER,813819.96,0.004982615087164246,0,False,False,False
403,CASH_OUT,49773.98,0.0,0,False,False,False
403,CASH_OUT,248012.77,0.11421161579272672,0,True,False,False
403,CASH_OUT,58983.48,0.0,0,False,False,False
403,CASH_OUT,196254.03,0.0,1,False,False,False
403,TRANSFER,196254.03,0.0,1,False,False,False
403,TRANSFER,949979.11,0.0,1,False,False,False
403,CASH_OUT,123460.99,0.0,0,False,False,False
403,CASH_OUT,50476.64,0.0,0,False,False,False
403,CASH_OUT,135527.85,0.0,0,False,False,False
403,CASH_OUT,69164.87,0.0,0,False,False,False
403,CASH_OUT,123436.65,0.0,0,False,False,False
403,CASH_OUT,232475.73,0.0,0,False,False,False
403,CASH_OUT,214680.23,0.0,0,False,False,False
403,CASH_OUT,147962.42,0.0,0,False,False,False
403,CASH_OUT,308889.22,0.0,0,False,False,False
403,CASH_OUT,53453.19,0.0,0,False,False,False
403,TRANSFER,263838.89,0.0,0,False,False,False
403,CASH_OUT,158005.2,0.0,0,False,False,False
403,CASH_OUT,114394.69,0.0,0,False,False,False
403,CASH_OUT,114301.2,0.0,0,False,False,False
403,CASH_OUT,128011.41,0.0,0,False,False,False
403,CASH_OUT,169528.86,0.0,0,False,False,False
403,CASH_OUT,206812.28,0.0,0,False,False,False
403,CASH_OUT,131376.0,0.0,0,False,False,False
403,CASH_OUT,292752.68,0.0,0,False,False,False
403,TRANSFER,379981.31,0.0,0,False,False,False
403,CASH_OUT,57721.01,0.0,0,False,False,False
403,CASH_OUT,149403.36,0.0,0,False,False,False
403,CASH_OUT,204565.18,0.0,0,False,False,False
403,CASH_OUT,293402.54,0.0,0,False,False,False
403,CASH_OUT,10097.86,0.0,0,False,False,False
403,CASH_OUT,71479.07,0.0,0,False,False,False
403,CASH_OUT,184166.44,0.0,0,False,False,False
403,CASH_OUT,50896.97,0.0,0,False,False,False
403,CASH_OUT,164188.67,0.0,0,False,False,False
403,CASH_OUT,322543.48,0.0,0,False,False,False
403,TRANSFER,997419.01,0.0,0,False,False,False
403,TRANSFER,1217080.96,0.0,0,False,False,False
403,TRANSFER,289556.48,0.0,0,False,False,False
403,CASH_OUT,128652.34,0.0,0,False,False,False
404,CASH_OUT,81307.27,0.0,0,False,False,False
404,TRANSFER,699062.66,0.0,0,False,False,False
404,CASH_OUT,40359.75,0.0,1,False,False,False
404,CASH_OUT,258229.4,0.0,0,False,False,False
404,TRANSFER,10000000.0,0.21773080842322318,1,True,False,False
404,CASH_OUT,157221.74,0.0,0,False,False,False
404,CASH_OUT,125511.92,0.0,0,False,False,False
404,CASH_OUT,49433.47,0.0,0,False,False,False
404,CASH_OUT,188923.35,0.0,0,False,False,False
404,CASH_OUT,305734.05,0.0,0,False,False,False
404,CASH_OUT,50798.94,0.0,0,False,False,False
404,CASH_OUT,304737.0,0.0,0,False,False,False
404,CASH_OUT,216706.77,0.0,0,False,False,False
404,CASH_OUT,86.79,0.0,0,False,False,False
404,CASH_OUT,303228.66,0.0,0,False,False,False
404,CASH_OUT,121687.63,0.0,0,False,False,False
404,CASH_OUT,251343.72,0.0,0,False,False,False
404,CASH_OUT,290876.46,0.0,0,False,False,False
404,CASH_OUT,178658.82,0.0,0,False,False,False
404,CASH_OUT,22506.3,0.0,0,False,False,False
404,CASH_OUT,69288.95,0.0,0,False,False,False
404,CASH_OUT,206576.5,0.0,0,False,False,False
404,CASH_OUT,16308.86,0.01980993986152626,0,False,False,False
404,CASH_OUT,44171.85,0.0,0,False,False,False
404,CASH_OUT,280964.11,0.0,0,False,False,False
404,CASH_OUT,91600.2,0.0,0,False,False,False
404,CASH_OUT,165601.83,0.0,0,False,False,False
404,CASH_OUT,27617.04,0.0,0,False,False,False
404,CASH_OUT,10211.85,0.0,0,False,False,False
404,CASH_OUT,161299.27,0.0,0,False,False,False
404,CASH_OUT,35729.87,0.0,0,False,False,False
404,CASH_OUT,140989.75,0.0,0,False,False,False
404,CASH_OUT,47994.69,0.0,0,False,False,False
404,CASH_OUT,63727.0,0.0,0,False,False,False
404,CASH_OUT,185678.91,0.0,0,False,False,False
404,CASH_OUT,355927.0,0.16835042669888872,0,True,False,False
404,CASH_OUT,99909.05,0.0,0,False,False,False
404,CASH_OUT,21612.58,0.004968767030732605,0,False,False,False
404,CASH_OUT,26856.23,0.0,0,False,False,False
404,CASH_OUT,14038.5,0.0,0,False,False,False
404,CASH_OUT,10676.22,0.0,0,False,False,False
404,CASH_OUT,120646.72,0.0,0,False,False,False
404,TRANSFER,877411.5,0.0,0,False,False,False
404,CASH_OUT,105952.17,0.0,0,False,False,False
404,TRANSFER,491987.06,0.0,0,False,False,False
404,CASH_OUT,43571.04,0.0,0,False,False,False
404,CASH_OUT,30916.94,0.0,0,False,False,False
404,TRANSFER,139934.44,0.0049803428952922765,0,False,False,False
404,TRANSFER,39273.13,0.0,0,False,False,False
404,CASH_OUT,261832.36,0.0,0,False,False,False
404,CASH_OUT,167819.16,0.0,0,False,False,False
404,CASH_OUT,8668.23,0.029799389438258602,0,False,False,False
404,CASH_OUT,158594.88,0.0,0,False,False,False
404,CASH_OUT,10000000.0,0.9623550060001042,1,True,True,True
404,CASH_OUT,357522.59,0.0,0,False,False,False
404,CASH_OUT,124735.29,0.0,0,False,False,False
404,TRANSFER,304275.86,0.0,0,False,False,False
404,TRANSFER,98139.44,0.0,0,False,False,False
404,TRANSFER,354533.09,0.0,0,False,False,False
404,CASH_OUT,217651.25,0.0,0,False,False,False
404,CASH_OUT,317021.44,0.0,0,False,False,False
404,TRANSFER,190564.92,0.0,0,False,False,False
404,CASH_OUT,42046.25,0.06440817068568981,0,False,False,False
404,CASH_OUT,8954.88,0.0,0,False,False,False
405,CASH_OUT,43463.92,0.0,0,False,False,False
405,CASH_OUT,139416.34,0.0,0,False,False,False
405,TRANSFER,17677.42,0.12384242794850002,0,True,False,False
405,CASH_OUT,304808.68,0.0,0,False,False,False
405,CASH_OUT,105297.01,0.0,0,False,False,False
405,CASH_OUT,72885.67,0.0,0,False,False,False
405,CASH_OUT,77347.95,0.0,0,False,False,False
405,CASH_OUT,92673.94,0.0,0,False,False,False
405,TRANSFER,263905.1,0.0,0,False,False,False
405,TRANSFER,25171.46,0.0,0,False,False,False
405,CASH_OUT,74484.42,0.0,0,False,False,False
405,CASH_OUT,99095.7,0.0,0,False,False,False
405,CASH_OUT,205147.51,0.0,0,False,False,False
405,CASH_OUT,78695.96,0.0,0,False,False,False
405,CASH_OUT,387816.74,0.0,0,False,False,False
405,CASH_OUT,51604.76,0.0,0,False,False,False
405,CASH_OUT,6916.92,0.0,0,False,False,False
405,TRANSFER,1551206.18,0.0,0,False,False,False
405,CASH_OUT,136238.01,0.0,0,False,False,False
405,CASH_OUT,9042.59,0.004854271888798244,0,False,False,False
405,CASH_OUT,151016.02,0.0,0,False,False,False
405,CASH_OUT,40305.52,0.0,0,False,False,False
405,TRANSFER,70382.18,0.0,1,False,False,False
405,CASH_OUT,148468.02,0.0,0,False,False,False
405,CASH_OUT,78485.51,0.0,0,False,False,False
405,CASH_OUT,104473.7,0.0,0,False,False,False
405,CASH_OUT,12776.31,0.0,0,False,False,False
405,CASH_OUT,29978.31,0.0,0,False,False,False
405,TRANSFER,307042.03,0.0,0,False,False,False
405,CASH_OUT,133576.22,0.0,0,False,False,False
405,CASH_OUT,3228.54,0.0,0,False,False,False
405,CASH_OUT,208405.09,0.0,0,False,False,False
405,CASH_OUT,107892.11,0.0,0,False,False,False
406,CASH_OUT,93976.39,0.0,0,False,False,False
406,CASH_OUT,115407.86,0.0,0,False,False,False
406,CASH_OUT,30409.75,0.0,0,False,False,False
406,TRANSFER,2027350.84,0.054475415571961464,0,False,False,False
406,TRANSFER,184588.59,0.0,1,False,False,False
406,CASH_OUT,201968.6,0.0,0,False,False,False
406,TRANSFER,4737833.35,0.07419566872856459,1,False,False,False
406,CASH_OUT,171152.03,0.0,0,False,False,False
406,CASH_OUT,145293.38,0.0,0,False,False,False
406,CASH_OUT,54135.31,0.0,0,False,False,False
406,CASH_OUT,213937.98,0.0,0,False,False,False
406,CASH_OUT,447288.69,0.004984781586999128,0,False,False,False
406,CASH_OUT,89899.73,0.0,0,False,False,False
406,CASH_OUT,184588.59,0.0,1,False,False,False
406,CASH_OUT,326472.05,0.0,0,False,False,False
406,CASH_OUT,50548.62,0.0,0,False,False,False
406,CASH_OUT,119752.25,0.0,0,False,False,False
406,CASH_OUT,199213.77,0.0,0,False,False,False
406,CASH_OUT,107312.91,0.0,0,False,False,False
407,CASH_OUT,146297.1,0.0,0,False,False,False
407,TRANSFER,59073.33,0.0,0,False,False,False
407,CASH_OUT,308839.22,0.0,0,False,False,False
407,CASH_OUT,88824.0,0.0,0,False,False,False
407,CASH_OUT,32290.69,0.0,0,False,False,False
407,TRANSFER,2085274.39,0.21251665905680703,1,True,False,False
407,CASH_OUT,14390.66,0.0,0,False,False,False
407,CASH_OUT,261804.21,0.0,0,False,False,False
407,CASH_OUT,316254.29,0.0,0,False,False,False
407,CASH_OUT,322818.75,0.0,0,False,False,False
408,TRANSFER,708557.67,0.18819115234404948,0,True,False,False
408,CASH_OUT,429257.45,0.0,1,False,False,False
408,CASH_OUT,290195.69,0.0,0,False,False,False
408,TRANSFER,429257.45,0.0,1,False,False,False
409,CASH_OUT,377096.39,0.0446517232458085,1,False,False,False
409,TRANSFER,175972.28,0.02944042348080062,1,False,False,False
410,TRANSFER,871745.76,0.5114041349688729,1,True,True,False
410,TRANSFER,281439.26,0.2678630202216888,1,True,False,False
411,CASH_OUT,1464008.18,0.963921759614382,1,True,True,True
411,CASH_OUT,1240717.75,0.9044615545140776,1,True,True,True
412,TRANSFER,2425164.58,0.628162681888681,1,True,True,False
412,TRANSFER,87438.83,0.4176304413405462,1,True,False,False
412,CASH_OUT,87438.83,0.7762820637863098,1,True,True,False
413,TRANSFER,115085.31,0.817203137719425,1,True,True,False
413,TRANSFER,786278.72,0.4778946964769407,1,True,False,False
413,CASH_OUT,781.93,0.26397373833033894,1,True,False,False
414,TRANSFER,298384.21,0.5263206947588334,1,True,True,False
416,CASH_OUT,79076.14,0.0,1,False,False,False
416,TRANSFER,3019699.77,0.6531364102843807,1,True,True,False
417,TRANSFER,237776.02,0.009917061362769075,1,False,False,False
417,TRANSFER,1049586.54,0.007801697187450606,1,False,False,False
418,CASH_OUT,452261.67,0.0,1,False,False,False
419,CASH_OUT,252793.1,0.0,0,False,False,False
419,TRANSFER,533092.45,0.0,1,False,False,False
419,TRANSFER,60891.94,0.0,1,False,False,False
419,CASH_OUT,151023.06,0.0,0,False,False,False
420,CASH_OUT,103509.13,0.0,0,False,False,False
420,CASH_OUT,274666.96,0.0,0,False,False,False
420,CASH_OUT,159739.3,0.0,0,False,False,False
420,CASH_OUT,102505.26,0.0,0,False,False,False
420,TRANSFER,1464160.5,0.019868794929755337,1,False,False,False
420,TRANSFER,353502.83,0.0,0,False,False,False
420,CASH_OUT,128514.63,0.0,0,False,False,False
420,CASH_OUT,147440.3,0.0,0,False,False,False
421,TRANSFER,10000000.0,0.6943861376666264,1,True,True,False
421,CASH_OUT,19729.68,0.0,1,False,False,False
421,CASH_OUT,267564.83,0.0,1,False,False,False
421,TRANSFER,267564.83,0.0,1,False,False,False
422,CASH_OUT,2897907.81,0.9899755993030084,1,True,True,True
422,CASH_OUT,198602.15,0.0,0,False,False,False
422,CASH_OUT,102942.39,0.0,0,False,False,False
422,CASH_OUT,146430.03,0.0,0,False,False,False
422,CASH_OUT,168220.03,0.0,0,False,False,False
422,CASH_OUT,285340.15,0.0,0,False,False,False
423,TRANSFER,862121.4,0.0,0,False,False,False
423,TRANSFER,3588174.94,0.004939457685325697,1,False,False,False
423,CASH_OUT,445815.34,0.0,0,False,False,False
423,TRANSFER,90804.06,0.0,0,False,False,False
423,CASH_OUT,207241.52,0.0,1,False,False,False
423,CASH_OUT,396757.22,0.0,1,False,False,False
424,CASH_OUT,671406.79,0.0,1,False,False,False
424,CASH_OUT,313697.44,0.0,1,False,False,False
424,TRANSFER,5475018.52,0.0,1,False,False,False
424,TRANSFER,313697.44,0.0,1,False,False,False
424,TRANSFER,1058602.68,0.003439274992445082,1,False,False,False
425,CASH_OUT,462452.87,0.0,1,False,False,False
425,TRANSFER,486175.4,0.0,1,False,False,False
425,TRANSFER,19421.77,0.00986276298551356,1,False,False,False
425,TRANSFER,10000000.0,0.04537539893490774,1,False,False,False
426,TRANSFER,294659.48,0.0495005947122515,0,False,False,False
426,CASH_OUT,391434.76,0.0,0,False,False,False
426,CASH_OUT,56984.25,0.0,0,False,False,False
426,CASH_OUT,36148.96,0.0,0,False,False,False
426,CASH_OUT,20588.82,0.0,0,False,False,False
426,CASH_OUT,61050.41,0.0,0,False,False,False
426,CASH_OUT,78185.21,0.0,0,False,False,False
426,TRANSFER,229413.36,0.0,0,False,False,False
428,TRANSFER,278267.23,0.0,0,False,False,False
428,CASH_OUT,78289.27,0.0,0,False,False,False
428,CASH_OUT,79408.49,0.0,0,False,False,False
428,CASH_OUT,168124.99,0.0,0,False,False,False
428,CASH_OUT,76843.57,0.0,0,False,False,False
428,CASH_OUT,498231.14,0.0,0,False,False,False
428,CASH_OUT,309248.16,0.0,0,False,False,False
428,CASH_OUT,79529.35,0.0,0,False,False,False
429,TRANSFER,123044.6,0.10412896919319119,0,True,False,False
429,CASH_OUT,199229.97,0.0,0,False,False,False
429,CASH_OUT,133230.58,0.0,0,False,False,False
429,TRANSFER,142367.82,0.0,0,False,False,False
429,TRANSFER,387757.8,0.04460480243814441,0,False,False,False
429,CASH_OUT,142891.01,0.0,0,False,False,False
429,CASH_OUT,837192.23,0.17362490723845872,1,True,False,False
430,TRANSFER,326394.8,0.0,1,False,False,False
434,TRANSFER,32671.88,0.4867635194670916,1,True,False,False
434,CASH_OUT,2040374.55,0.9995390829190107,1,True,True,True
434,CASH_OUT,1307156.17,0.9945678862511272,1,True,True,True
437,TRANSFER,367364.8,0.8976045949529886,1,True,True,False
437,TRANSFER,8006429.04,0.9232899503504827,1,True,True,True
438,TRANSFER,1648547.69,0.7612988545694256,1,True,True,False
438,CASH_OUT,455014.69,0.08459779037898853,1,False,False,False
438,TRANSFER,60274.87,0.6963615316243856,1,True,True,False
439,CASH_OUT,90502.17,0.49497539270464247,0,True,False,False
439,CASH_OUT,54270.53,0.02942159074838935,0,False,False,False
439,CASH_OUT,274669.3,0.04390681139366311,0,False,False,False
439,CASH_OUT,277505.35,0.04887228877083551,0,False,False,False
439,TRANSFER,203119.08,0.15809259251415453,1,True,False,False
439,TRANSFER,306419.73,0.4959626925828311,1,True,False,False
439,TRANSFER,14374.32,0.3073906533268758,0,True,False,False
440,CASH_OUT,4339822.23,0.9868273903434257,1,True,True,True
440,TRANSFER,4339822.23,0.5992638552500231,1,True,True,False
441,CASH_OUT,1043934.97,0.4898106924348761,1,True,False,False
441,CASH_OUT,739856.92,0.009451625565728596,1,False,False,False
442,CASH_OUT,80946.0,0.0,0,False,False,False
442,TRANSFER,473200.26,0.22784960945543997,0,True,False,False
442,TRANSFER,2758096.0,0.0,1,False,False,False
442,CASH_OUT,47787.17,0.0,0,False,False,False
442,CASH_OUT,3085.45,0.13885503758723008,1,True,False,False
443,CASH_OUT,1591263.43,0.7363773949167784,1,True,True,False
444,CASH_OUT,541486.74,0.0,1,False,False,False
444,CASH_OUT,440581.15,0.0,1,False,False,False
446,CASH_OUT,2720647.79,0.9999316031934887,1,True,True,True
446,CASH_OUT,171878.27,0.0,1,False,False,False
446,CASH_OUT,239095.53,0.0,1,False,False,False
447,TRANSFER,155121.58,0.0,1,False,False,False
447,TRANSFER,219178.49,0.0,1,False,False,False
448,TRANSFER,697109.64,0.0,0,False,False,False
448,CASH_OUT,33637.79,0.0,0,False,False,False
448,CASH_OUT,125265.86,0.0,0,False,False,False
448,CASH_OUT,128427.65,0.0,0,False,False,False
448,CASH_OUT,230210.77,0.0,0,False,False,False
448,CASH_OUT,163491.69,0.0,0,False,False,False
448,CASH_OUT,26903.83,0.0,0,False,False,False
448,CASH_OUT,295292.02,0.0,0,False,False,False
448,TRANSFER,432544.68,0.0,1,False,False,False
449,CASH_OUT,186408.9,0.0,0,False,False,False
449,TRANSFER,133632.24,0.0,1,False,False,False
449,CASH_OUT,170211.19,0.0,0,False,False,False
449,TRANSFER,1965786.11,0.0,1,False,False,False
449,CASH_OUT,90520.59,0.0,0,False,False,False
449,CASH_OUT,46171.74,0.0,0,False,False,False
449,CASH_OUT,95993.54,0.0,0,False,False,False
450,CASH_OUT,10000000.0,0.9828408058528177,1,True,True,True
450,TRANSFER,10000000.0,0.29581348027191556,1,True,False,False
450,TRANSFER,9228514.1,0.2872756033652649,1,True,False,False
451,CASH_OUT,72199.73,0.0,0,False,False,False
451,CASH_OUT,122550.35,0.0,0,False,False,False
451,CASH_OUT,7532.97,0.0,0,False,False,False
455,TRANSFER,7618.49,0.004942751539780707,1,False,False,False
455,TRANSFER,338083.76,0.0,1,False,False,False
455,CASH_OUT,332.36,0.0,1,False,False,False
456,CASH_OUT,448266.86,0.0,1,False,False,False
458,CASH_OUT,167806.93,0.17823575859659507,1,True,False,False
458,CASH_OUT,22140.87,0.28731515743452773,1,True,False,False
459,CASH_OUT,46130.88,0.38125319603463453,1,True,False,False
459,CASH_OUT,4153.02,0.20407550786630022,1,True,False,False
461,TRANSFER,830991.53,0.6414683900961127,1,True,True,False
461,CASH_OUT,110234.33,0.7768338252402799,0,True,True,False
461,CASH_OUT,6273660.45,0.999947063987654,1,True,True,True
462,CASH_OUT,46190.9,0.49727355011965846,1,True,False,False
462,TRANSFER,1433038.32,0.8772837585955245,1,True,True,False
462,TRANSFER,4342582.37,0.8078798728424087,1,True,True,False
463,CASH_OUT,1168274.14,0.9141223353860524,1,True,True,True
463,TRANSFER,279826.54,0.4168561866854093,1,True,False,False
464,CASH_OUT,880975.83,0.671369943820536,1,True,True,False
464,TRANSFER,1027963.96,0.027265125161217738,1,False,False,False
465,TRANSFER,461255.26,0.0,1,False,False,False
465,CASH_OUT,2577489.07,0.9844879848462332,1,True,True,True
467,CASH_OUT,144283.42,0.0,1,False,False,False
467,CASH_OUT,636942.02,0.0,1,False,False,False
469,CASH_OUT,49306.48,0.0,0,False,False,False
469,TRANSFER,6484526.8,0.2481935120541105,1,True,False,False
469,CASH_OUT,109683.91,0.0,0,False,False,False
469,CASH_OUT,51950.4,0.0,0,False,False,False
469,TRANSFER,743834.57,0.0,0,False,False,False
469,CASH_OUT,20875.22,0.0,0,False,False,False
469,CASH_OUT,315783.84,0.0,0,False,False,False
469,TRANSFER,558922.04,0.0,0,False,False,False
469,CASH_OUT,335975.87,0.0,0,False,False,False
469,CASH_OUT,693028.13,0.0,0,False,False,False
469,CASH_OUT,103430.79,0.0,0,False,False,False
469,TRANSFER,5859.21,0.0,0,False,False,False
470,CASH_OUT,120843.94,0.0,1,False,False,False
470,TRANSFER,2859010.61,0.0049783673495453155,1,False,False,False
471,CASH_OUT,170220.65,0.0,0,False,False,False
471,CASH_OUT,330099.0,0.0,0,False,False,False
471,TRANSFER,407028.33,0.0,0,False,False,False
471,CASH_OUT,17637.46,0.0,0,False,False,False
471,TRANSFER,275565.06,0.0,0,False,False,False
471,CASH_OUT,11501.87,0.0,0,False,False,False
473,CASH_OUT,179700.14,0.0,1,False,False,False
473,TRANSFER,417620.07,0.0,1,False,False,False
474,CASH_OUT,342982.8,0.0,0,False,False,False
474,CASH_OUT,201066.64,0.0,0,False,False,False
474,CASH_OUT,47094.36,0.0,0,False,False,False
474,CASH_OUT,1499869.54,0.5954821463093087,1,True,True,False
474,CASH_OUT,1165171.47,0.5658458874681223,1,True,True,False
474,CASH_OUT,240985.62,0.0,0,False,False,False
474,CASH_OUT,25933.1,0.0,0,False,False,False
474,CASH_OUT,162621.9,0.0,0,False,False,False
474,CASH_OUT,221472.23,0.0,0,False,False,False
474,CASH_OUT,302688.53,0.0,0,False,False,False
475,CASH_OUT,71511.19,0.0,1,False,False,False
475,TRANSFER,29611.08,0.0,1,False,False,False
475,TRANSFER,1064995.85,0.02479318228625136,1,False,False,False
475,TRANSFER,20111.45,0.029716602527239448,1,False,False,False
475,TRANSFER,9511.69,0.019848208913445183,1,False,False,False
476,CASH_OUT,126192.76,0.0,0,False,False,False
476,CASH_OUT,150621.66,0.0,0,False,False,False
476,CASH_OUT,58482.67,0.0,0,False,False,False
476,CASH_OUT,1048.63,0.0,1,False,False,False
476,CASH_OUT,25328.74,0.0,0,False,False,False
476,TRANSFER,37394.15,0.014848299338243675,1,False,False,False
476,TRANSFER,901304.74,0.0,0,False,False,False
476,CASH_OUT,92560.27,0.0,0,False,False,False
476,CASH_OUT,58664.89,0.0,0,False,False,False
476,CASH_OUT,106296.98,0.0,0,False,False,False
476,TRANSFER,685440.7,0.0,0,False,False,False
476,CASH_OUT,131792.44,0.0,0,False,False,False
477,TRANSFER,338293.14,0.0,1,False,False,False
477,CASH_OUT,9639524.7,0.9895572651554044,1,True,True,True
477,CASH_OUT,338293.14,0.0,1,False,False,False
478,TRANSFER,461059.98,0.4065965041375748,0,True,False,False
478,CASH_OUT,54747.84,0.0,0,False,False,False
478,TRANSFER,73568.11,0.4257266863330413,0,True,False,False
478,TRANSFER,154362.45,0.0,0,False,False,False
481,TRANSFER,305183.84,0.02969583125035175,1,False,False,False
481,CASH_OUT,190215.18,0.0,1,False,False,False
481,CASH_OUT,832811.84,0.6882787114257124,1,True,True,False
481,CASH_OUT,548677.33,0.2731320561390859,1,True,False,False
481,TRANSFER,190215.18,0.009642853605064984,1,False,False,False
481,CASH_OUT,1710180.37,0.9682476333386525,1,True,True,True
482,CASH_OUT,1059347.56,0.919277692289461,1,True,True,True
482,TRANSFER,132438.82,0.30217726545974694,1,True,False,False
482,TRANSFER,37831.15,0.6109735515158348,1,True,True,False
483,TRANSFER,3488355.65,0.8324067302145459,1,True,True,False
484,CASH_OUT,156220.74,0.5859618038372175,1,True,True,False
485,TRANSFER,53107.96,0.6169358925658789,1,True,True,False
485,TRANSFER,1425802.24,0.8330466519481305,1,True,True,False
485,TRANSFER,2755588.11,0.6682888439703677,1,True,True,False
485,CASH_OUT,3351304.78,0.9899607770519252,1,True,True,True
485,CASH_OUT,2755588.11,0.9948683880888031,1,True,True,True
486,TRANSFER,143500.62,0.701333749871049,1,True,True,False
486,TRANSFER,4505012.56,0.8078798728424087,1,True,True,False
487,CASH_OUT,36071.38,0.04962060210001204,0,False,False,False
487,CASH_OUT,882637.83,0.8991086076198817,1,True,True,False
487,TRANSFER,1205760.86,0.1580899791274052,1,True,False,False
488,CASH_OUT,50279.4,0.00915055815278144,1,False,False,False
488,TRANSFER,326052.83,0.014797176660235709,1,False,False,False
488,CASH_OUT,326052.83,0.014880186466372673,1,False,False,False
488,TRANSFER,27696.89,0.5606675597553261,1,True,True,False
489,CASH_OUT,7515624.63,0.9894937950833698,1,True,True,True
490,CASH_OUT,481632.07,0.0,0,False,False,False
490,TRANSFER,717876.55,0.0,0,False,False,False
490,CASH_OUT,422901.77,0.0,0,False,False,False
490,CASH_OUT,1048388.34,0.4067201314621778,1,True,False,False
490,TRANSFER,1106295.77,0.0,1,False,False,False
490,CASH_OUT,731052.11,0.0,0,False,False,False
490,CASH_OUT,22438.53,0.0,0,False,False,False
490,CASH_OUT,208143.41,0.0,0,False,False,False
490,CASH_OUT,90045.19,0.0,0,False,False,False
490,CASH_OUT,80895.57,0.0,0,False,False,False
490,CASH_OUT,137262.92,0.0,0,False,False,False
491,CASH_OUT,1122827.94,0.6253687986953836,1,True,True,False
491,TRANSFER,580387.06,0.024831242772837606,1,False,False,False
491,CASH_OUT,1265033.25,0.6702204456934635,1,True,True,False
492,CASH_OUT,289005.15,0.0,0,False,False,False
492,CASH_OUT,38030.13,0.0,0,False,False,False
492,TRANSFER,4413693.31,0.014835462031668524,0,False,False,False
492,TRANSFER,630517.54,0.0,0,False,False,False
492,TRANSFER,125760.93,0.0,0,False,False,False
492,CASH_OUT,325404.39,0.0,0,False,False,False
492,CASH_OUT,152340.69,0.15350657540725185,0,True,False,False
492,CASH_OUT,110714.36,0.0,0,False,False,False
492,TRANSFER,354443.03,0.0,0,False,False,False
492,CASH_OUT,310710.83,0.0,0,False,False,False
492,CASH_OUT,15733.25,0.0,0,False,False,False
493,TRANSFER,144452.14,0.0,1,False,False,False
493,TRANSFER,46050.82,0.07435868929984955,0,False,False,False
493,CASH_OUT,509215.2,0.0,0,False,False,False
494,TRANSFER,7078157.11,0.014885756964405887,1,False,False,False
495,CASH_OUT,276270.56,0.0,0,False,False,False
495,CASH_OUT,255286.59,0.0,1,False,False,False
495,CASH_OUT,4262.39,0.0,0,False,False,False
495,CASH_OUT,36694.88,0.0,0,False,False,False
495,CASH_OUT,151517.82,0.0,0,False,False,False
495,CASH_OUT,9961.15,0.0,0,False,False,False
497,TRANSFER,224570.45,0.044588789515614485,1,False,False,False
497,TRANSFER,462441.03,0.0,1,False,False,False
498,CASH_OUT,1028515.56,0.6714744782302432,1,True,True,False
499,CASH_OUT,558136.45,0.0,1,False,False,False
500,TRANSFER,519730.0,0.0,0,False,False,False
500,CASH_OUT,200925.57,0.0,0,False,False,False
500,CASH_OUT,135988.61,0.0,0,False,False,False
500,TRANSFER,840398.66,0.0,0,False,False,False
500,CASH_OUT,190858.11,0.0,0,False,False,False
500,CASH_OUT,122610.48,0.0,0,False,False,False
500,TRANSFER,79378.62,0.0,0,False,False,False
500,CASH_OUT,48277.29,0.0,0,False,False,False
500,CASH_OUT,104777.41,0.0,0,False,False,False
500,CASH_OUT,74174.3,0.0,0,False,False,False
500,TRANSFER,173241.5,0.0,0,False,False,False
500,CASH_OUT,90825.47,0.0,0,False,False,False
501,CASH_OUT,705647.68,0.0,1,False,False,False
501,TRANSFER,185391.82,0.019787134919360176,1,False,False,False
501,CASH_OUT,6183238.55,0.9947991679754318,1,True,True,True
502,TRANSFER,326051.32,0.0,0,False,False,False
502,CASH_OUT,1673066.07,0.8626285499931874,1,True,True,False
502,CASH_OUT,73051.02,0.0,1,False,False,False
503,CASH_OUT,993088.06,0.582437334314612,1,True,True,False
503,CASH_OUT,854065.31,0.16894429865145383,1,True,False,False
503,TRANSFER,854065.31,0.0,1,False,False,False
503,CASH_OUT,495001.15,0.0,0,False,False,False
504,CASH_OUT,3018810.85,0.6872545385164553,1,True,True,False
505,CASH_OUT,4553004.39,0.8492124012506004,1,True,True,False
506,TRANSFER,10000000.0,0.8483489022664424,1,True,True,False
507,CASH_OUT,7239986.95,0.9999313336112232,1,True,True,True
507,TRANSFER,269476.09,0.582014475366827,1,True,True,False
508,CASH_OUT,350233.08,0.7818543729221632,1,True,True,False
509,TRANSFER,418871.89,0.14962843770022502,1,True,False,False
509,TRANSFER,23413.67,0.6076398409772815,1,True,True,False
509,TRANSFER,40836.05,0.7620576213847445,1,True,True,False
510,CASH_OUT,550231.35,0.781567985417638,1,True,True,False
510,TRANSFER,844348.52,0.5854615604381012,1,True,True,False
510,TRANSFER,550231.35,0.5917489479189159,1,True,True,False
511,CASH_OUT,1367070.94,0.9542155305578238,1,True,True,True
511,CASH_OUT,2491.85,0.18339516904610242,1,True,False,False
512,TRANSFER,127120.88,0.4862706397044452,1,True,False,False
513,CASH_OUT,100762.66,0.0,1,False,False,False
513,CASH_OUT,159724.42,0.0,1,False,False,False
514,TRANSFER,3551771.18,0.0,1,False,False,False
514,TRANSFER,713404.6,0.0,1,False,False,False
514,CASH_OUT,360211.9,0.0,0,False,False,False
514,CASH_OUT,238771.38,0.0,0,False,False,False
514,CASH_OUT,174345.53,0.0,0,False,False,False
514,CASH_OUT,305436.38,0.0,0,False,False,False
514,CASH_OUT,5209.78,0.0,0,False,False,False
514,TRANSFER,385439.39,0.0,0,False,False,False
514,CASH_OUT,44056.01,0.0,0,False,False,False
514,CASH_OUT,222028.35,0.0,0,False,False,False
514,CASH_OUT,82015.64,0.0,0,False,False,False
514,CASH_OUT,105072.72,0.0,0,False,False,False
514,TRANSFER,4065359.59,0.19323498717567175,0,True,False,False
515,CASH_OUT,290211.26,0.0,1,False,False,False
517,CASH_OUT,79076.96,0.009934257988754002,0,False,False,False
518,CASH_OUT,62719.33,0.0,0,False,False,False
518,CASH_OUT,198568.09,0.0,0,False,False,False
518,CASH_OUT,184422.96,0.0,0,False,False,False
518,CASH_OUT,265368.23,0.0,0,False,False,False
518,TRANSFER,897963.44,0.0,0,False,False,False
518,CASH_OUT,168520.79,0.0,0,False,False,False
518,TRANSFER,1331108.24,0.0,0,False,False,False
518,CASH_OUT,95105.01,0.0,1,False,False,False
518,CASH_OUT,278155.33,0.0,0,False,False,False
518,CASH_OUT,230813.75,0.0,0,False,False,False
519,TRANSFER,1049424.26,0.0,1,False,False,False
520,CASH_OUT,53325.6,0.0,1,False,False,False
520,CASH_OUT,147469.14,0.0,0,False,False,False
520,CASH_OUT,302247.06,0.0,0,False,False,False
520,CASH_OUT,5469910.99,0.9999572395175172,1,True,True,True
520,CASH_OUT,317103.63,0.0,0,False,False,False
520,CASH_OUT,75165.26,0.0,0,False,False,False
520,CASH_OUT,2871898.5,0.989936792176662,1,True,True,True
521,TRANSFER,27483.79,0.0,1,False,False,False
521,TRANSFER,5087422.03,0.0,1,False,False,False
522,CASH_OUT,262921.69,0.0,0,False,False,False
522,CASH_OUT,144362.99,0.0,0,False,False,False
522,TRANSFER,753716.98,0.0,0,False,False,False
522,CASH_OUT,344428.1,0.0,0,False,False,False
522,CASH_OUT,208962.46,0.0,0,False,False,False
522,CASH_OUT,286237.21,0.0,0,False,False,False
522,TRANSFER,298355.94,0.0,0,False,False,False
522,CASH_OUT,146774.63,0.0,0,False,False,False
522,TRANSFER,2745900.85,0.004964400346443856,0,False,False,False
522,TRANSFER,533020.28,0.0,0,False,False,False
522,CASH_OUT,26605.7,0.0,0,False,False,False
522,CASH_OUT,244611.12,0.0,0,False,False,False
522,CASH_OUT,193263.85,0.0,0,False,False,False
522,CASH_OUT,267263.37,0.0,0,False,False,False
522,CASH_OUT,24381.51,0.0,0,False,False,False
522,CASH_OUT,164199.39,0.0,0,False,False,False
522,CASH_OUT,80459.41,0.0,0,False,False,False
522,CASH_OUT,259016.15,0.0,0,False,False,False
522,CASH_OUT,264066.92,0.0,0,False,False,False
522,CASH_OUT,67498.41,0.0,0,False,False,False
522,CASH_OUT,279458.71,0.0,0,False,False,False
522,CASH_OUT,48168.89,0.0,0,False,False,False
522,TRANSFER,1543975.74,0.0,1,False,False,False
522,CASH_OUT,59250.11,0.0,1,False,False,False
522,CASH_OUT,11878.65,0.0,0,False,False,False
522,CASH_OUT,285295.4,0.0,0,False,False,False
522,TRANSFER,346077.62,0.0,0,False,False,False
522,CASH_OUT,57120.28,0.0,0,False,False,False
522,CASH_OUT,121680.74,0.0,0,False,False,False
522,CASH_OUT,191302.36,0.0,0,False,False,False
522,CASH_OUT,6944.25,0.0,0,False,False,False
522,CASH_OUT,76487.84,0.0,0,False,False,False
522,CASH_OUT,106422.93,0.0,0,False,False,False
522,CASH_OUT,259306.16,0.0,0,False,False,False
522,CASH_OUT,134329.61,0.0,0,False,False,False
522,CASH_OUT,260701.9,0.0,0,False,False,False
522,CASH_OUT,256821.29,0.0,0,False,False,False
522,CASH_OUT,385551.7,0.0,0,False,False,False
522,CASH_OUT,312791.08,0.0,0,False,False,False
522,CASH_OUT,4891.71,0.0,0,False,False,False
523,CASH_OUT,248799.49,0.0,1,False,False,False
523,TRANSFER,160186.79,0.0,1,False,False,False
524,CASH_OUT,203717.18,0.0,0,False,False,False
524,TRANSFER,469791.39,0.0,0,False,False,False
524,CASH_OUT,56946.9,0.0,0,False,False,False
524,CASH_OUT,419859.19,0.0,0,False,False,False
525,TRANSFER,75783.02,0.04954953458819533,0,False,False,False
525,CASH_OUT,409722.67,0.0,0,False,False,False
525,CASH_OUT,73995.7,0.0,0,False,False,False
525,TRANSFER,123086.55,0.10412896919319119,0,True,False,False
525,CASH_OUT,123398.29,0.0,0,False,False,False
525,CASH_OUT,110046.27,0.0,0,False,False,False
525,TRANSFER,203280.85,0.004976655913755373,1,False,False,False
525,CASH_OUT,70904.85,0.0,0,False,False,False
525,TRANSFER,39799.83,0.0,0,False,False,False
525,TRANSFER,40983.04,0.0,0,False,False,False
525,CASH_OUT,101670.88,0.0,0,False,False,False
526,CASH_OUT,4923.87,0.0,0,False,False,False
526,CASH_OUT,199940.02,0.0,1,False,False,False
526,TRANSFER,244355.0,0.0494383090970254,0,False,False,False
526,CASH_OUT,76740.96,0.0,0,False,False,False
526,TRANSFER,210525.95,0.0,1,False,False,False
527,TRANSFER,6087.58,0.0,1,False,False,False
527,TRANSFER,1094419.89,0.0,1,False,False,False
527,CASH_OUT,216407.95,0.0,0,False,False,False
527,TRANSFER,381992.3,0.11406143929991076,0,True,False,False
528,CASH_OUT,181224.98,0.0049579473873323865,1,False,False,False
528,CASH_OUT,392767.71,0.014880459309412007,1,False,False,False
528,CASH_OUT,116680.48,0.16842561276420814,0,True,False,False
528,TRANSFER,1016302.6,0.07983373596125606,1,False,False,False
529,CASH_OUT,150102.47,0.07892242903171398,0,False,False,False
530,CASH_OUT,148680.12,0.4461907197571629,1,True,False,False
530,TRANSFER,148680.12,0.25272407915029194,1,True,False,False
530,CASH_OUT,398711.68,0.15897965871808264,1,True,False,False
530,TRANSFER,387773.97,0.3733753224117353,1,True,False,False
531,TRANSFER,126356.54,0.7964045722085423,0,True,True,False
531,CASH_OUT,3547485.43,0.9899385967937241,1,True,True,True
532,CASH_OUT,217084.87,0.41724674683356355,0,True,False,False
532,CASH_OUT,254719.63,0.4921160209049686,1,True,False,False
533,CASH_OUT,400517.07,0.22908700267528864,1,True,False,False
534,TRANSFER,492896.75,0.5730004833725586,1,True,True,False
534,CASH_OUT,1390332.39,0.9895082217855661,1,True,True,True
534,TRANSFER,136245.39,0.636444978506372,1,True,True,False
536,TRANSFER,1567549.99,0.05742935081794725,1,False,False,False
537,TRANSFER,81278.73,0.0,1,False,False,False
537,CASH_OUT,127447.68,0.0,1,False,False,False
537,CASH_OUT,1504.73,0.004722355991289362,1,False,False,False
538,CASH_OUT,296091.24,0.0,0,False,False,False
538,CASH_OUT,198948.39,0.0,0,False,False,False
538,CASH_OUT,2136099.59,0.9742799903100056,1,True,True,True
538,TRANSFER,1392337.38,0.0,1,False,False,False
538,TRANSFER,1253358.42,0.0,1,False,False,False
538,CASH_OUT,72159.27,0.0,0,False,False,False
538,TRANSFER,362231.8,0.0,0,False,False,False
540,TRANSFER,308430.61,0.0,0,False,False,False
540,CASH_OUT,63405.31,0.0,0,False,False,False
540,CASH_OUT,161526.54,0.0,0,False,False,False
540,CASH_OUT,103159.86,0.0,0,False,False,False
540,CASH_OUT,264236.25,0.0,0,False,False,False
540,CASH_OUT,194300.29,0.0,0,False,False,False
540,TRANSFER,1174105.41,0.0,0,False,False,False
540,TRANSFER,302512.67,0.0,0,False,False,False
540,TRANSFER,472355.96,0.014797471559452166,0,False,False,False
540,CASH_OUT,342970.95,0.0,1,False,False,False
540,CASH_OUT,301718.75,0.0,0,False,False,False
540,CASH_OUT,3707342.38,0.995,1,True,True,True
540,CASH_OUT,18367.88,0.0,0,False,False,False
540,CASH_OUT,143282.45,0.0,0,False,False,False
540,CASH_OUT,76074.2,0.0,0,False,False,False
540,CASH_OUT,289269.64,0.0,0,False,False,False
540,TRANSFER,253408.42,0.0,0,False,False,False
540,CASH_OUT,105709.85,0.0,0,False,False,False
540,CASH_OUT,30463.16,0.0,0,False,False,False
542,CASH_OUT,40907.19,0.0,0,False,False,False
542,TRANSFER,1531488.19,0.0049274311053797695,0,False,False,False
542,CASH_OUT,120370.96,0.034591170036284716,0,False,False,False
542,CASH_OUT,49123.49,0.0,0,False,False,False
542,CASH_OUT,191828.93,0.0,0,False,False,False
542,CASH_OUT,88230.43,0.0,0,False,False,False
542,CASH_OUT,124743.48,0.0,0,False,False,False
542,TRANSFER,1068398.61,0.0,1,False,False,False
543,CASH_OUT,2558618.27,0.994960684147254,1,True,True,True
544,CASH_OUT,57146.78,0.0,0,False,False,False
544,CASH_OUT,299839.5,0.0,0,False,False,False
544,CASH_OUT,228675.36,0.0,0,False,False,False
544,CASH_OUT,2099.87,0.0,0,False,False,False
544,CASH_OUT,115322.44,0.0,0,False,False,False
544,CASH_OUT,348357.86,0.0,0,False,False,False
544,TRANSFER,22467.87,0.0,0,False,False,False
544,CASH_OUT,285306.42,0.0,0,False,False,False
544,CASH_OUT,99500.4,0.0,0,False,False,False
544,CASH_OUT,361354.39,0.0,0,False,False,False
544,CASH_OUT,237220.96,0.0,0,False,False,False
544,TRANSFER,92068.66,0.0,0,False,False,False
544,CASH_OUT,232912.49,0.0,0,False,False,False
544,TRANSFER,1835580.65,0.004979208916851635,0,False,False,False
544,CASH_OUT,118514.39,0.0,0,False,False,False
544,CASH_OUT,311273.25,0.0,0,False,False,False
544,CASH_OUT,412668.39,0.0,1,False,False,False
544,CASH_OUT,72824.75,0.0,0,False,False,False
545,CASH_OUT,29548.13,0.0,0,False,False,False
545,CASH_OUT,160946.2,0.0,0,False,False,False
545,TRANSFER,175378.51,0.0,0,False,False,False
545,CASH_OUT,85207.7,0.0,0,False,False,False
545,TRANSFER,8822.23,0.009914477044293274,0,False,False,False
545,TRANSFER,1813298.15,0.0,0,False,False,False
545,CASH_OUT,35860.15,0.0,0,False,False,False
546,CASH_OUT,323802.43,0.0,0,False,False,False
546,CASH_OUT,43857.83,0.0,0,False,False,False
546,CASH_OUT,179094.42,0.0,0,False,False,False
546,CASH_OUT,161725.62,0.0,0,False,False,False
546,CASH_OUT,90811.74,0.0,0,False,False,False
546,CASH_OUT,94473.55,0.0,0,False,False,False
546,CASH_OUT,146992.57,0.0,0,False,False,False
546,CASH_OUT,6354.12,0.004933929277747013,0,False,False,False
546,CASH_OUT,534158.52,0.0,1,False,False,False
546,CASH_OUT,17398.94,0.0,0,False,False,False
546,CASH_OUT,18339.97,0.0,0,False,False,False
546,CASH_OUT,5309.39,0.0,0,False,False,False
546,CASH_OUT,64521.13,0.0,0,False,False,False
546,CASH_OUT,306392.35,0.0,0,False,False,False
546,CASH_OUT,32651.36,0.009876328024988003,0,False,False,False
546,CASH_OUT,161790.85,0.0,0,False,False,False
546,CASH_OUT,110403.41,0.0,0,False,False,False
546,TRANSFER,151022.58,0.0,0,False,False,False
546,CASH_OUT,12840.89,0.0,0,False,False,False
547,CASH_OUT,13755.99,0.0,0,False,False,False
547,CASH_OUT,136646.65,0.0,0,False,False,False
547,TRANSFER,118390.98,0.0,0,False,False,False
547,TRANSFER,66696.16,0.0,0,False,False,False
547,CASH_OUT,1139983.15,0.6313341900633705,1,True,True,False
547,TRANSFER,964355.84,0.0,0,False,False,False
547,CASH_OUT,82764.07,0.0,1,False,False,False
548,CASH_OUT,210431.94,0.0,0,False,False,False
548,CASH_OUT,286873.85,0.0,0,False,False,False
548,CASH_OUT,139590.88,0.0,0,False,False,False
548,CASH_OUT,7999.77,0.0,0,False,False,False
548,CASH_OUT,320633.57,0.0,0,False,False,False
548,CASH_OUT,171853.86,0.0,0,False,False,False
548,CASH_OUT,74628.58,0.0,0,False,False,False
548,CASH_OUT,794319.29,0.03456368278399892,0,False,False,False
548,CASH_OUT,89142.03,0.0,0,False,False,False
548,TRANSFER,430998.69,0.0,0,False,False,False
548,TRANSFER,4023608.8,0.14859579591889951,0,True,False,False
548,TRANSFER,330516.54,0.0,0,False,False,False
548,CASH_OUT,126739.86,0.0,0,False,False,False
548,CASH_OUT,341269.21,0.0,0,False,False,False
548,CASH_OUT,163152.48,0.0,0,False,False,False
548,CASH_OUT,298774.92,0.0,0,False,False,False
548,CASH_OUT,76917.65,0.0,0,False,False,False
548,TRANSFER,126431.61,0.06938081006566689,1,False,False,False
549,CASH_OUT,461442.52,0.10914093315870105,1,True,False,False
549,TRANSFER,21662.5,0.17331751474851398,1,True,False,False
550,CASH_OUT,153332.49,0.0,0,False,False,False
550,CASH_OUT,210921.53,0.0,0,False,False,False
550,CASH_OUT,156554.03,0.0,0,False,False,False
550,CASH_OUT,74933.32,0.0,0,False,False,False
550,TRANSFER,431755.25,0.0,0,False,False,False
550,TRANSFER,531776.9,0.0,0,False,False,False
550,TRANSFER,21418.86,0.0,1,False,False,False
550,TRANSFER,3611.13,0.0,0,False,False,False
551,CASH_OUT,759257.55,0.09389554102316361,1,False,False,False
551,CASH_OUT,1669143.57,0.8625989193389525,1,True,True,False
551,TRANSFER,813992.49,0.0,1,False,False,False
552,TRANSFER,1422412.34,0.0754812943244962,0,False,False,False
552,TRANSFER,221077.97,0.0,1,False,False,False
552,CASH_OUT,692743.57,0.2582342684838186,1,True,False,False
553,CASH_OUT,244312.69,0.01973220117435748,1,False,False,False
553,TRANSFER,151105.97,0.034411618349405176,1,False,False,False
554,CASH_OUT,10000000.0,0.954872025895086,1,True,True,True
556,CASH_OUT,544352.53,0.7174073563135603,1,True,True,False
557,CASH_OUT,643052.88,0.7523336868869009,1,True,True,False
557,CASH_OUT,776303.43,0.6789014322879267,1,True,True,False
557,CASH_OUT,839077.79,0.8693686422351693,1,True,True,False
557,CASH_OUT,3571807.73,0.9899607770519252,1,True,True,True
558,CASH_OUT,2190762.32,0.999719968289979,1,True,True,True
559,CASH_OUT,127564.33,0.12372095397055577,1,True,False,False
559,TRANSFER,127564.33,0.6664088796759542,1,True,True,False
559,CASH_OUT,175290.91,0.3523986948901296,1,True,False,False
561,TRANSFER,2329379.8,0.004643485797510657,1,False,False,False
561,TRANSFER,897131.97,0.0,1,False,False,False
562,CASH_OUT,203881.96,0.004962334347510597,1,False,False,False
562,TRANSFER,8208916.0,0.09416709873083436,1,False,False,False
562,TRANSFER,6324299.91,0.0545506678113533,1,False,False,False
563,TRANSFER,1399842.23,0.0,0,False,False,False
563,CASH_OUT,96913.38,0.0,0,False,False,False
563,CASH_OUT,96989.06,0.0,1,False,False,False
563,CASH_OUT,97817.47,0.0,0,False,False,False
563,CASH_OUT,176361.49,0.0,0,False,False,False
563,CASH_OUT,92499.11,0.0,0,False,False,False
563,CASH_OUT,226562.58,0.0,0,False,False,False
563,TRANSFER,1565621.39,0.0,1,False,False,False
563,TRANSFER,606117.77,0.0,0,False,False,False
564,TRANSFER,1246169.57,0.0,1,False,False,False
564,TRANSFER,55828.87,0.0,1,False,False,False
564,TRANSFER,2472250.47,0.0,1,False,False,False
564,CASH_OUT,152144.39,0.0,0,False,False,False
564,CASH_OUT,19564.52,0.0,0,False,False,False
564,CASH_OUT,224264.32,0.0,0,False,False,False
564,TRANSFER,959611.94,0.0,0,False,False,False
564,CASH_OUT,30245.46,0.0,1,False,False,False
564,CASH_OUT,955.74,0.0,0,False,False,False
564,CASH_OUT,8128.3,0.0,0,False,False,False
564,CASH_OUT,2226.68,0.07925458246604479,0,False,False,False
564,CASH_OUT,220821.66,0.0,0,False,False,False
564,CASH_OUT,22271.41,0.0,0,False,False,False
565,CASH_OUT,190415.35,0.0,0,False,False,False
565,CASH_OUT,264754.55,0.0,0,False,False,False
565,CASH_OUT,190457.1,0.0,0,False,False,False
565,CASH_OUT,195573.76,0.0,0,False,False,False
565,CASH_OUT,285526.43,0.0,0,False,False,False
565,CASH_OUT,325668.67,0.0,1,False,False,False
565,CASH_OUT,141765.73,0.0,0,False,False,False
565,CASH_OUT,69547.66,0.0,0,False,False,False
565,CASH_OUT,177428.27,0.0,0,False,False,False
566,CASH_OUT,34854.39,0.0,0,False,False,False
566,CASH_OUT,125719.77,0.0,0,False,False,False
566,TRANSFER,1828.6,0.039374271687711564,1,False,False,False
567,CASH_OUT,264021.26,0.0,0,False,False,False
567,CASH_OUT,135474.42,0.0,0,False,False,False
567,CASH_OUT,6893.53,0.0,0,False,False,False
567,CASH_OUT,247484.14,0.0,0,False,False,False
567,CASH_OUT,98897.47,0.0,0,False,False,False
567,CASH_OUT,3596.83,0.0,1,False,False,False
567,CASH_OUT,1893451.73,0.8936918393376011,1,True,True,False
567,CASH_OUT,7477.69,0.0,0,False,False,False
568,TRANSFER,32521.24,0.20814147702035077,1,True,False,False
568,CASH_OUT,112988.36,0.0,1,False,False,False
568,TRANSFER,112988.36,0.0,1,False,False,False
568,TRANSFER,30790.13,0.02984456785816703,1,False,False,False
569,TRANSFER,51416.07,0.0,1,False,False,False
569,CASH_OUT,164686.43,0.0,0,False,False,False
569,CASH_OUT,15093.69,0.0,1,False,False,False
570,CASH_OUT,9274.56,0.0,1,False,False,False
570,CASH_OUT,203490.22,0.0,0,False,False,False
570,CASH_OUT,93096.9,0.0,0,False,False,False
571,TRANSFER,537224.21,0.0,0,False,False,False
571,CASH_OUT,236214.91,0.0,0,False,False,False
571,CASH_OUT,174977.75,0.0,0,False,False,False
571,CASH_OUT,64034.6,0.0,0,False,False,False
571,CASH_OUT,205244.84,0.0,0,False,False,False
571,CASH_OUT,18882.55,0.0,0,False,False,False
571,CASH_OUT,98292.6,0.0,0,False,False,False
571,CASH_OUT,218541.39,0.0,0,False,False,False
572,TRANSFER,210952.24,0.0,1,False,False,False
572,CASH_OUT,262960.23,0.0,1,False,False,False
573,CASH_OUT,55738.34,0.0,0,False,False,False
573,CASH_OUT,188395.35,0.0,0,False,False,False
573,CASH_OUT,169055.96,0.0,0,False,False,False
573,CASH_OUT,107923.83,0.0,0,False,False,False
573,CASH_OUT,60599.61,0.0,0,False,False,False
573,CASH_OUT,160584.94,0.0,0,False,False,False
573,CASH_OUT,183439.53,0.0,0,False,False,False
574,TRANSFER,192262.5,0.0,0,False,False,False
574,TRANSFER,617870.19,0.0,0,False,False,False
574,CASH_OUT,92000.33,0.0,0,False,False,False
574,CASH_OUT,48274.4,0.0,0,False,False,False
574,TRANSFER,894443.36,0.0,0,False,False,False
576,CASH_OUT,451399.66,0.0,1,False,False,False
576,CASH_OUT,884821.37,0.5040441544835907,1,True,True,False
576,TRANSFER,302649.26,0.00995645536813307,0,False,False,False
577,TRANSFER,681525.62,0.29241830419182796,1,True,False,False
578,CASH_OUT,274035.79,0.02970203121206259,0,False,False,False
578,CASH_OUT,4961014.03,0.9998518355522754,1,True,True,True
578,TRANSFER,736677.36,0.4022654520454948,1,True,False,False
580,CASH_OUT,105861.07,0.6716846813225987,1,True,True,False
581,CASH_OUT,2562459.56,0.9798330165384402,1,True,True,True
581,TRANSFER,801763.51,0.5175373507255544,1,True,True,False
582,TRANSFER,6106149.52,0.9278514587697441,1,True,True,True
583,CASH_OUT,459378.91,0.01980851798293588,1,False,False,False
583,CASH_OUT,759701.03,0.7031147409526318,1,True,True,False
584,TRANSFER,597806.2,0.052657789653919596,1,False,False,False
585,CASH_OUT,259718.08,0.0,0,False,False,False
585,CASH_OUT,12180.69,0.0,0,False,False,False
585,CASH_OUT,180197.14,0.0,0,False,False,False
585,CASH_OUT,115258.28,0.0,0,False,False,False
586,CASH_OUT,10000000.0,0.9924427944886892,1,True,True,True
586,CASH_OUT,455524.95,0.0,0,False,False,False
586,CASH_OUT,142168.21,0.0,0,False,False,False
587,CASH_OUT,310996.69,0.0,0,False,False,False
587,TRANSFER,391456.71,0.0,0,False,False,False
587,TRANSFER,288263.38,0.0,1,False,False,False
588,TRANSFER,220994.84,0.0,0,False,False,False
588,CASH_OUT,23570.71,0.0,0,False,False,False
588,CASH_OUT,53349.01,0.0,0,False,False,False
588,CASH_OUT,102507.13,0.0,0,False,False,False
588,TRANSFER,16619.95,0.0,1,False,False,False
588,CASH_OUT,92351.66,0.0,0,False,False,False
588,CASH_OUT,62340.01,0.0,0,False,False,False
588,TRANSFER,911252.05,0.0,0,False,False,False
588,CASH_OUT,25492.84,0.0,0,False,False,False
588,CASH_OUT,172867.63,0.0,0,False,False,False
589,CASH_OUT,7699.29,0.0,0,False,False,False
589,CASH_OUT,155493.49,0.0,0,False,False,False
589,CASH_OUT,259421.29,0.0,0,False,False,False
589,CASH_OUT,238074.07,0.0,0,False,False,False
589,CASH_OUT,244679.03,0.0,0,False,False,False
589,TRANSFER,15303.29,0.0,0,False,False,False
589,TRANSFER,802256.31,0.0,0,False,False,False
589,CASH_OUT,320597.06,0.0,0,False,False,False
589,TRANSFER,164296.85,0.0,1,False,False,False
589,CASH_OUT,156303.98,0.0,0,False,False,False
589,CASH_OUT,449739.44,0.0,0,False,False,False
589,CASH_OUT,451651.44,0.0,0,False,False,False
589,CASH_OUT,105815.68,0.0,0,False,False,False
589,CASH_OUT,134448.06,0.019814173251461044,0,False,False,False
590,CASH_OUT,199409.48,0.0,0,False,False,False
590,CASH_OUT,142690.09,0.0,0,False,False,False
590,TRANSFER,1282350.25,0.0,0,False,False,False
590,TRANSFER,774659.26,0.0,0,False,False,False
590,CASH_OUT,15271.86,0.0,0,False,False,False
590,TRANSFER,540304.63,0.0,0,False,False,False
590,CASH_OUT,157342.56,0.0,0,False,False,False
590,CASH_OUT,498183.25,0.0,1,False,False,False
590,CASH_OUT,12861.23,0.0,0,False,False,False
590,CASH_OUT,114435.03,0.0,0,False,False,False
590,TRANSFER,528221.67,0.0,0,False,False,False
591,CASH_OUT,609239.75,0.06454135112333406,1,False,False,False
592,TRANSFER,157272.13,0.0,1,False,False,False
592,TRANSFER,369306.87,0.0,1,False,False,False
592,CASH_OUT,330634.86,0.0,0,False,False,False
592,CASH_OUT,369306.87,0.0,1,False,False,False
592,TRANSFER,610703.56,0.0,0,False,False,False
592,CASH_OUT,157430.31,0.0,0,False,False,False
592,CASH_OUT,446117.86,0.014863697249310448,0,False,False,False
592,CASH_OUT,97317.61,0.0,0,False,False,False
592,TRANSFER,517343.68,0.0,0,False,False,False
592,CASH_OUT,161098.79,0.0,0,False,False,False
592,CASH_OUT,354500.09,0.0,0,False,False,False
592,CASH_OUT,220393.21,0.0,0,False,False,False
592,TRANSFER,456222.34,0.06450703949064682,0,False,False,False
592,CASH_OUT,266199.12,0.0,0,False,False,False
592,CASH_OUT,95259.81,0.0,0,False,False,False
592,CASH_OUT,642886.46,0.0,0,False,False,False
592,CASH_OUT,22003.64,0.0,0,False,False,False
594,CASH_OUT,94239.87,0.0,0,False,False,False
594,CASH_OUT,27726.37,0.0,0,False,False,False
594,CASH_OUT,221339.13,0.0,0,False,False,False
594,CASH_OUT,332700.62,0.0,0,False,False,False
594,TRANSFER,206221.34,0.0,0,False,False,False
594,CASH_OUT,90831.93,0.0,0,False,False,False
594,CASH_OUT,18344.83,0.0,0,False,False,False
594,CASH_OUT,91663.48,0.0,0,False,False,False
594,CASH_OUT,30741.57,0.0,0,False,False,False
594,CASH_OUT,123980.94,0.0,0,False,False,False
594,CASH_OUT,111081.72,0.0,0,False,False,False
594,CASH_OUT,111742.64,0.0,0,False,False,False
594,CASH_OUT,52078.33,0.0,0,False,False,False
594,CASH_OUT,127539.68,0.0,0,False,False,False
594,CASH_OUT,132919.0,0.0,0,False,False,False
594,CASH_OUT,88631.69,0.0,0,False,False,False
594,CASH_OUT,27232.43,0.0,0,False,False,False
594,CASH_OUT,429639.84,0.0,0,False,False,False
594,CASH_OUT,119028.92,0.0,0,False,False,False
594,CASH_OUT,36583.73,0.0,0,False,False,False
595,TRANSFER,335094.53,0.0,1,False,False,False
595,TRANSFER,113087.31,0.0,0,False,False,False
595,CASH_OUT,81152.64,0.0,0,False,False,False
595,CASH_OUT,154189.73,0.0,0,False,False,False
595,TRANSFER,549018.4,0.0,0,False,False,False
595,CASH_OUT,73272.34,0.0,0,False,False,False
595,TRANSFER,426814.64,0.0,0,False,False,False
595,TRANSFER,325673.66,0.0,0,False,False,False
595,CASH_OUT,124378.8,0.0,0,False,False,False
595,CASH_OUT,106901.18,0.0,0,False,False,False
595,CASH_OUT,170889.14,0.0,0,False,False,False
595,TRANSFER,880896.83,0.0,0,False,False,False
595,CASH_OUT,12795.06,0.0,0,False,False,False
595,CASH_OUT,139219.97,0.0,0,False,False,False
596,CASH_OUT,265411.67,0.0,0,False,False,False
596,CASH_OUT,139386.0,0.0,0,False,False,False
596,TRANSFER,773805.69,0.0,0,False,False,False
596,TRANSFER,273048.37,0.0,0,False,False,False
596,CASH_OUT,199458.35,0.0,0,False,False,False
596,CASH_OUT,534771.45,0.0,0,False,False,False
596,CASH_OUT,122622.49,0.0,0,False,False,False
596,CASH_OUT,211839.47,0.0,0,False,False,False
596,TRANSFER,218314.75,0.0,0,False,False,False
596,TRANSFER,405239.91,0.0,0,False,False,False
596,CASH_OUT,157389.06,0.0,0,False,False,False
596,CASH_OUT,67517.57,0.0,0,False,False,False
596,CASH_OUT,20543.51,0.0,0,False,False,False
596,CASH_OUT,289583.2,0.0,0,False,False,False
596,TRANSFER,5540388.34,0.28246219720469573,0,True,False,False
596,CASH_OUT,67443.34,0.0,0,False,False,False
596,TRANSFER,381247.3,0.0,1,False,False,False
596,CASH_OUT,27321.52,0.0,0,False,False,False
596,TRANSFER,376037.26,0.0,0,False,False,False
597,TRANSFER,185159.56,0.07432491238548242,0,False,False,False
597,CASH_OUT,71639.99,0.0,0,False,False,False
597,TRANSFER,591315.81,0.4910221293380043,0,True,False,False
598,TRANSFER,453699.35,0.019728432452394917,1,False,False,False
599,TRANSFER,451335.89,0.0,0,False,False,False
599,CASH_OUT,240598.25,0.0,0,False,False,False
600,TRANSFER,540154.62,0.0,1,False,False,False
600,CASH_OUT,3455440.17,0.6823214848644625,1,True,True,False
600,CASH_OUT,49434.25,0.0,1,False,False,False
600,TRANSFER,7363709.23,0.2322958962197089,1,True,False,False
600,CASH_OUT,7363709.23,0.7023252855761111,1,True,True,False
601,CASH_OUT,98099.07,0.03915722957390446,1,False,False,False
601,CASH_OUT,252396.7,0.5059011418906354,0,True,True,False
601,TRANSFER,1054244.29,0.26226042798252713,1,True,False,False
601,TRANSFER,4709059.93,0.288360809032312,0,True,False,False
602,CASH_OUT,366014.33,0.4866031223799714,1,True,False,False
603,CASH_OUT,158879.1,0.35139153357325326,1,True,False,False
603,TRANSFER,39247.74,0.6517900591508203,1,True,True,False
603,TRANSFER,1778520.7,0.7755964886134556,1,True,True,False
603,TRANSFER,158879.1,0.45189082603218966,1,True,False,False
604,CASH_OUT,4672401.04,0.9999031692417816,1,True,True,True
605,TRANSFER,1555182.41,0.8022192387000163,1,True,True,False
607,TRANSFER,135428.39,0.4715259057164357,1,True,False,False
608,TRANSFER,10000000.0,0.7864017698951881,1,True,True,False
608,CASH_OUT,277048.48,0.004718026769868995,1,False,False,False
608,TRANSFER,277048.48,0.01978276790005397,1,False,False,False
608,TRANSFER,27985.73,0.5606419841326966,1,True,True,False
608,TRANSFER,780687.45,0.013026590352112906,1,False,False,False
609,CASH_OUT,112363.33,0.0,1,False,False,False
609,CASH_OUT,76133.19,0.0,1,False,False,False
610,CASH_OUT,269146.11,0.0,0,False,False,False
610,TRANSFER,493538.8,0.0,1,False,False,False
610,CASH_OUT,254194.96,0.0,0,False,False,False
610,CASH_OUT,240396.36,0.0,0,False,False,False
610,CASH_OUT,318898.52,0.0,0,False,False,False
610,CASH_OUT,193674.49,0.0,0,False,False,False
611,CASH_OUT,582725.12,0.0,1,False,False,False
611,CASH_OUT,1418168.85,0.7818815014853264,1,True,True,False
611,TRANSFER,451663.55,0.0,1,False,False,False
612,TRANSFER,1023189.9,0.0,1,False,False,False
612,TRANSFER,125216.91,0.0,1,False,False,False
612,CASH_OUT,158404.85,0.0,0,False,False,False
612,TRANSFER,346183.99,0.004957473665467981,1,False,False,False
613,TRANSFER,980310.0,0.0,1,False,False,False
613,CASH_OUT,2155569.91,0.9943340274971333,1,True,True,True
613,TRANSFER,1892137.66,0.0,1,False,False,False
614,TRANSFER,424700.99,0.004981785704014495,1,False,False,False
614,CASH_OUT,52091.91,0.0,0,False,False,False
614,TRANSFER,2739248.3,0.009911031269170652,1,False,False,False
614,CASH_OUT,797235.09,0.009950090445232377,1,False,False,False
615,CASH_OUT,75113.49,0.0,1,False,False,False
615,TRANSFER,368973.39,0.0,1,False,False,False
617,TRANSFER,10000000.0,0.04537539893490774,1,False,False,False
617,TRANSFER,144611.19,0.0,0,False,False,False
617,CASH_OUT,224527.67,0.0,0,False,False,False
617,CASH_OUT,1398166.84,0.7569126007508329,1,True,True,False
617,CASH_OUT,80788.78,0.0,0,False,False,False
619,CASH_OUT,135551.75,0.0,0,False,False,False
619,TRANSFER,732925.53,0.0,0,False,False,False
619,CASH_OUT,63388.16,0.0,0,False,False,False
619,CASH_OUT,132043.16,0.0,0,False,False,False
619,TRANSFER,418971.0,0.0,1,False,False,False
619,CASH_OUT,167330.92,0.0,0,False,False,False
619,CASH_OUT,27550.5,0.0,0,False,False,False
619,TRANSFER,1289142.33,0.01486778242781551,1,False,False,False
619,CASH_OUT,198174.63,0.0,0,False,False,False
619,CASH_OUT,1658.01,0.0,0,False,False,False
620,TRANSFER,295205.08,0.004954396234749751,1,False,False,False
620,CASH_OUT,260408.9,0.0,1,False,False,False
621,CASH_OUT,84290.51,0.0,0,False,False,False
621,CASH_OUT,257462.12,0.0,0,False,False,False
621,CASH_OUT,226495.49,0.0,0,False,False,False
621,TRANSFER,2060748.45,0.3775341569577704,1,True,False,False
624,CASH_OUT,932304.24,0.5339996866197233,1,True,True,False
624,TRANSFER,24366.07,0.0,1,False,False,False
624,TRANSFER,10000000.0,0.2628663629837125,1,True,False,False
625,CASH_OUT,6870369.62,0.8492767748425297,1,True,True,False
625,TRANSFER,249749.05,0.48120086222033587,1,True,False,False
625,CASH_OUT,249749.05,0.24791408228884595,1,True,False,False
625,CASH_OUT,20278.62,0.20280392094565097,1,True,False,False
626,CASH_OUT,55740.39,0.133985347495178,1,True,False,False
628,CASH_OUT,99165.12,0.8963950370747282,1,True,True,False
629,TRANSFER,547672.2,0.7628753700819705,1,True,True,False
629,TRANSFER,114253.58,0.8322975040755319,1,True,True,False
629,TRANSFER,892213.56,0.7765938814585621,1,True,True,False
629,TRANSFER,93884.26,0.6364782183050502,1,True,True,False
630,CASH_OUT,149381.53,0.7318345569176103,0,True,True,False
630,TRANSFER,728256.03,0.4322473792859965,1,True,False,False
631,CASH_OUT,2391612.36,0.9796819773061917,1,True,True,True
631,TRANSFER,3120690.98,0.8309723431664304,1,True,True,False
633,TRANSFER,4128853.75,0.014450432276712824,1,False,False,False
633,TRANSFER,125107.12,0.0,1,False,False,False
634,CASH_OUT,26153.82,0.0,1,False,False,False
634,CASH_OUT,458603.07,0.0,1,False,False,False
635,TRANSFER,1387048.31,0.0,1,False,False,False
636,CASH_OUT,146095.73,0.0,1,False,False,False
636,CASH_OUT,729078.34,0.0,1,False,False,False
637,CASH_OUT,54975.84,0.0,0,False,False,False
637,TRANSFER,229728.32,0.0,0,False,False,False
637,CASH_OUT,246280.14,0.0,1,False,False,False
637,CASH_OUT,101351.13,0.0,0,False,False,False
637,TRANSFER,58521.53,0.0,1,False,False,False
637,CASH_OUT,294467.81,0.0,0,False,False,False
637,CASH_OUT,88269.68,0.0,0,False,False,False
638,CASH_OUT,345116.0,0.0,1,False,False,False
638,CASH_OUT,1559540.62,0.6753744907440052,1,True,True,False
639,TRANSFER,208253.11,0.0,1,False,False,False
639,TRANSFER,711932.67,0.0,1,False,False,False
640,TRANSFER,511323.99,0.09446577159589983,0,False,False,False
640,CASH_OUT,75820.82,0.0,0,False,False,False
640,TRANSFER,87698.36,0.0,1,False,False,False
640,TRANSFER,1732090.28,0.0,1,False,False,False
641,TRANSFER,2205.55,0.029754734341482125,1,False,False,False
642,CASH_OUT,83680.92,0.0,0,False,False,False
642,CASH_OUT,450060.37,0.0,1,False,False,False
642,CASH_OUT,12453.39,0.0,0,False,False,False
643,TRANSFER,161147.38,0.0,1,False,False,False
643,CASH_OUT,40651.96,0.0,1,False,False,False
643,CASH_OUT,352179.76,0.0,1,False,False,False
644,CASH_OUT,13094.39,0.0,0,False,False,False
644,CASH_OUT,222250.07,0.0,0,False,False,False
644,CASH_OUT,167016.79,0.0,0,False,False,False
644,CASH_OUT,336002.24,0.0,0,False,False,False
644,TRANSFER,513610.51,0.0,1,False,False,False
644,CASH_OUT,4438931.81,0.9646862854096773,1,True,True,True
644,CASH_OUT,628033.58,0.03477329587685276,1,False,False,False
645,TRANSFER,326250.51,0.0,1,False,False,False
645,CASH_OUT,21990.52,0.0,1,False,False,False
646,TRANSFER,10000000.0,0.26785750086545496,1,True,False,False
646,TRANSFER,10000000.0,0.26785750086545496,1,True,False,False
646,TRANSFER,10000000.0,0.26785750086545496,1,True,False,False
647,CASH_OUT,1517771.48,0.796153234139012,1,True,True,False
648,TRANSFER,27584.17,0.0892070346247004,1,False,False,False
648,CASH_OUT,398045.73,0.0,1,False,False,False
648,CASH_OUT,1086227.44,0.5588474981867436,1,True,True,False
648,TRANSFER,1005346.72,0.08478137512208635,1,False,False,False
648,CASH_OUT,1005346.72,0.5838599279054243,1,True,True,False
648,CASH_OUT,468638.03,0.0,1,False,False,False
649,TRANSFER,177429.18,0.024467981267629654,1,False,False,False
650,CASH_OUT,1264551.38,0.9393152114382001,1,True,True,True
650,CASH_OUT,230652.43,0.024740342902150783,1,False,False,False
651,CASH_OUT,2935952.76,0.9999197409433792,1,True,True,True
651,CASH_OUT,9996886.64,0.9549362750224512,1,True,True,True
652,CASH_OUT,762782.66,0.7234860963539441,1,True,True,False
652,CASH_OUT,2054631.55,0.9997809853038783,1,True,True,True
652,TRANSFER,762782.66,0.46786944176533274,1,True,False,False
653,CASH_OUT,940957.88,0.9444389383361117,1,True,True,True
654,TRANSFER,1290224.84,0.9076318110185497,1,True,True,True
655,TRANSFER,253648.68,0.39229144403898536,1,True,False,False
656,CASH_OUT,143806.35,0.0,0,False,False,False
656,CASH_OUT,147886.17,0.0,0,False,False,False
656,TRANSFER,282266.15,0.04458001953725846,0,False,False,False
656,TRANSFER,197845.24,0.0,0,False,False,False
656,CASH_OUT,256754.16,0.004718026769868995,0,False,False,False
656,TRANSFER,5349.74,0.6847848554237959,1,True,True,False
656,CASH_OUT,79689.91,0.004934680030254792,0,False,False,False
656,CASH_OUT,9468064.05,0.9669060382821196,1,True,True,True
657,TRANSFER,2429711.09,0.004643485797510657,1,False,False,False
658,TRANSFER,619824.64,0.0,1,False,False,False
658,TRANSFER,24522.52,0.0,1,False,False,False
659,CASH_OUT,538803.65,0.0,0,False,False,False
659,CASH_OUT,288990.53,0.0,0,False,False,False
659,CASH_OUT,69032.49,0.0,0,False,False,False
659,TRANSFER,178882.74,0.0,0,False,False,False
659,CASH_OUT,159335.5,0.0,0,False,False,False
659,CASH_OUT,128375.92,0.0,0,False,False,False
659,CASH_OUT,188329.81,0.0,0,False,False,False
659,TRANSFER,204135.48,0.004956368595561519,0,False,False,False
659,TRANSFER,6291595.61,0.08425000545438589,0,False,False,False
659,CASH_OUT,1467987.57,0.7668542455656219,1,True,True,False
659,TRANSFER,50577.26,0.0,1,False,False,False
659,TRANSFER,420270.22,0.0,1,False,False,False
659,TRANSFER,120817.96,0.0,0,False,False,False
660,TRANSFER,6749.18,0.0,1,False,False,False
660,TRANSFER,48516.87,0.0,1,False,False,False
661,CASH_OUT,28300.32,0.0,0,False,False,False
661,TRANSFER,652764.24,0.0,0,False,False,False
661,CASH_OUT,131035.07,0.0,0,False,False,False
661,CASH_OUT,260840.09,0.0,0,False,False,False
661,TRANSFER,497133.95,0.0,0,False,False,False
661,CASH_OUT,6695070.79,0.995,1,True,True,True
661,CASH_OUT,2140888.35,0.9892415091902862,1,True,True,True
661,CASH_OUT,13300.25,0.0,0,False,False,False
661,CASH_OUT,128618.12,0.0,0,False,False,False
661,CASH_OUT,238858.95,0.0,0,False,False,False
661,TRANSFER,1361089.77,0.0,0,False,False,False
664,TRANSFER,1199264.49,0.0,0,False,False,False
664,CASH_OUT,193949.41,0.0,0,False,False,False
664,TRANSFER,64181.21,0.07931051476144273,1,False,False,False
664,CASH_OUT,639991.03,0.0,1,False,False,False
664,TRANSFER,878029.89,0.0,0,False,False,False
664,TRANSFER,639991.03,0.0,1,False,False,False
664,CASH_OUT,331729.06,0.0,1,False,False,False
664,TRANSFER,331729.06,0.009885988332871716,1,False,False,False
665,TRANSFER,40819.72,0.0,1,False,False,False
667,TRANSFER,373273.5,0.0,0,False,False,False
667,CASH_OUT,167869.26,0.0,0,False,False,False
667,TRANSFER,71554.74,0.014826154716291041,1,False,False,False
668,CASH_OUT,307455.42,0.0,1,False,False,False
668,TRANSFER,7539165.76,0.19319055102374139,1,True,False,False
670,CASH_OUT,10000000.0,0.9826503119547797,1,True,True,True
670,TRANSFER,2113271.99,0.08400153659045814,1,False,False,False
670,TRANSFER,318590.72,0.0,0,False,False,False
670,CASH_OUT,1938347.14,0.9341954500626938,1,True,True,True
670,TRANSFER,156958.56,0.019891046352979593,0,False,False,False
670,TRANSFER,1938347.14,0.01983480632154548,1,False,False,False
670,CASH_OUT,38161.62,0.21798278347762487,0,True,False,False
671,CASH_OUT,10000000.0,0.9826221989086603,1,True,True,True
672,TRANSFER,330756.72,0.004939567419948613,1,False,False,False
673,CASH_OUT,123372.27,0.004967638296629476,0,False,False,False
673,CASH_OUT,268605.45,0.0049734433665836195,0,False,False,False
673,CASH_OUT,897875.35,0.8878599682029643,1,True,True,False
674,TRANSFER,64083.54,0.33248422868784155,1,True,False,False
674,CASH_OUT,932922.6,0.939305442101765,1,True,True,True
674,TRANSFER,932922.6,0.7970428951083898,1,True,True,False
674,CASH_OUT,3288377.47,0.9898655486165466,1,True,True,True
674,CASH_OUT,306505.03,0.14866007125017527,1,True,False,False
675,CASH_OUT,43440.97,0.34662071529539695,1,True,False,False
675,TRANSFER,2772043.9,0.6627835296344641,1,True,True,False
675,TRANSFER,950766.15,0.7822347553418899,1,True,True,False
675,CASH_OUT,2772043.9,0.9948462078306021,1,True,True,True
675,TRANSFER,10000000.0,0.8634351993822088,1,True,True,False
678,TRANSFER,749316.7,0.42720981798988716,1,True,False,False
679,CASH_OUT,198383.8,0.14829501721584873,1,True,False,False
680,TRANSFER,28399.72,0.5507110035856622,1,True,True,False
681,CASH_OUT,58707.72,0.0,0,False,False,False
681,TRANSFER,822484.41,0.0,0,False,False,False
681,CASH_OUT,150982.8,0.0,0,False,False,False
681,TRANSFER,404061.99,0.028723257774789058,0,False,False,False
681,CASH_OUT,348712.51,0.0,0,False,False,False
681,TRANSFER,5327875.07,0.083884136217135,0,False,False,False
681,CASH_OUT,526272.9,0.0,0,False,False,False
681,CASH_OUT,210942.95,0.0,0,False,False,False
681,TRANSFER,826463.68,0.0,0,False,False,False
681,CASH_OUT,188420.63,0.0,0,False,False,False
683,CASH_OUT,93483.23,0.0,1,False,False,False
683,CASH_OUT,200736.77,0.0,0,False,False,False
684,TRANSFER,537025.01,0.0,1,False,False,False
684,CASH_OUT,78347.7,0.0,0,False,False,False
684,CASH_OUT,238252.57,0.0,0,False,False,False
684,TRANSFER,459.38,0.21840188117140313,1,True,False,False
684,CASH_OUT,114629.14,0.0,0,False,False,False
684,CASH_OUT,39140.0,0.0,0,False,False,False
684,CASH_OUT,400836.2,0.0,0,False,False,False
684,TRANSFER,300127.1,0.0,0,False,False,False
685,CASH_OUT,537539.97,0.0,1,False,False,False
686,CASH_OUT,451571.52,0.0,0,False,False,False
686,CASH_OUT,160088.68,0.0,1,False,False,False
686,TRANSFER,628031.14,0.352093662849309,0,True,False,False
686,CASH_OUT,84813.6,0.0,0,False,False,False
686,CASH_OUT,191862.1,0.0,0,False,False,False
686,CASH_OUT,1411271.23,0.7515072388985168,1,True,True,False
686,TRANSFER,134227.05,0.0,1,False,False,False
686,TRANSFER,22891.67,0.0,0,False,False,False
686,CASH_OUT,22192.43,0.0,0,False,False,False
686,CASH_OUT,289104.52,0.0,0,False,False,False
686,CASH_OUT,271023.89,0.0,0,False,False,False
687,TRANSFER,1741503.16,0.0099179720312653,0,False,False,False
687,CASH_OUT,91581.11,0.0,0,False,False,False
687,CASH_OUT,289724.3,0.0,0,False,False,False
687,CASH_OUT,384904.18,0.0,0,False,False,False
687,CASH_OUT,234052.4,0.0,0,False,False,False
687,CASH_OUT,97200.52,0.0,0,False,False,False
687,CASH_OUT,76448.63,0.0,0,False,False,False
687,CASH_OUT,290690.86,0.0,0,False,False,False
687,CASH_OUT,323551.59,0.0,0,False,False,False
687,CASH_OUT,435758.96,0.0,0,False,False,False
687,CASH_OUT,329415.71,0.0,0,False,False,False
687,CASH_OUT,222596.19,0.0,0,False,False,False
687,CASH_OUT,518397.89,0.0,0,False,False,False
687,TRANSFER,1218645.5,0.0,0,False,False,False
687,TRANSFER,1071758.57,0.01983461178195806,0,False,False,False
687,CASH_OUT,411741.6,0.0,0,False,False,False
687,CASH_OUT,308977.54,0.0,0,False,False,False
687,CASH_OUT,205955.87,0.0,0,False,False,False
687,CASH_OUT,338516.26,0.0,0,False,False,False
688,CASH_OUT,7442005.19,0.9949572395175172,1,True,True,True
688,TRANSFER,39959.4,0.0,0,False,False,False
688,TRANSFER,1269325.1,0.004985424208682807,0,False,False,False
688,CASH_OUT,87869.56,0.0,0,False,False,False
688,CASH_OUT,77489.76,0.0,0,False,False,False
688,CASH_OUT,82244.18,0.0,0,False,False,False
688,CASH_OUT,132137.46,0.0,0,False,False,False
688,CASH_OUT,158761.62,0.0,0,False,False,False
688,CASH_OUT,79529.3,0.0,0,False,False,False
688,CASH_OUT,265401.39,0.0,0,False,False,False
688,TRANSFER,52272.35,0.0,0,False,False,False
688,CASH_OUT,206064.82,0.0,0,False,False,False
688,CASH_OUT,203587.2,0.0,0,False,False,False
688,CASH_OUT,910.53,0.0,0,False,False,False
688,TRANSFER,495093.33,0.0,0,False,False,False
688,CASH_OUT,368971.02,0.0,0,False,False,False
688,CASH_OUT,298165.53,0.0,0,False,False,False
688,TRANSFER,311634.36,0.0,0,False,False,False
688,CASH_OUT,179580.91,0.0,0,False,False,False
688,TRANSFER,237995.71,0.0,0,False,False,False
688,CASH_OUT,169600.15,0.0,0,False,False,False
689,TRANSFER,291527.75,0.0,1,False,False,False
689,CASH_OUT,953615.38,0.41676501645781877,1,True,False,False
689,TRANSFER,276253.24,0.0,1,False,False,False
690,CASH_OUT,321330.52,0.0,0,False,False,False
690,TRANSFER,303014.97,0.0,0,False,False,False
690,CASH_OUT,582557.11,0.0,0,False,False,False
690,CASH_OUT,269444.8,0.0,0,False,False,False
690,CASH_OUT,115534.28,0.0,0,False,False,False
690,CASH_OUT,200972.04,0.0,0,False,False,False
690,TRANSFER,583576.89,0.0,0,False,False,False
690,CASH_OUT,365304.99,0.0,0,False,False,False
690,CASH_OUT,5610.66,0.0,0,False,False,False
690,TRANSFER,3574316.05,0.10405892865468568,1,True,False,False
690,CASH_OUT,61160.19,0.0,0,False,False,False
691,CASH_OUT,6847.48,0.0,0,False,False,False
691,CASH_OUT,162271.68,0.0,0,False,False,False
691,TRANSFER,572311.26,0.0,0,False,False,False
691,CASH_OUT,241361.27,0.0,0,False,False,False
691,CASH_OUT,141605.08,0.0,0,False,False,False
691,CASH_OUT,142589.48,0.0,0,False,False,False
691,TRANSFER,620261.01,0.0,0,False,False,False
691,CASH_OUT,96815.5,0.0,0,False,False,False
691,CASH_OUT,156502.51,0.0,0,False,False,False
691,CASH_OUT,58053.63,0.0,0,False,False,False
691,CASH_OUT,11088.38,0.0,0,False,False,False
691,CASH_OUT,11906.63,0.0,0,False,False,False
692,CASH_OUT,46072.33,0.0,1,False,False,False
692,TRANSFER,163490.28,0.08912595731232281,1,False,False,False
692,TRANSFER,349619.91,0.0,1,False,False,False
692,CASH_OUT,248179.65,0.0049781683091654795,0,False,False,False
692,CASH_OUT,255557.12,0.0,1,False,False,False
692,TRANSFER,120304.4,0.0,0,False,False,False
692,CASH_OUT,71665.02,0.0,0,False,False,False
692,CASH_OUT,98315.54,0.0,0,False,False,False
692,CASH_OUT,185089.07,0.0,0,False,False,False
692,TRANSFER,416972.95,0.0,0,False,False,False
694,TRANSFER,257811.92,0.0,1,False,False,False
694,CASH_OUT,348013.41,0.0,0,False,False,False
694,TRANSFER,6204.71,0.0,1,False,False,False
694,CASH_OUT,191444.83,0.0,0,False,False,False
694,CASH_OUT,283573.85,0.0,0,False,False,False
694,CASH_OUT,109917.19,0.0,0,False,False,False
694,CASH_OUT,10000000.0,0.9826503119547797,1,True,True,True
694,CASH_OUT,399102.57,0.0,0,False,False,False
694,TRANSFER,10000000.0,0.26785750086545496,1,True,False,False
694,CASH_OUT,33715.53,0.0,0,False,False,False
695,CASH_OUT,238962.29,0.0,0,False,False,False
695,CASH_OUT,494764.04,0.0,0,False,False,False
695,CASH_OUT,148712.01,0.0,0,False,False,False
695,CASH_OUT,286835.21,0.0,1,False,False,False
695,CASH_OUT,110980.97,0.0,0,False,False,False
695,CASH_OUT,5693.21,0.0,0,False,False,False
695,TRANSFER,48433.56,0.0,0,False,False,False
696,TRANSFER,343972.5,0.5947288514968764,1,True,True,False
697,TRANSFER,378623.9,0.019824899599733076,1,False,False,False
698,CASH_OUT,9097679.75,0.9848650189496274,1,True,True,True
698,CASH_OUT,2360965.74,0.9797242354039626,1,True,True,True
699,TRANSFER,148714.54,0.47720699610855943,1,True,False,False
700,CASH_OUT,113447.92,0.671300070736155,1,True,True,False
701,TRANSFER,306691.05,0.5525291673081723,1,True,True,False
701,TRANSFER,644314.67,0.7574969010985986,1,True,True,False
701,CASH_OUT,306691.05,0.39806422430584826,1,True,False,False
701,CASH_OUT,91882.6,0.6620742836396499,1,True,True,False
701,CASH_OUT,496420.67,0.8277142105029784,1,True,True,False
701,CASH_OUT,644314.67,0.7523336868869009,1,True,True,False
702,CASH_OUT,0.0,0.25913749918931206,1,True,False,False
702,CASH_OUT,308778.37,0.2580705143427647,1,True,False,False
702,CASH_OUT,573266.42,0.7863764031805479,1,True,True,False
702,TRANSFER,10000000.0,0.8586385647810516,1,True,True,False
702,TRANSFER,10000000.0,0.8586385647810516,1,True,True,False
704,CASH_OUT,1820864.64,0.8417920225956932,1,True,True,False
704,TRANSFER,158788.32,0.5711720614148997,1,True,True,False
705,CASH_OUT,62898.81,0.0,1,False,False,False
705,TRANSFER,404394.04,0.028723257774789058,1,False,False,False
705,CASH_OUT,230096.56,0.0,0,False,False,False
705,TRANSFER,579794.43,0.014892957455590826,0,False,False,False
706,TRANSFER,934590.45,0.0,1,False,False,False
707,TRANSFER,4676.42,0.0,1,False,False,False
707,CASH_OUT,98172.42,0.0,0,False,False,False
708,TRANSFER,1494146.93,0.0,1,False,False,False
708,TRANSFER,1735525.5,0.0,1,False,False,False
709,CASH_OUT,126596.73,0.0,0,False,False,False
709,CASH_OUT,71432.55,0.0,0,False,False,False
709,CASH_OUT,92827.33,0.0,0,False,False,False
709,CASH_OUT,249479.69,0.0,0,False,False,False
709,CASH_OUT,297496.61,0.0,0,False,False,False
710,CASH_OUT,10000000.0,0.9916948422895941,1,True,True,True
710,CASH_OUT,244396.81,0.0,0,False,False,False
710,CASH_OUT,218865.01,0.0,0,False,False,False
711,CASH_OUT,986623.96,0.5116116594880966,1,True,True,False
711,CASH_OUT,219407.52,0.0,1,False,False,False
711,TRANSFER,219407.52,0.0,1,False,False,False
711,CASH_OUT,2580055.17,0.9949666153581171,1,True,True,True
712,CASH_OUT,372703.48,0.0,1,False,False,False
712,CASH_OUT,16514.64,0.0,1,False,False,False
713,TRANSFER,4130371.73,0.0,1,False,False,False
714,CASH_OUT,390763.24,0.0,1,False,False,False
715,CASH_OUT,621080.67,0.0,1,False,False,False
715,CASH_OUT,1043.36,0.0,0,False,False,False
715,CASH_OUT,75590.37,0.0,0,False,False,False
715,CASH_OUT,10061.31,0.0,0,False,False,False
715,TRANSFER,413855.92,0.0,0,False,False,False
715,CASH_OUT,62684.42,0.0,0,False,False,False
715,CASH_OUT,103106.61,0.0,0,False,False,False
716,CASH_OUT,1897921.7,0.8938271278710743,1,True,True,False
717,CASH_OUT,103087.84,0.0,0,False,False,False
717,CASH_OUT,4056.7,0.0,0,False,False,False
717,CASH_OUT,78879.08,0.0,0,False,False,False
717,TRANSFER,751854.42,0.0,1,False,False,False
718,TRANSFER,10000000.0,0.26785750086545496,1,True,False,False
718,CASH_OUT,8851.38,0.009827333831974734,1,False,False,False
718,CASH_OUT,135289.71,0.0,1,False,False,False
718,CASH_OUT,115256.41,0.0,0,False,False,False
719,CASH_OUT,67299.57,0.0,1,False,False,False
719,TRANSFER,119306.06,0.2429727802739761,1,True,False,False
720,CASH_OUT,71439.81,0.0,1,False,False,False
720,CASH_OUT,79039.81,0.0,1,False,False,False
721,CASH_OUT,23639.56,0.09383561861240537,1,False,False,False
722,TRANSFER,21960.02,0.46613113910679255,1,True,False,False
722,TRANSFER,1158396.74,0.5281224187751253,1,True,True,False
723,TRANSFER,1232697.94,0.5232946475766898,1,True,True,False
723,TRANSFER,72955.08,0.32235147812451814,1,True,False,False
724,TRANSFER,309488.9,0.49237282219545686,1,True,False,False
724,CASH_OUT,89845.29,0.661736151608782,1,True,True,False
725,CASH_OUT,123259.24,0.6612705891685877,1,True,True,False
725,TRANSFER,123259.24,0.8275542542501857,1,True,True,False
726,TRANSFER,185529.91,0.36709962607396285,1,True,False,False
726,CASH_OUT,316882.94,0.3524121944988602,1,True,False,False
726,TRANSFER,1539474.57,0.8017819993974373,1,True,True,False
726,CASH_OUT,765104.94,0.6884059693193996,1,True,True,False
727,TRANSFER,6377401.2,0.8665646871169453,1,True,True,False
729,CASH_OUT,1102951.39,0.509736322003934,1,True,True,False
730,CASH_OUT,10000000.0,0.9924427944886892,1,True,True,True
731,CASH_OUT,219934.26,0.0,1,False,False,False
731,TRANSFER,219934.26,0.0,1,False,False,False
731,TRANSFER,429359.76,0.0,1,False,False,False
731,CASH_OUT,31887.18,0.0,1,False,False,False
733,TRANSFER,105903.18,0.0,1,False,False,False
734,CASH_OUT,1810044.85,0.9030833027789683,1,True,True,True
736,CASH_OUT,3912252.81,0.9999496943586528,1,True,True,True
736,CASH_OUT,172915.56,0.0,1,False,False,False
736,CASH_OUT,274799.58,0.0,1,False,False,False
738,CASH_OUT,114490.39,0.0,1,False,False,False
739,TRANSFER,176549.59,0.0,1,False,False,False
740,CASH_OUT,1755647.81,0.8882353242944576,1,True,True,False
741,CASH_OUT,144945.34,0.0,1,False,False,False
741,TRANSFER,144945.34,0.0,1,False,False,False
741,TRANSFER,62297.18,0.0,1,False,False,False
742,TRANSFER,54652.46,0.0,1,False,False,False
742,TRANSFER,4009058.39,0.05944634607701122,1,False,False,False
